{
    "program": "bin/ensemble.py",
    "single_program": "/slot/sandbox/d/in/script/0_script_unpacked/pretrains/bin/pretrain_ae___3803035d60eb42f890cd0c48aaf603d9.py",
    "config": {
        "seeds": [
            "5",
            "6",
            "7",
            "8",
            "9"
        ]
    },
    "prediction_type": "probs",
    "metrics": {
        "train": {
            "0": {
                "precision": 0.9066198402771096,
                "recall": 0.9529709228824274,
                "f1-score": 0.9292177214565717,
                "support": 19775
            },
            "1": {
                "precision": 0.8232611174458381,
                "recall": 0.6905786704925873,
                "f1-score": 0.7511053315994798,
                "support": 6273
            },
            "accuracy": 0.8897804054054054,
            "macro avg": {
                "precision": 0.8649404788614738,
                "recall": 0.8217747966875073,
                "f1-score": 0.8401615265280258,
                "support": 26048
            },
            "weighted avg": {
                "precision": 0.8865450065731567,
                "recall": 0.8897804054054054,
                "f1-score": 0.8863238708126244,
                "support": 26048
            },
            "roc_auc": 0.9451236179053246,
            "score": 0.9451236179053246
        },
        "val": {
            "0": {
                "precision": 0.8967841324860389,
                "recall": 0.9417593528816987,
                "f1-score": 0.9187216413493786,
                "support": 4945
            },
            "1": {
                "precision": 0.7818181818181819,
                "recall": 0.6581632653061225,
                "f1-score": 0.7146814404432134,
                "support": 1568
            },
            "accuracy": 0.8734838016275142,
            "macro avg": {
                "precision": 0.8393011571521104,
                "recall": 0.7999613090939106,
                "f1-score": 0.816701540896296,
                "support": 6513
            },
            "weighted avg": {
                "precision": 0.8691061637086399,
                "recall": 0.8734838016275142,
                "f1-score": 0.8695991117899027,
                "support": 6513
            },
            "roc_auc": 0.9311010400115556,
            "score": 0.9311010400115556
        },
        "test": {
            "0": {
                "precision": 0.8984639016897081,
                "recall": 0.9407318053880177,
                "f1-score": 0.9191121587114516,
                "support": 12435
            },
            "1": {
                "precision": 0.7739957068383931,
                "recall": 0.656266250650026,
                "f1-score": 0.7102856338820881,
                "support": 3846
            },
            "accuracy": 0.8735335667342301,
            "macro avg": {
                "precision": 0.8362298042640506,
                "recall": 0.7984990280190218,
                "f1-score": 0.8146988962967698,
                "support": 16281
            },
            "weighted avg": {
                "precision": 0.8690612435361452,
                "recall": 0.8735335667342301,
                "f1-score": 0.8697818464152947,
                "support": 16281
            },
            "roc_auc": 0.9283642387110844,
            "score": 0.9283642387110844
        }
    }
}
