{
    "program": "bin/ensemble.py",
    "single_program": "/slot/sandbox/d/in/script/0_script_unpacked/pretrains/bin/finetune___1fab40733ce14a71b3c31cfff50d49a7.py",
    "config": {
        "seeds": [
            "0",
            "1",
            "2",
            "3",
            "4"
        ]
    },
    "prediction_type": null,
    "metrics": {
        "train": {
            "rmse": 0.3597115239881659,
            "score": -0.3597115239881659
        },
        "val": {
            "rmse": 0.44685618126345755,
            "score": -0.44685618126345755
        },
        "test": {
            "rmse": 0.45503987506937205,
            "score": -0.45503987506937205
        }
    }
}
