{
    "program": "bin/ensemble.py",
    "single_program": "/home/irubachev/repos/pretrains/bin/finetune_ddp___0468f32e270c4d4397780b9bbfdf72f3.py",
    "config": {
        "seeds": [
            "0",
            "1",
            "2",
            "3",
            "4"
        ]
    },
    "prediction_type": null,
    "metrics": {
        "train": {
            "rmse": 0.7081815447534094,
            "score": -0.7081815447534094
        },
        "val": {
            "rmse": 0.7399717004904444,
            "score": -0.7399717004904444
        },
        "test": {
            "rmse": 0.7438814913884909,
            "score": -0.7438814913884909
        }
    }
}
