{
    "program": "bin/ensemble.py",
    "single_program": "/slot/sandbox/d/in/script/0_script_unpacked/pretrains/bin/pretrain_mask_supervised___68b7559fdcba4c0f97d7e6e53f83eb2d.py",
    "config": {
        "seeds": [
            "0",
            "1",
            "2",
            "3",
            "4"
        ]
    },
    "prediction_type": "probs",
    "metrics": {
        "train": {
            "0": {
                "precision": 0.8652482269503546,
                "recall": 0.9815541601255887,
                "f1-score": 0.9197388985933622,
                "support": 5096
            },
            "1": {
                "precision": 0.8481421647819063,
                "recall": 0.4026073619631902,
                "f1-score": 0.5460218408736349,
                "support": 1304
            },
            "accuracy": 0.86359375,
            "macro avg": {
                "precision": 0.8566951958661304,
                "recall": 0.6920807610443894,
                "f1-score": 0.7328803697334986,
                "support": 6400
            },
            "weighted avg": {
                "precision": 0.8617628667835333,
                "recall": 0.86359375,
                "f1-score": 0.8435940480829679,
                "support": 6400
            },
            "roc_auc": 0.8832786270477989,
            "score": 0.8832786270477989
        },
        "val": {
            "0": {
                "precision": 0.8665749656121046,
                "recall": 0.989010989010989,
                "f1-score": 0.9237536656891497,
                "support": 1274
            },
            "1": {
                "precision": 0.9041095890410958,
                "recall": 0.4049079754601227,
                "f1-score": 0.5593220338983051,
                "support": 326
            },
            "accuracy": 0.87,
            "macro avg": {
                "precision": 0.8853422773266002,
                "recall": 0.6969594822355558,
                "f1-score": 0.7415378497937275,
                "support": 1600
            },
            "weighted avg": {
                "precision": 0.8742226451357615,
                "recall": 0.87,
                "f1-score": 0.8495007207117651,
                "support": 1600
            },
            "roc_auc": 0.8824628482823048,
            "score": 0.8824628482823048
        },
        "test": {
            "0": {
                "precision": 0.8620120945574491,
                "recall": 0.9843063402385436,
                "f1-score": 0.9191090269636576,
                "support": 1593
            },
            "1": {
                "precision": 0.861878453038674,
                "recall": 0.3832923832923833,
                "f1-score": 0.5306122448979592,
                "support": 407
            },
            "accuracy": 0.862,
            "macro avg": {
                "precision": 0.8619452737980615,
                "recall": 0.6837993617654634,
                "f1-score": 0.7248606359308084,
                "support": 2000
            },
            "weighted avg": {
                "precision": 0.8619848985083783,
                "recall": 0.862,
                "f1-score": 0.840049931813288,
                "support": 2000
            },
            "roc_auc": 0.8652242381055939,
            "score": 0.8652242381055939
        }
    }
}
