{
    "program": "bin/ensemble.py",
    "single_program": "/slot/sandbox/d/in/script/0_script_unpacked/pretrains/bin/pretrain_ae___f7ebcc555481427490b0ed22c9a7dc96.py",
    "config": {
        "seeds": [
            "0",
            "1",
            "2",
            "3",
            "4"
        ]
    },
    "prediction_type": "probs",
    "metrics": {
        "train": {
            "0": {
                "precision": 0.9361930294906167,
                "recall": 0.9954389965792474,
                "f1-score": 0.9649074329925394,
                "support": 1754
            },
            "1": {
                "precision": 0.9867109634551495,
                "recall": 0.9310344827586207,
                "f1-score": 0.9580645161290322,
                "support": 638
            },
            "2": {
                "precision": 0.9992383853769993,
                "recall": 0.977645305514158,
                "f1-score": 0.9883239171374766,
                "support": 1342
            },
            "3": {
                "precision": 1.0,
                "recall": 0.9885057471264368,
                "f1-score": 0.9942196531791908,
                "support": 696
            },
            "4": {
                "precision": 0.9983783783783784,
                "recall": 0.9782838983050848,
                "f1-score": 0.9882289994649546,
                "support": 1888
            },
            "accuracy": 0.9792655903767015,
            "macro avg": {
                "precision": 0.9841041513402289,
                "recall": 0.9741816860567095,
                "f1-score": 0.9787489037806386,
                "support": 6318
            },
            "weighted avg": {
                "precision": 0.9802976353221334,
                "recall": 0.9792655903767015,
                "f1-score": 0.9793885288319533,
                "support": 6318
            },
            "score": 0.9792655903767015
        },
        "val": {
            "0": {
                "precision": 0.7263779527559056,
                "recall": 0.8405466970387244,
                "f1-score": 0.7793030623020064,
                "support": 439
            },
            "1": {
                "precision": 0.6717557251908397,
                "recall": 0.55,
                "f1-score": 0.604810996563574,
                "support": 160
            },
            "2": {
                "precision": 0.6823899371069182,
                "recall": 0.6477611940298508,
                "f1-score": 0.664624808575804,
                "support": 335
            },
            "3": {
                "precision": 0.6111111111111112,
                "recall": 0.5689655172413793,
                "f1-score": 0.5892857142857143,
                "support": 174
            },
            "4": {
                "precision": 0.7288503253796096,
                "recall": 0.711864406779661,
                "f1-score": 0.7202572347266882,
                "support": 472
            },
            "accuracy": 0.7018987341772152,
            "macro avg": {
                "precision": 0.6840970103088768,
                "recall": 0.6638275630179231,
                "f1-score": 0.6716563632907574,
                "support": 1580
            },
            "weighted avg": {
                "precision": 0.699564653882091,
                "recall": 0.7018987341772152,
                "f1-score": 0.6987533188293406,
                "support": 1580
            },
            "score": 0.7018987341772152
        },
        "test": {
            "0": {
                "precision": 0.7533557046979866,
                "recall": 0.8193430656934306,
                "f1-score": 0.784965034965035,
                "support": 548
            },
            "1": {
                "precision": 0.6686746987951807,
                "recall": 0.555,
                "f1-score": 0.6065573770491803,
                "support": 200
            },
            "2": {
                "precision": 0.6446078431372549,
                "recall": 0.6261904761904762,
                "f1-score": 0.6352657004830918,
                "support": 420
            },
            "3": {
                "precision": 0.5879396984924623,
                "recall": 0.5391705069124424,
                "f1-score": 0.5625,
                "support": 217
            },
            "4": {
                "precision": 0.7062706270627063,
                "recall": 0.7254237288135593,
                "f1-score": 0.7157190635451505,
                "support": 590
            },
            "accuracy": 0.6926582278481013,
            "macro avg": {
                "precision": 0.6721697144371181,
                "recall": 0.6530255555219818,
                "f1-score": 0.6610014352084915,
                "support": 1975
            },
            "weighted avg": {
                "precision": 0.6894135415650839,
                "recall": 0.6926582278481013,
                "f1-score": 0.6899345095013735,
                "support": 1975
            },
            "score": 0.6926582278481013
        }
    }
}
