{
    "program": "bin/ensemble.py",
    "single_program": "/slot/sandbox/d/in/script/0_script_unpacked/pretrains/bin/pretrain_mask___41a66d9e6e4a450aa73b706f17e60857.py",
    "config": {
        "seeds": [
            "10",
            "11",
            "12",
            "13",
            "14"
        ]
    },
    "prediction_type": null,
    "metrics": {
        "train": {
            "rmse": 0.26536080665176925,
            "score": -0.26536080665176925
        },
        "val": {
            "rmse": 0.4247115905590035,
            "score": -0.4247115905590035
        },
        "test": {
            "rmse": 0.42017168837044877,
            "score": -0.42017168837044877
        }
    }
}
