{
    "program": "bin/ensemble.py",
    "single_program": "/slot/sandbox/d/in/script/0_script_unpacked/pretrains/bin/pretrain_mask_supervised___26794a389b7d462b82307876cd14ffed.py",
    "config": {
        "seeds": [
            "0",
            "1",
            "2",
            "3",
            "4"
        ]
    },
    "prediction_type": null,
    "metrics": {
        "train": {
            "rmse": 0.30199603806911574,
            "score": -0.30199603806911574
        },
        "val": {
            "rmse": 0.42302594577912705,
            "score": -0.42302594577912705
        },
        "test": {
            "rmse": 0.42443108707975524,
            "score": -0.42443108707975524
        }
    }
}
