{
    "program": "bin/ensemble.py",
    "single_program": "/slot/sandbox/d/in/script/0_script_unpacked/pretrains/bin/finetune___e54e982369c5442f98f4c13f2013993a.py",
    "config": {
        "seeds": [
            "5",
            "6",
            "7",
            "8",
            "9"
        ]
    },
    "prediction_type": "probs",
    "metrics": {
        "train": {
            "0": {
                "precision": 0.9907568050438904,
                "recall": 0.9898287332753102,
                "f1-score": 0.9902925517195578,
                "support": 135578
            },
            "1": {
                "precision": 0.9926513182939142,
                "recall": 0.9923502029650547,
                "f1-score": 0.9925007377905999,
                "support": 181312
            },
            "2": {
                "precision": 0.9956708063669757,
                "recall": 0.9950616204877196,
                "f1-score": 0.9953661202185792,
                "support": 22882
            },
            "3": {
                "precision": 0.9760312151616499,
                "recall": 0.9954519613416714,
                "f1-score": 0.985645933014354,
                "support": 1759
            },
            "4": {
                "precision": 0.9726295210166178,
                "recall": 0.9827160493827161,
                "f1-score": 0.9776467698354213,
                "support": 6075
            },
            "5": {
                "precision": 0.9896981098271074,
                "recall": 0.9939721097615835,
                "f1-score": 0.9918305054313672,
                "support": 11115
            },
            "6": {
                "precision": 0.98618700667881,
                "recall": 0.9899436233429834,
                "f1-score": 0.9880617443540416,
                "support": 13126
            },
            "accuracy": 0.9914185135284136,
            "macro avg": {
                "precision": 0.9862321117698521,
                "recall": 0.9913320429367198,
                "f1-score": 0.9887634803377031,
                "support": 371847
            },
            "weighted avg": {
                "precision": 0.9914241871416889,
                "recall": 0.9914185135284136,
                "f1-score": 0.9914201129963351,
                "support": 371847
            },
            "score": 0.9914185135284136
        },
        "val": {
            "0": {
                "precision": 0.9676228176420194,
                "recall": 0.9663952321944888,
                "f1-score": 0.9670086353236401,
                "support": 33894
            },
            "1": {
                "precision": 0.9730761591596231,
                "recall": 0.9727541475467703,
                "f1-score": 0.9729151267086639,
                "support": 45328
            },
            "2": {
                "precision": 0.9698658770249086,
                "recall": 0.9732564237021499,
                "f1-score": 0.9715581922875589,
                "support": 5721
            },
            "3": {
                "precision": 0.9078651685393259,
                "recall": 0.9202733485193622,
                "f1-score": 0.914027149321267,
                "support": 439
            },
            "4": {
                "precision": 0.8938401048492791,
                "recall": 0.8979591836734694,
                "f1-score": 0.8958949096880132,
                "support": 1519
            },
            "5": {
                "precision": 0.9464094319399786,
                "recall": 0.9532205829435049,
                "f1-score": 0.9498027967013266,
                "support": 2779
            },
            "6": {
                "precision": 0.9656221478551871,
                "recall": 0.9670932358318098,
                "f1-score": 0.9663571319835591,
                "support": 3282
            },
            "accuracy": 0.9682128181407457,
            "macro avg": {
                "precision": 0.9463288152871889,
                "recall": 0.9501360220587937,
                "f1-score": 0.9482234202877182,
                "support": 92962
            },
            "weighted avg": {
                "precision": 0.9682272997018379,
                "recall": 0.9682128181407457,
                "f1-score": 0.9682190608287046,
                "support": 92962
            },
            "score": 0.9682128181407457
        },
        "test": {
            "0": {
                "precision": 0.9684606824047546,
                "recall": 0.9653748111782477,
                "f1-score": 0.9669152846893063,
                "support": 42368
            },
            "1": {
                "precision": 0.9717418513230032,
                "recall": 0.9728737579640317,
                "f1-score": 0.9723074752178362,
                "support": 56661
            },
            "2": {
                "precision": 0.9674140091909205,
                "recall": 0.9714725213256887,
                "f1-score": 0.969439017583031,
                "support": 7151
            },
            "3": {
                "precision": 0.8816254416961131,
                "recall": 0.9089253187613844,
                "f1-score": 0.8950672645739911,
                "support": 549
            },
            "4": {
                "precision": 0.8982418753329782,
                "recall": 0.8878357030015798,
                "f1-score": 0.8930084745762712,
                "support": 1899
            },
            "5": {
                "precision": 0.9446832903410719,
                "recall": 0.9490354160668011,
                "f1-score": 0.9468543521976444,
                "support": 3473
            },
            "6": {
                "precision": 0.9636803874092009,
                "recall": 0.9702584105314481,
                "f1-score": 0.966958211856171,
                "support": 4102
            },
            "accuracy": 0.9675567756426254,
            "macro avg": {
                "precision": 0.9422639339568631,
                "recall": 0.9465394198327403,
                "f1-score": 0.9443642972420359,
                "support": 116203
            },
            "weighted avg": {
                "precision": 0.9675590175375608,
                "recall": 0.9675567756426254,
                "f1-score": 0.9675545538536741,
                "support": 116203
            },
            "score": 0.9675567756426254
        }
    }
}
