{
    "program": "bin/ensemble.py",
    "single_program": "/slot/sandbox/d/in/script/0_script_unpacked/pretrains/bin/finetune___46e13ec7c6cf4337be7706bc9f46f178.py",
    "config": {
        "seeds": [
            "5",
            "6",
            "7",
            "8",
            "9"
        ]
    },
    "prediction_type": null,
    "metrics": {
        "train": {
            "rmse": 16350.285918664773,
            "score": -16350.285918664773
        },
        "val": {
            "rmse": 28814.529174607138,
            "score": -28814.529174607138
        },
        "test": {
            "rmse": 30033.62231574776,
            "score": -30033.62231574776
        }
    }
}
