{
    "program": "bin/ensemble.py",
    "single_program": "/slot/sandbox/d/in/script/0_script_unpacked/pretrains/bin/pretrain_ae___eddc178d1d994f2692071f2cacb6292c.py",
    "config": {
        "seeds": [
            "0",
            "1",
            "2",
            "3",
            "4"
        ]
    },
    "prediction_type": "probs",
    "metrics": {
        "train": {
            "0": {
                "precision": 0.9231517509727627,
                "recall": 0.7684210526315789,
                "f1-score": 0.8387096774193549,
                "support": 1235
            },
            "1": {
                "precision": 0.7901688095862853,
                "recall": 0.8755572785423532,
                "f1-score": 0.830674451749345,
                "support": 10318
            },
            "2": {
                "precision": 0.6967541129390841,
                "recall": 0.6118703631393987,
                "f1-score": 0.6515592515592515,
                "support": 5122
            },
            "3": {
                "precision": 0.828352490421456,
                "recall": 0.6277584204413472,
                "f1-score": 0.7142385199867857,
                "support": 1722
            },
            "4": {
                "precision": 0.9801587301587301,
                "recall": 0.9863091842555619,
                "f1-score": 0.9832243389252204,
                "support": 1753
            },
            "5": {
                "precision": 0.973914004642423,
                "recall": 0.9740216670351537,
                "f1-score": 0.9739678328635384,
                "support": 9046
            },
            "6": {
                "precision": 0.8469555677454745,
                "recall": 0.8497523390203633,
                "f1-score": 0.8483516483516483,
                "support": 1817
            },
            "7": {
                "precision": 0.9552919708029197,
                "recall": 0.966402067565073,
                "f1-score": 0.9608149031843626,
                "support": 5417
            },
            "8": {
                "precision": 0.9221222463543283,
                "recall": 0.9372437716808578,
                "f1-score": 0.9296215201751642,
                "support": 3171
            },
            "accuracy": 0.8709123506982147,
            "macro avg": {
                "precision": 0.8796521870692736,
                "recall": 0.8441484604790763,
                "f1-score": 0.8590180160238524,
                "support": 39601
            },
            "weighted avg": {
                "precision": 0.8700356203209142,
                "recall": 0.8709123506982147,
                "f1-score": 0.868716321834447,
                "support": 39601
            },
            "logloss": 0.334301293906298,
            "score": -0.334301293906298
        },
        "val": {
            "0": {
                "precision": 0.7021276595744681,
                "recall": 0.5357142857142857,
                "f1-score": 0.6077348066298341,
                "support": 308
            },
            "1": {
                "precision": 0.7504344803614876,
                "recall": 0.8368217054263566,
                "f1-score": 0.7912772585669783,
                "support": 2580
            },
            "2": {
                "precision": 0.616206589492431,
                "recall": 0.5402029664324747,
                "f1-score": 0.5757071547420965,
                "support": 1281
            },
            "3": {
                "precision": 0.7476635514018691,
                "recall": 0.5568445475638051,
                "f1-score": 0.6382978723404256,
                "support": 431
            },
            "4": {
                "precision": 0.9679633867276888,
                "recall": 0.9657534246575342,
                "f1-score": 0.9668571428571429,
                "support": 438
            },
            "5": {
                "precision": 0.95,
                "recall": 0.9407603890362511,
                "f1-score": 0.9453576188360728,
                "support": 2262
            },
            "6": {
                "precision": 0.7366167023554604,
                "recall": 0.7577092511013216,
                "f1-score": 0.7470141150922911,
                "support": 454
            },
            "7": {
                "precision": 0.9154624277456648,
                "recall": 0.9357459379615952,
                "f1-score": 0.9254930606281957,
                "support": 1354
            },
            "8": {
                "precision": 0.8555691554467564,
                "recall": 0.8814627994955864,
                "f1-score": 0.8683229813664596,
                "support": 793
            },
            "accuracy": 0.8198161801838199,
            "macro avg": {
                "precision": 0.8046715503450917,
                "recall": 0.7723350341543567,
                "f1-score": 0.7851180012288329,
                "support": 9901
            },
            "weighted avg": {
                "precision": 0.8170158897049387,
                "recall": 0.8198161801838199,
                "f1-score": 0.8164821123818652,
                "support": 9901
            },
            "logloss": 0.4558055518700793,
            "score": -0.4558055518700793
        },
        "test": {
            "0": {
                "precision": 0.7222222222222222,
                "recall": 0.538860103626943,
                "f1-score": 0.6172106824925816,
                "support": 386
            },
            "1": {
                "precision": 0.7555741360089187,
                "recall": 0.8408808933002482,
                "f1-score": 0.7959483264826777,
                "support": 3224
            },
            "2": {
                "precision": 0.6170212765957447,
                "recall": 0.5434103685196752,
                "f1-score": 0.5778811026237131,
                "support": 1601
            },
            "3": {
                "precision": 0.7047146401985112,
                "recall": 0.5278810408921933,
                "f1-score": 0.6036131774707757,
                "support": 538
            },
            "4": {
                "precision": 0.9727767695099818,
                "recall": 0.9781021897810219,
                "f1-score": 0.9754322111010009,
                "support": 548
            },
            "5": {
                "precision": 0.9543346414555833,
                "recall": 0.946232755571277,
                "f1-score": 0.9502664298401421,
                "support": 2827
            },
            "6": {
                "precision": 0.7231040564373897,
                "recall": 0.721830985915493,
                "f1-score": 0.722466960352423,
                "support": 568
            },
            "7": {
                "precision": 0.9161364950838635,
                "recall": 0.9356172474896634,
                "f1-score": 0.9257744009351256,
                "support": 1693
            },
            "8": {
                "precision": 0.8563162970106075,
                "recall": 0.8960645812310797,
                "f1-score": 0.8757396449704141,
                "support": 991
            },
            "accuracy": 0.8214285714285714,
            "macro avg": {
                "precision": 0.8024667260580914,
                "recall": 0.7698755740363994,
                "f1-score": 0.7827036595854282,
                "support": 12376
            },
            "weighted avg": {
                "precision": 0.8179600577072117,
                "recall": 0.8214285714285714,
                "f1-score": 0.8177769549185995,
                "support": 12376
            },
            "logloss": 0.45446486779971634,
            "score": -0.45446486779971634
        }
    }
}
