{
    "program": "bin/ensemble.py",
    "single_program": "/slot/sandbox/d/in/script/0_script_unpacked/pretrains/bin/pretrain_mask___dcf2a9eed3cf4f599157fa3320aeaa6f.py",
    "config": {
        "seeds": [
            "0",
            "1",
            "2",
            "3",
            "4"
        ]
    },
    "prediction_type": "probs",
    "metrics": {
        "train": {
            "0": {
                "precision": 0.9163689747981404,
                "recall": 0.9469532237673831,
                "f1-score": 0.9314100969907984,
                "support": 19775
            },
            "1": {
                "precision": 0.8131124176019954,
                "recall": 0.7275625697433445,
                "f1-score": 0.7679623085983511,
                "support": 6273
            },
            "accuracy": 0.8941185503685504,
            "macro avg": {
                "precision": 0.8647406962000679,
                "recall": 0.8372578967553639,
                "f1-score": 0.8496862027945747,
                "support": 26048
            },
            "weighted avg": {
                "precision": 0.8915022524666211,
                "recall": 0.8941185503685504,
                "f1-score": 0.8920478435899298,
                "support": 26048
            },
            "roc_auc": 0.9485351282753551,
            "score": 0.9485351282753551
        },
        "val": {
            "0": {
                "precision": 0.9005847953216374,
                "recall": 0.9342770475227502,
                "f1-score": 0.91712158808933,
                "support": 4945
            },
            "1": {
                "precision": 0.765003615328995,
                "recall": 0.6747448979591837,
                "f1-score": 0.717045069467977,
                "support": 1568
            },
            "accuracy": 0.8717948717948718,
            "macro avg": {
                "precision": 0.8327942053253161,
                "recall": 0.804510972740967,
                "f1-score": 0.8170833287786534,
                "support": 6513
            },
            "weighted avg": {
                "precision": 0.8679437251192017,
                "recall": 0.8717948717948718,
                "f1-score": 0.8689533121491669,
                "support": 6513
            },
            "roc_auc": 0.9321121623573595,
            "score": 0.9321121623573595
        },
        "test": {
            "0": {
                "precision": 0.9027615713730066,
                "recall": 0.9332529151588259,
                "f1-score": 0.9177540529853697,
                "support": 12435
            },
            "1": {
                "precision": 0.7577349678925861,
                "recall": 0.6749869994799792,
                "f1-score": 0.713971397139714,
                "support": 3846
            },
            "accuracy": 0.8722437196732388,
            "macro avg": {
                "precision": 0.8302482696327964,
                "recall": 0.8041199573194026,
                "f1-score": 0.8158627250625419,
                "support": 16281
            },
            "weighted avg": {
                "precision": 0.8685024769079432,
                "recall": 0.8722437196732388,
                "f1-score": 0.8696152350760035,
                "support": 16281
            },
            "roc_auc": 0.9283912329553095,
            "score": 0.9283912329553095
        }
    }
}
