{
    "program": "bin/ensemble.py",
    "single_program": "/slot/sandbox/d/in/script/0_script_unpacked/pretrains/bin/pretrain_contrastive___90df230b27f848e19f08b72a1003ed8e.py",
    "config": {
        "seeds": [
            "10",
            "11",
            "12",
            "13",
            "14"
        ]
    },
    "prediction_type": null,
    "metrics": {
        "train": {
            "rmse": 0.28641444756597806,
            "score": -0.28641444756597806
        },
        "val": {
            "rmse": 0.4326489664359467,
            "score": -0.4326489664359467
        },
        "test": {
            "rmse": 0.4307861014669733,
            "score": -0.4307861014669733
        }
    }
}
