{
    "program": "bin/ensemble.py",
    "single_program": "/slot/sandbox/d/in/script/0_script_unpacked/pretrains/bin/pretrain_mask_fast___4ca11882313249ceb3ba09f8e6c5bb09.py",
    "config": {
        "seeds": [
            "0",
            "1",
            "2",
            "3",
            "4"
        ]
    },
    "prediction_type": null,
    "metrics": {
        "train": {
            "rmse": 0.71766550384897,
            "score": -0.71766550384897
        },
        "val": {
            "rmse": 0.742989452115572,
            "score": -0.742989452115572
        },
        "test": {
            "rmse": 0.746154856461471,
            "score": -0.746154856461471
        }
    }
}
