{
    "program": "bin/ensemble.py",
    "single_program": "/slot/sandbox/d/in/script/0_script_unpacked/pretrains/bin/pretrain_ae_supervised___b8ca166f76294fb1add7a507fa42f611.py",
    "config": {
        "seeds": [
            "0",
            "1",
            "2",
            "3",
            "4"
        ]
    },
    "prediction_type": null,
    "metrics": {
        "train": {
            "rmse": 3.4411921225417244,
            "score": -3.4411921225417244
        },
        "val": {
            "rmse": 5.284221273199696,
            "score": -5.284221273199696
        },
        "test": {
            "rmse": 5.535528765370166,
            "score": -5.535528765370166
        }
    }
}
