{
    "program": "bin/ensemble.py",
    "single_program": "/slot/sandbox/d/in/script/0_script_unpacked/pretrains/bin/finetune___d20b915e43354c7eb4299c27c879a349.py",
    "config": {
        "seeds": [
            "10",
            "11",
            "12",
            "13",
            "14"
        ]
    },
    "prediction_type": "probs",
    "metrics": {
        "train": {
            "0": {
                "precision": 0.9246284501061571,
                "recall": 0.9931584948688712,
                "f1-score": 0.9576690489279824,
                "support": 1754
            },
            "1": {
                "precision": 0.9863713798977853,
                "recall": 0.9075235109717869,
                "f1-score": 0.9453061224489795,
                "support": 638
            },
            "2": {
                "precision": 0.9931921331316188,
                "recall": 0.9783904619970194,
                "f1-score": 0.9857357357357358,
                "support": 1342
            },
            "3": {
                "precision": 0.9985443959243085,
                "recall": 0.985632183908046,
                "f1-score": 0.9920462762111352,
                "support": 696
            },
            "4": {
                "precision": 0.9961915125136017,
                "recall": 0.9698093220338984,
                "f1-score": 0.9828234031132581,
                "support": 1888
            },
            "accuracy": 0.9735675846786958,
            "macro avg": {
                "precision": 0.9797855743146944,
                "recall": 0.9669027947559243,
                "f1-score": 0.9727161172874184,
                "support": 6318
            },
            "weighted avg": {
                "precision": 0.9749546628225099,
                "recall": 0.9735675846786958,
                "f1-score": 0.9736861298860825,
                "support": 6318
            },
            "score": 0.9735675846786958
        },
        "val": {
            "0": {
                "precision": 0.7148362235067437,
                "recall": 0.8451025056947609,
                "f1-score": 0.7745302713987473,
                "support": 439
            },
            "1": {
                "precision": 0.7024793388429752,
                "recall": 0.53125,
                "f1-score": 0.6049822064056939,
                "support": 160
            },
            "2": {
                "precision": 0.6878980891719745,
                "recall": 0.6447761194029851,
                "f1-score": 0.6656394453004623,
                "support": 335
            },
            "3": {
                "precision": 0.6481481481481481,
                "recall": 0.603448275862069,
                "f1-score": 0.625,
                "support": 174
            },
            "4": {
                "precision": 0.7262931034482759,
                "recall": 0.7139830508474576,
                "f1-score": 0.7200854700854702,
                "support": 472
            },
            "accuracy": 0.7050632911392405,
            "macro avg": {
                "precision": 0.6959309806236235,
                "recall": 0.6677119903614546,
                "f1-score": 0.6780474786380747,
                "support": 1580
            },
            "weighted avg": {
                "precision": 0.7039517587419697,
                "recall": 0.7050632911392405,
                "f1-score": 0.7015414545727582,
                "support": 1580
            },
            "score": 0.7050632911392405
        },
        "test": {
            "0": {
                "precision": 0.7302631578947368,
                "recall": 0.8102189781021898,
                "f1-score": 0.768166089965398,
                "support": 548
            },
            "1": {
                "precision": 0.6214689265536724,
                "recall": 0.55,
                "f1-score": 0.5835543766578251,
                "support": 200
            },
            "2": {
                "precision": 0.6716791979949874,
                "recall": 0.638095238095238,
                "f1-score": 0.6544566544566544,
                "support": 420
            },
            "3": {
                "precision": 0.6384180790960452,
                "recall": 0.5207373271889401,
                "f1-score": 0.5736040609137055,
                "support": 217
            },
            "4": {
                "precision": 0.7003257328990228,
                "recall": 0.7288135593220338,
                "f1-score": 0.7142857142857143,
                "support": 590
            },
            "accuracy": 0.6911392405063291,
            "macro avg": {
                "precision": 0.672431018887693,
                "recall": 0.6495730205416803,
                "f1-score": 0.6588133792558595,
                "support": 1975
            },
            "weighted avg": {
                "precision": 0.6877529947185874,
                "recall": 0.6911392405063291,
                "f1-score": 0.6878168810892372,
                "support": 1975
            },
            "score": 0.6911392405063291
        }
    }
}
