{
    "program": "bin/ensemble.py",
    "single_program": "/slot/sandbox/d/in/script/0_script_unpacked/pretrains/bin/pretrain_ae_mask___33576b238b9f432eb6c61662ac71a766.py",
    "config": {
        "seeds": [
            "10",
            "11",
            "12",
            "13",
            "14"
        ]
    },
    "prediction_type": null,
    "metrics": {
        "train": {
            "rmse": 12778.00317820995,
            "score": -12778.00317820995
        },
        "val": {
            "rmse": 26963.606698626652,
            "score": -26963.606698626652
        },
        "test": {
            "rmse": 29585.857346270546,
            "score": -29585.857346270546
        }
    }
}
