{
    "program": "bin/ensemble.py",
    "single_program": "/slot/sandbox/d/in/script/0_script_unpacked/pretrains/bin/pretrain_ae_mask___a363ae2026214ed986160e2266cd1bc5.py",
    "config": {
        "seeds": [
            "0",
            "1",
            "2",
            "3",
            "4"
        ]
    },
    "prediction_type": "probs",
    "metrics": {
        "train": {
            "0": {
                "precision": 0.9903701073932724,
                "recall": 0.9876381123781145,
                "f1-score": 0.9890022231906109,
                "support": 135578
            },
            "1": {
                "precision": 0.9910461413001553,
                "recall": 0.9919972202612072,
                "f1-score": 0.9915214527092211,
                "support": 181312
            },
            "2": {
                "precision": 0.9947483588621444,
                "recall": 0.9933572240188795,
                "f1-score": 0.9940523047319164,
                "support": 22882
            },
            "3": {
                "precision": 0.9763513513513513,
                "recall": 0.9857873791927232,
                "f1-score": 0.9810466760961811,
                "support": 1759
            },
            "4": {
                "precision": 0.965980884497003,
                "recall": 0.9815637860082305,
                "f1-score": 0.9737099934683213,
                "support": 6075
            },
            "5": {
                "precision": 0.9879917555336499,
                "recall": 0.9919028340080972,
                "f1-score": 0.9899434318038969,
                "support": 11115
            },
            "6": {
                "precision": 0.9840897037654368,
                "recall": 0.9895626999847631,
                "f1-score": 0.9868186134852802,
                "support": 13126
            },
            "accuracy": 0.9902029598194957,
            "macro avg": {
                "precision": 0.9843683289575733,
                "recall": 0.9888298936931449,
                "f1-score": 0.9865849564979182,
                "support": 371847
            },
            "weighted avg": {
                "precision": 0.9902116033040214,
                "recall": 0.9902029598194957,
                "f1-score": 0.990204943336663,
                "support": 371847
            },
            "score": 0.9902029598194957
        },
        "val": {
            "0": {
                "precision": 0.9683503079109427,
                "recall": 0.9649790523396471,
                "f1-score": 0.9666617408009457,
                "support": 33894
            },
            "1": {
                "precision": 0.9720196523386724,
                "recall": 0.9733277444405224,
                "f1-score": 0.9726732585954122,
                "support": 45328
            },
            "2": {
                "precision": 0.9698658770249086,
                "recall": 0.9732564237021499,
                "f1-score": 0.9715581922875589,
                "support": 5721
            },
            "3": {
                "precision": 0.910958904109589,
                "recall": 0.908883826879271,
                "f1-score": 0.9099201824401368,
                "support": 439
            },
            "4": {
                "precision": 0.8923177938279712,
                "recall": 0.8946675444371297,
                "f1-score": 0.8934911242603552,
                "support": 1519
            },
            "5": {
                "precision": 0.9484425349087003,
                "recall": 0.9532205829435049,
                "f1-score": 0.9508255563531945,
                "support": 2779
            },
            "6": {
                "precision": 0.9633555420956996,
                "recall": 0.9692260816575259,
                "f1-score": 0.9662818955042528,
                "support": 3282
            },
            "accuracy": 0.9679438910522579,
            "macro avg": {
                "precision": 0.9464729446023549,
                "recall": 0.9482230366285359,
                "f1-score": 0.9473445643202651,
                "support": 92962
            },
            "weighted avg": {
                "precision": 0.9679478840967116,
                "recall": 0.9679438910522579,
                "f1-score": 0.9679438943481249,
                "support": 92962
            },
            "score": 0.9679438910522579
        },
        "test": {
            "0": {
                "precision": 0.9684680406496343,
                "recall": 0.9627077039274925,
                "f1-score": 0.9655792812840301,
                "support": 42368
            },
            "1": {
                "precision": 0.9699827568005067,
                "recall": 0.9729443532588553,
                "f1-score": 0.9714612978545311,
                "support": 56661
            },
            "2": {
                "precision": 0.96644855909787,
                "recall": 0.9707733184170046,
                "f1-score": 0.9686061113436584,
                "support": 7151
            },
            "3": {
                "precision": 0.9019963702359347,
                "recall": 0.9052823315118397,
                "f1-score": 0.9036363636363637,
                "support": 549
            },
            "4": {
                "precision": 0.8911205073995772,
                "recall": 0.8878357030015798,
                "f1-score": 0.8894750725402268,
                "support": 1899
            },
            "5": {
                "precision": 0.9435853379152348,
                "recall": 0.9487474805643535,
                "f1-score": 0.946159368269921,
                "support": 3473
            },
            "6": {
                "precision": 0.962273276904474,
                "recall": 0.970014627011214,
                "f1-score": 0.9661284448221439,
                "support": 4102
            },
            "accuracy": 0.9665413113258694,
            "macro avg": {
                "precision": 0.9434106927147475,
                "recall": 0.9454722168131914,
                "f1-score": 0.944435134250125,
                "support": 116203
            },
            "weighted avg": {
                "precision": 0.9665419247926402,
                "recall": 0.9665413113258694,
                "f1-score": 0.9665362665546327,
                "support": 116203
            },
            "score": 0.9665413113258694
        }
    }
}
