{
    "program": "bin/ensemble.py",
    "single_program": "/slot/sandbox/d/in/script/0_script_unpacked/pretrains/bin/pretrain_ae___90f342c837b64ae78dbfdf92b41fd994.py",
    "config": {
        "seeds": [
            "5",
            "6",
            "7",
            "8",
            "9"
        ]
    },
    "prediction_type": null,
    "metrics": {
        "train": {
            "rmse": 1.0125696604705217,
            "score": -1.0125696604705217
        },
        "val": {
            "rmse": 4.793744191321707,
            "score": -4.793744191321707
        },
        "test": {
            "rmse": 5.0771546561823,
            "score": -5.0771546561823
        }
    }
}
