{
    "program": "bin/ensemble.py",
    "single_program": "/slot/sandbox/d/in/script/0_script_unpacked/pretrains/bin/pretrain_mask_supervised___2b0121e384f142c8b38b2f740a98d256.py",
    "config": {
        "seeds": [
            "0",
            "1",
            "2",
            "3",
            "4"
        ]
    },
    "prediction_type": "probs",
    "metrics": {
        "train": {
            "0": {
                "precision": 0.7692614903318135,
                "recall": 0.7813535257927118,
                "f1-score": 0.7752603598919987,
                "support": 29582
            },
            "1": {
                "precision": 0.8022260273972602,
                "recall": 0.7909795290783563,
                "f1-score": 0.7965630835091768,
                "support": 33169
            },
            "accuracy": 0.7864416503322657,
            "macro avg": {
                "precision": 0.7857437588645368,
                "recall": 0.7861665274355341,
                "f1-score": 0.7859117217005878,
                "support": 62751
            },
            "weighted avg": {
                "precision": 0.786685925479043,
                "recall": 0.7864416503322657,
                "f1-score": 0.7865205794846454,
                "support": 62751
            },
            "roc_auc": 0.8721370001935925,
            "score": 0.8721370001935925
        },
        "val": {
            "0": {
                "precision": 0.7268668831168831,
                "recall": 0.7264737696051919,
                "f1-score": 0.726670273194482,
                "support": 7396
            },
            "1": {
                "precision": 0.7561475409836066,
                "recall": 0.7565123010130246,
                "f1-score": 0.7563298770195322,
                "support": 8292
            },
            "accuracy": 0.7423508414074452,
            "macro avg": {
                "precision": 0.7415072120502448,
                "recall": 0.7414930353091083,
                "f1-score": 0.7415000751070071,
                "support": 15688
            },
            "weighted avg": {
                "precision": 0.7423433756609212,
                "recall": 0.7423508414074452,
                "f1-score": 0.7423470602238877,
                "support": 15688
            },
            "roc_auc": 0.8251131887825051,
            "score": 0.8251131887825051
        },
        "test": {
            "0": {
                "precision": 0.7192755498059509,
                "recall": 0.7216873985938345,
                "f1-score": 0.7204794557529292,
                "support": 9245
            },
            "1": {
                "precision": 0.7510160634797755,
                "recall": 0.7487698986975398,
                "f1-score": 0.7498912990965748,
                "support": 10365
            },
            "accuracy": 0.7360020397756247,
            "macro avg": {
                "precision": 0.7351458066428631,
                "recall": 0.7352286486456872,
                "f1-score": 0.735185377424752,
                "support": 19610
            },
            "weighted avg": {
                "precision": 0.7360522160083574,
                "recall": 0.7360020397756247,
                "f1-score": 0.7360252872805623,
                "support": 19610
            },
            "roc_auc": 0.8185818438253085,
            "score": 0.8185818438253085
        }
    }
}
