{
    "program": "bin/ensemble.py",
    "single_program": "/slot/sandbox/d/in/script/0_script_unpacked/pretrains/bin/pretrain_ae___dbf3b5cba2e54f98879532c99ffbffda.py",
    "config": {
        "seeds": [
            "0",
            "1",
            "2",
            "3",
            "4"
        ]
    },
    "prediction_type": "probs",
    "metrics": {
        "train": {
            "0": {
                "precision": 0.8894143324845398,
                "recall": 0.9595761381475667,
                "f1-score": 0.9231640551255427,
                "support": 5096
            },
            "1": {
                "precision": 0.7716186252771619,
                "recall": 0.5337423312883436,
                "f1-score": 0.6310063463281959,
                "support": 1304
            },
            "accuracy": 0.8728125,
            "macro avg": {
                "precision": 0.8305164788808508,
                "recall": 0.7466592347179551,
                "f1-score": 0.7770852007268693,
                "support": 6400
            },
            "weighted avg": {
                "precision": 0.8654134571410366,
                "recall": 0.8728125,
                "f1-score": 0.8636369219580832,
                "support": 6400
            },
            "roc_auc": 0.8892464076239275,
            "score": 0.8892464076239275
        },
        "val": {
            "0": {
                "precision": 0.8841419261404779,
                "recall": 0.9583987441130298,
                "f1-score": 0.919774011299435,
                "support": 1274
            },
            "1": {
                "precision": 0.7579908675799086,
                "recall": 0.50920245398773,
                "f1-score": 0.6091743119266054,
                "support": 326
            },
            "accuracy": 0.866875,
            "macro avg": {
                "precision": 0.8210663968601932,
                "recall": 0.73380059905038,
                "f1-score": 0.7644741616130202,
                "support": 1600
            },
            "weighted avg": {
                "precision": 0.858438647958762,
                "recall": 0.866875,
                "f1-score": 0.8564893225522211,
                "support": 1600
            },
            "roc_auc": 0.8803006809141779,
            "score": 0.8803006809141779
        },
        "test": {
            "0": {
                "precision": 0.8790322580645161,
                "recall": 0.9579409918392969,
                "f1-score": 0.9167918293781917,
                "support": 1593
            },
            "1": {
                "precision": 0.7462121212121212,
                "recall": 0.48402948402948404,
                "f1-score": 0.587183308494784,
                "support": 407
            },
            "accuracy": 0.8615,
            "macro avg": {
                "precision": 0.8126221896383187,
                "recall": 0.7209852379343905,
                "f1-score": 0.7519875689364879,
                "support": 2000
            },
            "weighted avg": {
                "precision": 0.8520033602150537,
                "recall": 0.8615,
                "f1-score": 0.8497164953784182,
                "support": 2000
            },
            "roc_auc": 0.8656884928071368,
            "score": 0.8656884928071368
        }
    }
}
