{
    "program": "bin/ensemble.py",
    "single_program": "/slot/sandbox/d/in/script/0_script_unpacked/pretrains/bin/pretrain_ae_supervised___0d04e4a17d1e4688b3fad8ff7b6213eb.py",
    "config": {
        "seeds": [
            "5",
            "6",
            "7",
            "8",
            "9"
        ]
    },
    "prediction_type": null,
    "metrics": {
        "train": {
            "rmse": 15474.768740586063,
            "score": -15474.768740586063
        },
        "val": {
            "rmse": 26445.656366301875,
            "score": -26445.656366301875
        },
        "test": {
            "rmse": 29657.28809852865,
            "score": -29657.28809852865
        }
    }
}
