{
    "program": "bin/ensemble.py",
    "single_program": "/slot/sandbox/d/in/script/0_script_unpacked/pretrains/bin/finetune___cf5dbcf3248c4182b9d84267c7b48a37.py",
    "config": {
        "seeds": [
            "5",
            "6",
            "7",
            "8",
            "9"
        ]
    },
    "prediction_type": "probs",
    "metrics": {
        "train": {
            "0": {
                "precision": 0.7588684021482571,
                "recall": 0.7499154891488067,
                "f1-score": 0.7543653829805321,
                "support": 29582
            },
            "1": {
                "precision": 0.7792827734351692,
                "recall": 0.7874822876782538,
                "f1-score": 0.783361074872164,
                "support": 33169
            },
            "accuracy": 0.769772593265446,
            "macro avg": {
                "precision": 0.7690755877917131,
                "recall": 0.7686988884135302,
                "f1-score": 0.7688632289263481,
                "support": 62751
            },
            "weighted avg": {
                "precision": 0.7696590553843106,
                "recall": 0.769772593265446,
                "f1-score": 0.7696919611124111,
                "support": 62751
            },
            "roc_auc": 0.8557378413744863,
            "score": 0.8557378413744863
        },
        "val": {
            "0": {
                "precision": 0.7262880155533954,
                "recall": 0.7071389940508382,
                "f1-score": 0.716585599780777,
                "support": 7396
            },
            "1": {
                "precision": 0.7447861435136091,
                "recall": 0.7623010130246021,
                "f1-score": 0.753441802252816,
                "support": 8292
            },
            "accuracy": 0.7362952575216726,
            "macro avg": {
                "precision": 0.7355370795335022,
                "recall": 0.7347200035377202,
                "f1-score": 0.7350137010167965,
                "support": 15688
            },
            "weighted avg": {
                "precision": 0.736065327960719,
                "recall": 0.7362952575216726,
                "f1-score": 0.7360661983846875,
                "support": 15688
            },
            "roc_auc": 0.819841234046017,
            "score": 0.819841234046017
        },
        "test": {
            "0": {
                "precision": 0.7185891116223025,
                "recall": 0.709572742022715,
                "f1-score": 0.7140524654402961,
                "support": 9245
            },
            "1": {
                "precision": 0.7438221543745825,
                "recall": 0.7521466473709599,
                "f1-score": 0.7479612395663436,
                "support": 10365
            },
            "accuracy": 0.7320754716981132,
            "macro avg": {
                "precision": 0.7312056329984425,
                "recall": 0.7308596946968375,
                "f1-score": 0.7310068525033199,
                "support": 19610
            },
            "weighted avg": {
                "precision": 0.7319262094360395,
                "recall": 0.7320754716981132,
                "f1-score": 0.7319751805762718,
                "support": 19610
            },
            "roc_auc": 0.8141477655618596,
            "score": 0.8141477655618596
        }
    }
}
