{
    "program": "bin/ensemble.py",
    "single_program": "/slot/sandbox/d/in/script/0_script_unpacked/pretrains/bin/pretrain_ae___94bf34cd903b4e7492eacd2991b7b811.py",
    "config": {
        "seeds": [
            "5",
            "6",
            "7",
            "8",
            "9"
        ]
    },
    "prediction_type": "probs",
    "metrics": {
        "train": {
            "0": {
                "precision": 0.8702359346642469,
                "recall": 0.7765182186234818,
                "f1-score": 0.8207103123662816,
                "support": 1235
            },
            "1": {
                "precision": 0.7996707391040637,
                "recall": 0.894456289978678,
                "f1-score": 0.8444119127132989,
                "support": 10318
            },
            "2": {
                "precision": 0.7235629662132514,
                "recall": 0.6438891058180398,
                "f1-score": 0.681404958677686,
                "support": 5122
            },
            "3": {
                "precision": 0.8564437194127243,
                "recall": 0.6097560975609756,
                "f1-score": 0.712347354138399,
                "support": 1722
            },
            "4": {
                "precision": 0.9816618911174785,
                "recall": 0.9771819737592699,
                "f1-score": 0.9794168096054889,
                "support": 1753
            },
            "5": {
                "precision": 0.9710816777041943,
                "recall": 0.9725845677647579,
                "f1-score": 0.9718325416988843,
                "support": 9046
            },
            "6": {
                "precision": 0.8514908256880734,
                "recall": 0.8172812328013208,
                "f1-score": 0.8340353833192923,
                "support": 1817
            },
            "7": {
                "precision": 0.9506398537477148,
                "recall": 0.9599409267122023,
                "f1-score": 0.9552677505281528,
                "support": 5417
            },
            "8": {
                "precision": 0.9328050713153724,
                "recall": 0.9280983916745507,
                "f1-score": 0.9304457793234271,
                "support": 3171
            },
            "accuracy": 0.8756092017878336,
            "macro avg": {
                "precision": 0.8819547421074577,
                "recall": 0.8421896449659196,
                "f1-score": 0.8588747558189901,
                "support": 39601
            },
            "weighted avg": {
                "precision": 0.8753967731614805,
                "recall": 0.8756092017878336,
                "f1-score": 0.8735063204238499,
                "support": 39601
            },
            "logloss": 0.33668650931951094,
            "score": -0.33668650931951094
        },
        "val": {
            "0": {
                "precision": 0.6790123456790124,
                "recall": 0.5357142857142857,
                "f1-score": 0.5989110707803993,
                "support": 308
            },
            "1": {
                "precision": 0.7474367737525632,
                "recall": 0.8476744186046512,
                "f1-score": 0.7944061024337088,
                "support": 2580
            },
            "2": {
                "precision": 0.6325622775800712,
                "recall": 0.5550351288056206,
                "f1-score": 0.5912681912681913,
                "support": 1281
            },
            "3": {
                "precision": 0.7422680412371134,
                "recall": 0.5011600928074246,
                "f1-score": 0.5983379501385042,
                "support": 431
            },
            "4": {
                "precision": 0.9745370370370371,
                "recall": 0.9611872146118722,
                "f1-score": 0.967816091954023,
                "support": 438
            },
            "5": {
                "precision": 0.946126447016919,
                "recall": 0.9394341290893015,
                "f1-score": 0.942768411712511,
                "support": 2262
            },
            "6": {
                "precision": 0.72,
                "recall": 0.7136563876651982,
                "f1-score": 0.7168141592920354,
                "support": 454
            },
            "7": {
                "precision": 0.9175108538350217,
                "recall": 0.9364844903988183,
                "f1-score": 0.9269005847953217,
                "support": 1354
            },
            "8": {
                "precision": 0.8599752168525403,
                "recall": 0.8751576292559899,
                "f1-score": 0.8674999999999999,
                "support": 793
            },
            "accuracy": 0.8192101807898192,
            "macro avg": {
                "precision": 0.8021587769989197,
                "recall": 0.7628337529947958,
                "f1-score": 0.7783025069305216,
                "support": 9901
            },
            "weighted avg": {
                "precision": 0.8166738481502063,
                "recall": 0.8192101807898192,
                "f1-score": 0.8154894131203507,
                "support": 9901
            },
            "logloss": 0.4694866738218428,
            "score": -0.4694866738218428
        },
        "test": {
            "0": {
                "precision": 0.6741214057507987,
                "recall": 0.5466321243523317,
                "f1-score": 0.6037195994277539,
                "support": 386
            },
            "1": {
                "precision": 0.7506902263942573,
                "recall": 0.8433622828784119,
                "f1-score": 0.794332456909144,
                "support": 3224
            },
            "2": {
                "precision": 0.6085714285714285,
                "recall": 0.5321673953778888,
                "f1-score": 0.5678107297567477,
                "support": 1601
            },
            "3": {
                "precision": 0.7430025445292621,
                "recall": 0.5427509293680297,
                "f1-score": 0.6272824919441461,
                "support": 538
            },
            "4": {
                "precision": 0.977859778597786,
                "recall": 0.9671532846715328,
                "f1-score": 0.9724770642201834,
                "support": 548
            },
            "5": {
                "precision": 0.9462707670554966,
                "recall": 0.9469402193137602,
                "f1-score": 0.9466053748231966,
                "support": 2827
            },
            "6": {
                "precision": 0.7457627118644068,
                "recall": 0.6971830985915493,
                "f1-score": 0.7206551410373067,
                "support": 568
            },
            "7": {
                "precision": 0.9103009259259259,
                "recall": 0.9291199054932073,
                "f1-score": 0.9196141479099679,
                "support": 1693
            },
            "8": {
                "precision": 0.8605108055009824,
                "recall": 0.8839556004036327,
                "f1-score": 0.8720756595321056,
                "support": 991
            },
            "accuracy": 0.8181965093729799,
            "macro avg": {
                "precision": 0.8018989549100382,
                "recall": 0.7654738711611494,
                "f1-score": 0.7805080739511725,
                "support": 12376
            },
            "weighted avg": {
                "precision": 0.8147194482817566,
                "recall": 0.8181965093729799,
                "f1-score": 0.8144750519065623,
                "support": 12376
            },
            "logloss": 0.46504704751226017,
            "score": -0.46504704751226017
        }
    }
}
