{
    "program": "bin/ensemble.py",
    "single_program": "/slot/sandbox/d/in/script/0_script_unpacked/pretrains/bin/pretrain_mask_supervised___d09c8b4c545b417d8c7cfdb56cf8edf1.py",
    "config": {
        "seeds": [
            "0",
            "1",
            "2",
            "3",
            "4"
        ]
    },
    "prediction_type": "probs",
    "metrics": {
        "train": {
            "0": {
                "precision": 0.9082240185875405,
                "recall": 0.9488242730720606,
                "f1-score": 0.9280803284364644,
                "support": 19775
            },
            "1": {
                "precision": 0.8122100575245871,
                "recall": 0.6977522716403635,
                "f1-score": 0.7506431143886124,
                "support": 6273
            },
            "accuracy": 0.8883599508599509,
            "macro avg": {
                "precision": 0.8602170380560639,
                "recall": 0.823288272356212,
                "f1-score": 0.8393617214125384,
                "support": 26048
            },
            "weighted avg": {
                "precision": 0.8851014918005354,
                "recall": 0.8883599508599509,
                "f1-score": 0.8853490767579411,
                "support": 26048
            },
            "roc_auc": 0.9456352964957477,
            "score": 0.9456352964957477
        },
        "val": {
            "0": {
                "precision": 0.8959738008090926,
                "recall": 0.9405460060667341,
                "f1-score": 0.9177190213101816,
                "support": 4945
            },
            "1": {
                "precision": 0.7776096822995462,
                "recall": 0.6556122448979592,
                "f1-score": 0.7114186851211073,
                "support": 1568
            },
            "accuracy": 0.8719484108705665,
            "macro avg": {
                "precision": 0.8367917415543193,
                "recall": 0.7980791254823467,
                "f1-score": 0.8145688532156444,
                "support": 6513
            },
            "weighted avg": {
                "precision": 0.8674777256021268,
                "recall": 0.8719484108705665,
                "f1-score": 0.8680523658296858,
                "support": 6513
            },
            "roc_auc": 0.9319281226140608,
            "score": 0.9319281226140608
        },
        "test": {
            "0": {
                "precision": 0.8985083807473474,
                "recall": 0.9397667872939284,
                "f1-score": 0.9186745804017137,
                "support": 12435
            },
            "1": {
                "precision": 0.7712977099236641,
                "recall": 0.656786271450858,
                "f1-score": 0.7094509198146327,
                "support": 3846
            },
            "accuracy": 0.8729193538480438,
            "macro avg": {
                "precision": 0.8349030453355057,
                "recall": 0.7982765293723932,
                "f1-score": 0.8140627501081732,
                "support": 16281
            },
            "weighted avg": {
                "precision": 0.8684578777077376,
                "recall": 0.8729193538480438,
                "f1-score": 0.8692504542044338,
                "support": 16281
            },
            "roc_auc": 0.9272940246118089,
            "score": 0.9272940246118089
        }
    }
}
