{
    "program": "bin/ensemble.py",
    "single_program": "/slot/sandbox/d/in/script/0_script_unpacked/pretrains/bin/pretrain_mask___334e273a2d4246b688f8e74b8a1cdf6f.py",
    "config": {
        "seeds": [
            "0",
            "1",
            "2",
            "3",
            "4"
        ]
    },
    "prediction_type": null,
    "metrics": {
        "train": {
            "rmse": 3.5550069543594067,
            "score": -3.5550069543594067
        },
        "val": {
            "rmse": 5.227697850490741,
            "score": -5.227697850490741
        },
        "test": {
            "rmse": 5.55753411864855,
            "score": -5.55753411864855
        }
    }
}
