{
    "program": "bin/ensemble.py",
    "single_program": "/slot/sandbox/d/in/script/0_script_unpacked/pretrains/bin/pretrain_mask_supervised_fast___4f643edbe1e143c690241bc155a29af9.py",
    "config": {
        "seeds": [
            "5",
            "6",
            "7",
            "8",
            "9"
        ]
    },
    "prediction_type": null,
    "metrics": {
        "train": {
            "rmse": 3.6283772974518387,
            "score": -3.6283772974518387
        },
        "val": {
            "rmse": 5.144144750902405,
            "score": -5.144144750902405
        },
        "test": {
            "rmse": 5.442716741903344,
            "score": -5.442716741903344
        }
    }
}
