{
    "program": "bin/ensemble.py",
    "single_program": "/slot/sandbox/d/in/script/0_script_unpacked/pretrains/bin/finetune_ddp___572eee8288b549949945f0283c1e5aa7.py",
    "config": {
        "seeds": [
            "0",
            "1",
            "2",
            "3",
            "4"
        ]
    },
    "prediction_type": null,
    "metrics": {
        "train": {
            "rmse": 0.7114216707114859,
            "score": -0.7114216707114859
        },
        "val": {
            "rmse": 0.7429658109656025,
            "score": -0.7429658109656025
        },
        "test": {
            "rmse": 0.7468637847121057,
            "score": -0.7468637847121057
        }
    }
}
