{
    "program": "bin/ensemble.py",
    "single_program": "/slot/sandbox/d/in/script/0_script_unpacked/pretrains/bin/pretrain_ae___9c98fd9492e849d3a095bd5d0e7b9d1a.py",
    "config": {
        "seeds": [
            "0",
            "1",
            "2",
            "3",
            "4"
        ]
    },
    "prediction_type": null,
    "metrics": {
        "train": {
            "rmse": 0.27866190785449463,
            "score": -0.27866190785449463
        },
        "val": {
            "rmse": 0.4302769402500616,
            "score": -0.4302769402500616
        },
        "test": {
            "rmse": 0.4238114410313961,
            "score": -0.4238114410313961
        }
    }
}
