{
    "program": "bin/ensemble.py",
    "single_program": "/slot/sandbox/d/in/script/0_script_unpacked/pretrains/bin/pretrain_ae___4464e50b6762452d826cd2bed0ab065e.py",
    "config": {
        "seeds": [
            "10",
            "11",
            "12",
            "13",
            "14"
        ]
    },
    "prediction_type": "probs",
    "metrics": {
        "train": {
            "0": {
                "precision": 0.9452277657266811,
                "recall": 0.9937286202964652,
                "f1-score": 0.9688715953307393,
                "support": 1754
            },
            "1": {
                "precision": 0.9821428571428571,
                "recall": 0.9482758620689655,
                "f1-score": 0.9649122807017544,
                "support": 638
            },
            "2": {
                "precision": 0.9977238239757208,
                "recall": 0.9798807749627422,
                "f1-score": 0.9887218045112782,
                "support": 1342
            },
            "3": {
                "precision": 1.0,
                "recall": 0.9870689655172413,
                "f1-score": 0.9934924078091106,
                "support": 696
            },
            "4": {
                "precision": 0.9962223421478683,
                "recall": 0.9777542372881356,
                "f1-score": 0.9869018978882651,
                "support": 1888
            },
            "accuracy": 0.9806900918012029,
            "macro avg": {
                "precision": 0.9842633577986255,
                "recall": 0.9773416920267101,
                "f1-score": 0.9805799972482294,
                "support": 6318
            },
            "weighted avg": {
                "precision": 0.9813785688022054,
                "recall": 0.9806900918012029,
                "f1-score": 0.980788378284292,
                "support": 6318
            },
            "score": 0.9806900918012029
        },
        "val": {
            "0": {
                "precision": 0.7455268389662028,
                "recall": 0.8542141230068337,
                "f1-score": 0.7961783439490446,
                "support": 439
            },
            "1": {
                "precision": 0.6712328767123288,
                "recall": 0.6125,
                "f1-score": 0.6405228758169935,
                "support": 160
            },
            "2": {
                "precision": 0.7350993377483444,
                "recall": 0.6626865671641791,
                "f1-score": 0.6970172684458399,
                "support": 335
            },
            "3": {
                "precision": 0.6967741935483871,
                "recall": 0.6206896551724138,
                "f1-score": 0.6565349544072948,
                "support": 174
            },
            "4": {
                "precision": 0.7531645569620253,
                "recall": 0.7563559322033898,
                "f1-score": 0.7547568710359409,
                "support": 472
            },
            "accuracy": 0.7341772151898734,
            "macro avg": {
                "precision": 0.7203595607874577,
                "recall": 0.7012892555093633,
                "f1-score": 0.7090020627310227,
                "support": 1580
            },
            "weighted avg": {
                "precision": 0.7327051906894472,
                "recall": 0.7341772151898734,
                "f1-score": 0.7316386476262907,
                "support": 1580
            },
            "score": 0.7341772151898734
        },
        "test": {
            "0": {
                "precision": 0.7471074380165289,
                "recall": 0.8248175182481752,
                "f1-score": 0.7840416305290547,
                "support": 548
            },
            "1": {
                "precision": 0.6486486486486487,
                "recall": 0.6,
                "f1-score": 0.6233766233766234,
                "support": 200
            },
            "2": {
                "precision": 0.7189189189189189,
                "recall": 0.6333333333333333,
                "f1-score": 0.6734177215189873,
                "support": 420
            },
            "3": {
                "precision": 0.6519337016574586,
                "recall": 0.543778801843318,
                "f1-score": 0.592964824120603,
                "support": 217
            },
            "4": {
                "precision": 0.7129337539432177,
                "recall": 0.7661016949152543,
                "f1-score": 0.738562091503268,
                "support": 590
            },
            "accuracy": 0.7129113924050633,
            "macro avg": {
                "precision": 0.6959084922369546,
                "recall": 0.6736062696680161,
                "f1-score": 0.6824725782097073,
                "support": 1975
            },
            "weighted avg": {
                "precision": 0.7104764960986837,
                "recall": 0.7129113924050633,
                "f1-score": 0.7096661175009216,
                "support": 1975
            },
            "score": 0.7129113924050633
        }
    }
}
