{
    "program": "bin/ensemble.py",
    "single_program": "/slot/sandbox/d/in/script/0_script_unpacked/pretrains/bin/pretrain_mask_supervised___2512197f3d844993a7d24711f38a4652.py",
    "config": {
        "seeds": [
            "0",
            "1",
            "2",
            "3",
            "4"
        ]
    },
    "prediction_type": null,
    "metrics": {
        "train": {
            "rmse": 17726.79166948369,
            "score": -17726.79166948369
        },
        "val": {
            "rmse": 27471.15117110931,
            "score": -27471.15117110931
        },
        "test": {
            "rmse": 30491.53340814974,
            "score": -30491.53340814974
        }
    }
}
