{
    "program": "bin/ensemble.py",
    "single_program": "/slot/sandbox/d/in/script/0_script_unpacked/pretrains/bin/pretrain_mask_supervised___c74aaf73aa954b55b5c09c099f65c41a.py",
    "config": {
        "seeds": [
            "10",
            "11",
            "12",
            "13",
            "14"
        ]
    },
    "prediction_type": null,
    "metrics": {
        "train": {
            "rmse": 16988.248964043483,
            "score": -16988.248964043483
        },
        "val": {
            "rmse": 28478.88909943966,
            "score": -28478.88909943966
        },
        "test": {
            "rmse": 30804.694154146204,
            "score": -30804.694154146204
        }
    }
}
