{
    "program": "bin/ensemble.py",
    "single_program": "/slot/sandbox/d/in/script/0_script_unpacked/pretrains/bin/pretrain_ae_ddp___6f6cfd0b190d4cecab48b6d223e22c76.py",
    "config": {
        "seeds": [
            "10",
            "11",
            "12",
            "13",
            "14"
        ]
    },
    "prediction_type": null,
    "metrics": {
        "train": {
            "rmse": 1.672483162498388,
            "score": -1.672483162498388
        },
        "val": {
            "rmse": 1.8552267215841785,
            "score": -1.8552267215841785
        },
        "test": {
            "rmse": 1.8583202501537193,
            "score": -1.8583202501537193
        }
    }
}
