{
    "program": "bin/ensemble.py",
    "single_program": "/slot/sandbox/d/in/script/0_script_unpacked/pretrains/bin/pretrain_ae_supervised___0d04e4a17d1e4688b3fad8ff7b6213eb.py",
    "config": {
        "seeds": [
            "10",
            "11",
            "12",
            "13",
            "14"
        ]
    },
    "prediction_type": null,
    "metrics": {
        "train": {
            "rmse": 16472.73722840036,
            "score": -16472.73722840036
        },
        "val": {
            "rmse": 26747.164024876733,
            "score": -26747.164024876733
        },
        "test": {
            "rmse": 29609.017102989183,
            "score": -29609.017102989183
        }
    }
}
