{
    "program": "bin/ensemble.py",
    "single_program": "/slot/sandbox/d/in/script/0_script_unpacked/pretrains/bin/pretrain_mask___a4f0a57bac574a76b14d725285fa6bb4.py",
    "config": {
        "seeds": [
            "10",
            "11",
            "12",
            "13",
            "14"
        ]
    },
    "prediction_type": "probs",
    "metrics": {
        "train": {
            "0": {
                "precision": 0.8871841155234657,
                "recall": 0.7959514170040486,
                "f1-score": 0.8390951771233462,
                "support": 1235
            },
            "1": {
                "precision": 0.8128052570819643,
                "recall": 0.8870905214188797,
                "f1-score": 0.8483247601835118,
                "support": 10318
            },
            "2": {
                "precision": 0.7205221485127328,
                "recall": 0.6573604060913706,
                "f1-score": 0.6874936191934661,
                "support": 5122
            },
            "3": {
                "precision": 0.8453159041394336,
                "recall": 0.6759581881533101,
                "f1-score": 0.7512100677637947,
                "support": 1722
            },
            "4": {
                "precision": 0.9835133598635588,
                "recall": 0.9868796349115802,
                "f1-score": 0.9851936218678814,
                "support": 1753
            },
            "5": {
                "precision": 0.9743844540134703,
                "recall": 0.9755693124032722,
                "f1-score": 0.9749765232281943,
                "support": 9046
            },
            "6": {
                "precision": 0.8751412429378531,
                "recall": 0.852504127682994,
                "f1-score": 0.8636743797044885,
                "support": 1817
            },
            "7": {
                "precision": 0.9697138610182089,
                "recall": 0.9634484031751892,
                "f1-score": 0.9665709787943328,
                "support": 5417
            },
            "8": {
                "precision": 0.9312383322962041,
                "recall": 0.9438662882371491,
                "f1-score": 0.9375097885669539,
                "support": 3171
            },
            "accuracy": 0.8833867831620413,
            "macro avg": {
                "precision": 0.8888687417096546,
                "recall": 0.8598475887864215,
                "f1-score": 0.8726721018251078,
                "support": 39601
            },
            "weighted avg": {
                "precision": 0.8828755466519825,
                "recall": 0.8833867831620413,
                "f1-score": 0.8820221812927301,
                "support": 39601
            },
            "logloss": 0.31076848361646914,
            "score": -0.31076848361646914
        },
        "val": {
            "0": {
                "precision": 0.6820083682008368,
                "recall": 0.5292207792207793,
                "f1-score": 0.5959780621572212,
                "support": 308
            },
            "1": {
                "precision": 0.7601398601398601,
                "recall": 0.8426356589147287,
                "f1-score": 0.7992647058823529,
                "support": 2580
            },
            "2": {
                "precision": 0.6520595968448729,
                "recall": 0.5807962529274004,
                "f1-score": 0.6143682906688688,
                "support": 1281
            },
            "3": {
                "precision": 0.7134502923976608,
                "recall": 0.5661252900232019,
                "f1-score": 0.6313065976714102,
                "support": 431
            },
            "4": {
                "precision": 0.9701834862385321,
                "recall": 0.9657534246575342,
                "f1-score": 0.9679633867276888,
                "support": 438
            },
            "5": {
                "precision": 0.9450841452612931,
                "recall": 0.9434129089301503,
                "f1-score": 0.9442477876106194,
                "support": 2262
            },
            "6": {
                "precision": 0.730593607305936,
                "recall": 0.7048458149779736,
                "f1-score": 0.7174887892376681,
                "support": 454
            },
            "7": {
                "precision": 0.9259530791788856,
                "recall": 0.9327917282127031,
                "f1-score": 0.9293598233995585,
                "support": 1354
            },
            "8": {
                "precision": 0.8529769137302552,
                "recall": 0.8852459016393442,
                "f1-score": 0.8688118811881189,
                "support": 793
            },
            "accuracy": 0.8248661751338249,
            "macro avg": {
                "precision": 0.8036054832553481,
                "recall": 0.7723141955004239,
                "f1-score": 0.7854210360603896,
                "support": 9901
            },
            "weighted avg": {
                "precision": 0.8219943641263602,
                "recall": 0.8248661751338249,
                "f1-score": 0.8219049086158089,
                "support": 9901
            },
            "logloss": 0.4536230759040357,
            "score": -0.4536230759040357
        },
        "test": {
            "0": {
                "precision": 0.6763754045307443,
                "recall": 0.5414507772020726,
                "f1-score": 0.6014388489208634,
                "support": 386
            },
            "1": {
                "precision": 0.7584662748390708,
                "recall": 0.8405707196029777,
                "f1-score": 0.7974106223333823,
                "support": 3224
            },
            "2": {
                "precision": 0.6225736879942487,
                "recall": 0.5409119300437226,
                "f1-score": 0.5788770053475936,
                "support": 1601
            },
            "3": {
                "precision": 0.7060185185185185,
                "recall": 0.5669144981412639,
                "f1-score": 0.6288659793814432,
                "support": 538
            },
            "4": {
                "precision": 0.9744058500914077,
                "recall": 0.9726277372262774,
                "f1-score": 0.9735159817351599,
                "support": 548
            },
            "5": {
                "precision": 0.9500884955752212,
                "recall": 0.9494163424124513,
                "f1-score": 0.9497523000707714,
                "support": 2827
            },
            "6": {
                "precision": 0.7441441441441441,
                "recall": 0.727112676056338,
                "f1-score": 0.7355298308103295,
                "support": 568
            },
            "7": {
                "precision": 0.9203280609256005,
                "recall": 0.9279385705847608,
                "f1-score": 0.9241176470588235,
                "support": 1693
            },
            "8": {
                "precision": 0.8543876567020251,
                "recall": 0.8940464177598385,
                "f1-score": 0.873767258382643,
                "support": 991
            },
            "accuracy": 0.822317388493859,
            "macro avg": {
                "precision": 0.80075423259122,
                "recall": 0.7734432965588558,
                "f1-score": 0.7848083860045567,
                "support": 12376
            },
            "weighted avg": {
                "precision": 0.8185453010120919,
                "recall": 0.822317388493859,
                "f1-score": 0.8189052366090808,
                "support": 12376
            },
            "logloss": 0.44972395148334854,
            "score": -0.44972395148334854
        }
    }
}
