{
    "program": "bin/ensemble.py",
    "single_program": "/slot/sandbox/d/in/script/0_script_unpacked/pretrains/bin/pretrain_ae_supervised___638a927773204aeb8e36ec739fc660f8.py",
    "config": {
        "seeds": [
            "10",
            "11",
            "12",
            "13",
            "14"
        ]
    },
    "prediction_type": null,
    "metrics": {
        "train": {
            "rmse": 0.30137355668052074,
            "score": -0.30137355668052074
        },
        "val": {
            "rmse": 0.4270289897110546,
            "score": -0.4270289897110546
        },
        "test": {
            "rmse": 0.4224675264678522,
            "score": -0.4224675264678522
        }
    }
}
