{
    "program": "bin/ensemble.py",
    "single_program": "/slot/sandbox/d/in/script/0_script_unpacked/pretrains/bin/pretrain_mask___aadb22e2ec7a4a94aa75d9eff954f219.py",
    "config": {
        "seeds": [
            "10",
            "11",
            "12",
            "13",
            "14"
        ]
    },
    "prediction_type": "probs",
    "metrics": {
        "train": {
            "0": {
                "precision": 0.8746594005449592,
                "recall": 0.7797570850202429,
                "f1-score": 0.824486301369863,
                "support": 1235
            },
            "1": {
                "precision": 0.8270348837209303,
                "recall": 0.882341539057957,
                "f1-score": 0.8537934915127076,
                "support": 10318
            },
            "2": {
                "precision": 0.7265735681036227,
                "recall": 0.7008980866848887,
                "f1-score": 0.7135049190102355,
                "support": 5122
            },
            "3": {
                "precision": 0.8582434514637904,
                "recall": 0.6469221835075494,
                "f1-score": 0.7377483443708609,
                "support": 1722
            },
            "4": {
                "precision": 0.9740112994350283,
                "recall": 0.9834569309754706,
                "f1-score": 0.9787113255747942,
                "support": 1753
            },
            "5": {
                "precision": 0.9716554538436087,
                "recall": 0.9739111209374309,
                "f1-score": 0.9727819797935185,
                "support": 9046
            },
            "6": {
                "precision": 0.8467966573816156,
                "recall": 0.8365437534397359,
                "f1-score": 0.8416389811738648,
                "support": 1817
            },
            "7": {
                "precision": 0.9578966721823865,
                "recall": 0.9617869669558796,
                "f1-score": 0.9598378776713339,
                "support": 5417
            },
            "8": {
                "precision": 0.9330609679446888,
                "recall": 0.9362976978871018,
                "f1-score": 0.9346765307728632,
                "support": 3171
            },
            "accuracy": 0.8839170728011919,
            "macro avg": {
                "precision": 0.8855480394022923,
                "recall": 0.855768373829584,
                "f1-score": 0.8685755279166714,
                "support": 39601
            },
            "weighted avg": {
                "precision": 0.8837222419019436,
                "recall": 0.8839170728011919,
                "f1-score": 0.8828232243115328,
                "support": 39601
            },
            "logloss": 0.3179409846785123,
            "score": -0.3179409846785123
        },
        "val": {
            "0": {
                "precision": 0.6639344262295082,
                "recall": 0.525974025974026,
                "f1-score": 0.5869565217391304,
                "support": 308
            },
            "1": {
                "precision": 0.767342582710779,
                "recall": 0.836046511627907,
                "f1-score": 0.800222593210907,
                "support": 2580
            },
            "2": {
                "precision": 0.6360572872788542,
                "recall": 0.5893832943013271,
                "f1-score": 0.6118314424635333,
                "support": 1281
            },
            "3": {
                "precision": 0.7445482866043613,
                "recall": 0.5545243619489559,
                "f1-score": 0.6356382978723405,
                "support": 431
            },
            "4": {
                "precision": 0.9655963302752294,
                "recall": 0.9611872146118722,
                "f1-score": 0.9633867276887872,
                "support": 438
            },
            "5": {
                "precision": 0.941855304039059,
                "recall": 0.9381078691423519,
                "f1-score": 0.9399778516057585,
                "support": 2262
            },
            "6": {
                "precision": 0.7068965517241379,
                "recall": 0.7224669603524229,
                "f1-score": 0.7145969498910675,
                "support": 454
            },
            "7": {
                "precision": 0.9182481751824818,
                "recall": 0.9290989660265879,
                "f1-score": 0.9236417033773862,
                "support": 1354
            },
            "8": {
                "precision": 0.8539877300613496,
                "recall": 0.8776796973518285,
                "f1-score": 0.8656716417910448,
                "support": 793
            },
            "accuracy": 0.821937178062822,
            "macro avg": {
                "precision": 0.7998296304561957,
                "recall": 0.7704965445930311,
                "f1-score": 0.782435969959995,
                "support": 9901
            },
            "weighted avg": {
                "precision": 0.8195924237166531,
                "recall": 0.821937178062822,
                "f1-score": 0.8193901488720631,
                "support": 9901
            },
            "logloss": 0.4573978040967782,
            "score": -0.4573978040967782
        },
        "test": {
            "0": {
                "precision": 0.6548387096774193,
                "recall": 0.5259067357512953,
                "f1-score": 0.5833333333333333,
                "support": 386
            },
            "1": {
                "precision": 0.772056696557709,
                "recall": 0.8278535980148883,
                "f1-score": 0.7989821882951653,
                "support": 3224
            },
            "2": {
                "precision": 0.6087533156498673,
                "recall": 0.5733916302311055,
                "f1-score": 0.590543583145706,
                "support": 1601
            },
            "3": {
                "precision": 0.7299270072992701,
                "recall": 0.5576208178438662,
                "f1-score": 0.6322444678609063,
                "support": 538
            },
            "4": {
                "precision": 0.967391304347826,
                "recall": 0.9744525547445255,
                "f1-score": 0.9709090909090909,
                "support": 548
            },
            "5": {
                "precision": 0.9490986214209968,
                "recall": 0.949770074283693,
                "f1-score": 0.9494342291371994,
                "support": 2827
            },
            "6": {
                "precision": 0.7375,
                "recall": 0.727112676056338,
                "f1-score": 0.7322695035460993,
                "support": 568
            },
            "7": {
                "precision": 0.9125144843568945,
                "recall": 0.9303012404016539,
                "f1-score": 0.921322023983621,
                "support": 1693
            },
            "8": {
                "precision": 0.8563049853372434,
                "recall": 0.8839556004036327,
                "f1-score": 0.8699106256206555,
                "support": 991
            },
            "accuracy": 0.8219941822882999,
            "macro avg": {
                "precision": 0.7987094582941363,
                "recall": 0.7722627697478887,
                "f1-score": 0.7832165606479752,
                "support": 12376
            },
            "weighted avg": {
                "precision": 0.8189084372935665,
                "recall": 0.8219941822882999,
                "f1-score": 0.8193770591672019,
                "support": 12376
            },
            "logloss": 0.45645513180416925,
            "score": -0.45645513180416925
        }
    }
}
