{
    "program": "bin/ensemble.py",
    "single_program": "/slot/sandbox/d/in/script/0_script_unpacked/pretrains/bin/pretrain_ae___48ce8862b39f4e31b8e2159daaf8290a.py",
    "config": {
        "seeds": [
            "10",
            "11",
            "12",
            "13",
            "14"
        ]
    },
    "prediction_type": "probs",
    "metrics": {
        "train": {
            "0": {
                "precision": 0.9042706333973128,
                "recall": 0.9529709228824274,
                "f1-score": 0.9279822725593992,
                "support": 19775
            },
            "1": {
                "precision": 0.8214285714285714,
                "recall": 0.6819703491152559,
                "f1-score": 0.745231251633133,
                "support": 6273
            },
            "accuracy": 0.8877073095823096,
            "macro avg": {
                "precision": 0.8628496024129422,
                "recall": 0.8174706359988416,
                "f1-score": 0.836606762096266,
                "support": 26048
            },
            "weighted avg": {
                "precision": 0.8843202243551631,
                "recall": 0.8877073095823096,
                "f1-score": 0.8839713252977872,
                "support": 26048
            },
            "roc_auc": 0.9453253130880382,
            "score": 0.9453253130880382
        },
        "val": {
            "0": {
                "precision": 0.8938375887886351,
                "recall": 0.9415571284125379,
                "f1-score": 0.9170770139846365,
                "support": 4945
            },
            "1": {
                "precision": 0.7783742331288344,
                "recall": 0.6473214285714286,
                "f1-score": 0.706824512534819,
                "support": 1568
            },
            "accuracy": 0.8707200982650084,
            "macro avg": {
                "precision": 0.8361059109587348,
                "recall": 0.7944392784919833,
                "f1-score": 0.8119507632597278,
                "support": 6513
            },
            "weighted avg": {
                "precision": 0.8660398701221884,
                "recall": 0.8707200982650084,
                "f1-score": 0.866458877599973,
                "support": 6513
            },
            "roc_auc": 0.9311969934586576,
            "score": 0.9311969934586576
        },
        "test": {
            "0": {
                "precision": 0.8950061087354918,
                "recall": 0.9425814234016888,
                "f1-score": 0.9181779013747993,
                "support": 12435
            },
            "1": {
                "precision": 0.7758241758241758,
                "recall": 0.6424856994279771,
                "f1-score": 0.7028872137676007,
                "support": 3846
            },
            "accuracy": 0.8716909280756711,
            "macro avg": {
                "precision": 0.8354151422798338,
                "recall": 0.792533561414833,
                "f1-score": 0.8105325575711999,
                "support": 16281
            },
            "weighted avg": {
                "precision": 0.8668522045541195,
                "recall": 0.8716909280756711,
                "f1-score": 0.8673205839780002,
                "support": 16281
            },
            "roc_auc": 0.928054620375406,
            "score": 0.928054620375406
        }
    }
}
