{
    "program": "bin/ensemble.py",
    "single_program": "/slot/sandbox/d/in/script/0_script_unpacked/pretrains/bin/pretrain_ae___c2d6a81c1d964078b1c58f77fc319e67.py",
    "config": {
        "seeds": [
            "5",
            "6",
            "7",
            "8",
            "9"
        ]
    },
    "prediction_type": null,
    "metrics": {
        "train": {
            "rmse": 0.2730263940391909,
            "score": -0.2730263940391909
        },
        "val": {
            "rmse": 0.4210031784772348,
            "score": -0.4210031784772348
        },
        "test": {
            "rmse": 0.41201706558665446,
            "score": -0.41201706558665446
        }
    }
}
