{
    "program": "bin/ensemble.py",
    "single_program": "/slot/sandbox/d/in/script/0_script_unpacked/pretrains/bin/pretrain_supervised_contrastive___4b3a589bd3e7445fb56e5a844095f0d1.py",
    "config": {
        "seeds": [
            "10",
            "11",
            "12",
            "13",
            "14"
        ]
    },
    "prediction_type": null,
    "metrics": {
        "train": {
            "rmse": 3.798184928568009,
            "score": -3.798184928568009
        },
        "val": {
            "rmse": 5.304011140531353,
            "score": -5.304011140531353
        },
        "test": {
            "rmse": 5.5838640630382015,
            "score": -5.5838640630382015
        }
    }
}
