{
    "program": "bin/ensemble.py",
    "single_program": "/slot/sandbox/d/in/script/0_script_unpacked/pretrains/bin/pretrain_mask_fast___4ca11882313249ceb3ba09f8e6c5bb09.py",
    "config": {
        "seeds": [
            "5",
            "6",
            "7",
            "8",
            "9"
        ]
    },
    "prediction_type": null,
    "metrics": {
        "train": {
            "rmse": 0.7201043945210251,
            "score": -0.7201043945210251
        },
        "val": {
            "rmse": 0.7435088253914888,
            "score": -0.7435088253914888
        },
        "test": {
            "rmse": 0.7462547618454561,
            "score": -0.7462547618454561
        }
    }
}
