{
    "program": "bin/ensemble.py",
    "single_program": "/slot/sandbox/d/in/script/0_script_unpacked/pretrains/bin/pretrain_mask___350f9765c1aa4d70b72e32ecfbb2958e.py",
    "config": {
        "seeds": [
            "10",
            "11",
            "12",
            "13",
            "14"
        ]
    },
    "prediction_type": "probs",
    "metrics": {
        "train": {
            "0": {
                "precision": 0.8843403646764391,
                "recall": 0.9707613814756672,
                "f1-score": 0.9255378858746492,
                "support": 5096
            },
            "1": {
                "precision": 0.815136476426799,
                "recall": 0.5038343558282209,
                "f1-score": 0.6227488151658769,
                "support": 1304
            },
            "accuracy": 0.875625,
            "macro avg": {
                "precision": 0.849738420551619,
                "recall": 0.737297868651944,
                "f1-score": 0.7741433505202631,
                "support": 6400
            },
            "weighted avg": {
                "precision": 0.8702400724455748,
                "recall": 0.875625,
                "f1-score": 0.8638446127177368,
                "support": 6400
            },
            "roc_auc": 0.8942394973562808,
            "score": 0.8942394973562808
        },
        "val": {
            "0": {
                "precision": 0.8758815232722144,
                "recall": 0.9748822605965463,
                "f1-score": 0.9227340267459138,
                "support": 1274
            },
            "1": {
                "precision": 0.8241758241758241,
                "recall": 0.4601226993865031,
                "f1-score": 0.5905511811023623,
                "support": 326
            },
            "accuracy": 0.87,
            "macro avg": {
                "precision": 0.8500286737240192,
                "recall": 0.7175024799915246,
                "f1-score": 0.7566426039241381,
                "support": 1600
            },
            "weighted avg": {
                "precision": 0.8653464870813249,
                "recall": 0.87,
                "f1-score": 0.8550517719460402,
                "support": 1600
            },
            "roc_auc": 0.882431547418401,
            "score": 0.882431547418401
        },
        "test": {
            "0": {
                "precision": 0.8774120317820658,
                "recall": 0.970495919648462,
                "f1-score": 0.9216095380029806,
                "support": 1593
            },
            "1": {
                "precision": 0.8025210084033614,
                "recall": 0.4692874692874693,
                "f1-score": 0.5922480620155038,
                "support": 407
            },
            "accuracy": 0.8685,
            "macro avg": {
                "precision": 0.8399665200927136,
                "recall": 0.7198916944679656,
                "f1-score": 0.7569288000092422,
                "support": 2000
            },
            "weighted avg": {
                "precision": 0.8621717085244995,
                "recall": 0.8685,
                "f1-score": 0.8545844776395292,
                "support": 2000
            },
            "roc_auc": 0.8676010370925625,
            "score": 0.8676010370925625
        }
    }
}
