{
    "program": "bin/ensemble.py",
    "single_program": "/slot/sandbox/d/in/script/0_script_unpacked/pretrains/bin/pretrain_mask_supervised___68b7559fdcba4c0f97d7e6e53f83eb2d.py",
    "config": {
        "seeds": [
            "10",
            "11",
            "12",
            "13",
            "14"
        ]
    },
    "prediction_type": "probs",
    "metrics": {
        "train": {
            "0": {
                "precision": 0.8603054745151879,
                "recall": 0.983712715855573,
                "f1-score": 0.9178797033781928,
                "support": 5096
            },
            "1": {
                "precision": 0.8551483420593369,
                "recall": 0.37576687116564417,
                "f1-score": 0.5221097496004262,
                "support": 1304
            },
            "accuracy": 0.85984375,
            "macro avg": {
                "precision": 0.8577269082872624,
                "recall": 0.6797397935106085,
                "f1-score": 0.7199947264893095,
                "support": 6400
            },
            "weighted avg": {
                "precision": 0.8592547087773081,
                "recall": 0.85984375,
                "f1-score": 0.8372415752959728,
                "support": 6400
            },
            "roc_auc": 0.884695292109293,
            "score": 0.884695292109293
        },
        "val": {
            "0": {
                "precision": 0.8573369565217391,
                "recall": 0.9905808477237049,
                "f1-score": 0.9191551347414421,
                "support": 1274
            },
            "1": {
                "precision": 0.90625,
                "recall": 0.3558282208588957,
                "f1-score": 0.5110132158590308,
                "support": 326
            },
            "accuracy": 0.86125,
            "macro avg": {
                "precision": 0.8817934782608696,
                "recall": 0.6732045342913003,
                "f1-score": 0.7150841753002364,
                "support": 1600
            },
            "weighted avg": {
                "precision": 0.8673029891304348,
                "recall": 0.86125,
                "f1-score": 0.8359962187691508,
                "support": 1600
            },
            "roc_auc": 0.8765060531055273,
            "score": 0.8765060531055273
        },
        "test": {
            "0": {
                "precision": 0.8552774755168662,
                "recall": 0.9868173258003766,
                "f1-score": 0.9163509180996794,
                "support": 1593
            },
            "1": {
                "precision": 0.8703703703703703,
                "recall": 0.3464373464373464,
                "f1-score": 0.49560632688927947,
                "support": 407
            },
            "accuracy": 0.8565,
            "macro avg": {
                "precision": 0.8628239229436183,
                "recall": 0.6666273361188615,
                "f1-score": 0.7059786224944794,
                "support": 2000
            },
            "weighted avg": {
                "precision": 0.8583488796195543,
                "recall": 0.8565,
                "f1-score": 0.8307293937883631,
                "support": 2000
            },
            "roc_auc": 0.8667373074152734,
            "score": 0.8667373074152734
        }
    }
}
