{
    "program": "bin/ensemble.py",
    "single_program": "/slot/sandbox/d/in/script/0_script_unpacked/pretrains/bin/pretrain_ae___2302b8a2d29a4a939108f30d056025ba.py",
    "config": {
        "seeds": [
            "10",
            "11",
            "12",
            "13",
            "14"
        ]
    },
    "prediction_type": "probs",
    "metrics": {
        "train": {
            "0": {
                "precision": 0.894141829393628,
                "recall": 0.992018244013683,
                "f1-score": 0.9405405405405405,
                "support": 1754
            },
            "1": {
                "precision": 0.9690721649484536,
                "recall": 0.8840125391849529,
                "f1-score": 0.9245901639344262,
                "support": 638
            },
            "2": {
                "precision": 0.9936758893280633,
                "recall": 0.936661698956781,
                "f1-score": 0.9643268124280784,
                "support": 1342
            },
            "3": {
                "precision": 0.997037037037037,
                "recall": 0.9669540229885057,
                "f1-score": 0.9817651349380014,
                "support": 696
            },
            "4": {
                "precision": 0.9843243243243244,
                "recall": 0.9645127118644068,
                "f1-score": 0.9743178170144462,
                "support": 1888
            },
            "accuracy": 0.9583729028173472,
            "macro avg": {
                "precision": 0.9676502490063014,
                "recall": 0.9488318434016658,
                "f1-score": 0.9571080937710985,
                "support": 6318
            },
            "weighted avg": {
                "precision": 0.9611345292139759,
                "recall": 0.9583729028173472,
                "f1-score": 0.9586172503033993,
                "support": 6318
            },
            "score": 0.9583729028173472
        },
        "val": {
            "0": {
                "precision": 0.71875,
                "recall": 0.8382687927107062,
                "f1-score": 0.7739221871713985,
                "support": 439
            },
            "1": {
                "precision": 0.5944055944055944,
                "recall": 0.53125,
                "f1-score": 0.5610561056105611,
                "support": 160
            },
            "2": {
                "precision": 0.6625,
                "recall": 0.6328358208955224,
                "f1-score": 0.6473282442748091,
                "support": 335
            },
            "3": {
                "precision": 0.6153846153846154,
                "recall": 0.5517241379310345,
                "f1-score": 0.5818181818181819,
                "support": 174
            },
            "4": {
                "precision": 0.7394209354120267,
                "recall": 0.7033898305084746,
                "f1-score": 0.7209554831704668,
                "support": 472
            },
            "accuracy": 0.6917721518987342,
            "macro avg": {
                "precision": 0.6660922290404473,
                "recall": 0.6514937164091475,
                "f1-score": 0.6570160404090835,
                "support": 1580
            },
            "weighted avg": {
                "precision": 0.6890235757571487,
                "recall": 0.6917721518987342,
                "f1-score": 0.6885462851840624,
                "support": 1580
            },
            "score": 0.6917721518987342
        },
        "test": {
            "0": {
                "precision": 0.7367576243980738,
                "recall": 0.8375912408759124,
                "f1-score": 0.7839453458582408,
                "support": 548
            },
            "1": {
                "precision": 0.6045197740112994,
                "recall": 0.535,
                "f1-score": 0.5676392572944297,
                "support": 200
            },
            "2": {
                "precision": 0.6534391534391535,
                "recall": 0.5880952380952381,
                "f1-score": 0.619047619047619,
                "support": 420
            },
            "3": {
                "precision": 0.5978260869565217,
                "recall": 0.5069124423963134,
                "f1-score": 0.5486284289276808,
                "support": 217
            },
            "4": {
                "precision": 0.6867862969004894,
                "recall": 0.7135593220338983,
                "f1-score": 0.6999168744804655,
                "support": 590
            },
            "accuracy": 0.6805063291139241,
            "macro avg": {
                "precision": 0.6558657871411077,
                "recall": 0.6362316486802724,
                "f1-score": 0.6438355051216871,
                "support": 1975
            },
            "weighted avg": {
                "precision": 0.6754550650418749,
                "recall": 0.6805063291139241,
                "f1-score": 0.6760168232961941,
                "support": 1975
            },
            "score": 0.6805063291139241
        }
    }
}
