{
    "program": "bin/ensemble.py",
    "single_program": "/slot/sandbox/d/in/script/0_script_unpacked/pretrains/bin/pretrain_mask_fast___0dcd2fe0ecbe4394892c91e21eed73d2.py",
    "config": {
        "seeds": [
            "10",
            "11",
            "12",
            "13",
            "14"
        ]
    },
    "prediction_type": "probs",
    "metrics": {
        "train": {
            "0": {
                "precision": 0.9976029089621702,
                "recall": 0.9976249834043871,
                "f1-score": 0.997613946061167,
                "support": 135578
            },
            "1": {
                "precision": 0.9984049452217347,
                "recall": 0.9977056124249912,
                "f1-score": 0.9980551563185351,
                "support": 181312
            },
            "2": {
                "precision": 0.9986449272194781,
                "recall": 0.9984267109518399,
                "f1-score": 0.998535807163618,
                "support": 22882
            },
            "3": {
                "precision": 0.9937817976257772,
                "recall": 0.9994314951677089,
                "f1-score": 0.9965986394557822,
                "support": 1759
            },
            "4": {
                "precision": 0.98583984375,
                "recall": 0.997037037037037,
                "f1-score": 0.9914068254357967,
                "support": 6075
            },
            "5": {
                "precision": 0.9966783373731933,
                "recall": 0.9988304093567252,
                "f1-score": 0.9977532129055451,
                "support": 11115
            },
            "6": {
                "precision": 0.9958181265206812,
                "recall": 0.9977906445223221,
                "f1-score": 0.996803409696324,
                "support": 13126
            },
            "accuracy": 0.9977544527722424,
            "macro avg": {
                "precision": 0.9952529838104336,
                "recall": 0.9981209846950015,
                "f1-score": 0.9966809995766812,
                "support": 371847
            },
            "weighted avg": {
                "precision": 0.9977572106951809,
                "recall": 0.9977544527722424,
                "f1-score": 0.9977551477071733,
                "support": 371847
            },
            "score": 0.9977544527722424
        },
        "val": {
            "0": {
                "precision": 0.9744543870529517,
                "recall": 0.9735056352156723,
                "f1-score": 0.9739797800900303,
                "support": 33894
            },
            "1": {
                "precision": 0.9790110909813972,
                "recall": 0.977585598305683,
                "f1-score": 0.9782978253670384,
                "support": 45328
            },
            "2": {
                "precision": 0.9706189151599444,
                "recall": 0.9758783429470372,
                "f1-score": 0.9732415235770941,
                "support": 5721
            },
            "3": {
                "precision": 0.9117647058823529,
                "recall": 0.9179954441913439,
                "f1-score": 0.9148694665153235,
                "support": 439
            },
            "4": {
                "precision": 0.9098573281452659,
                "recall": 0.923633969716919,
                "f1-score": 0.9166938908853316,
                "support": 1519
            },
            "5": {
                "precision": 0.949928469241774,
                "recall": 0.9557394746311623,
                "f1-score": 0.9528251121076233,
                "support": 2779
            },
            "6": {
                "precision": 0.9688539461747808,
                "recall": 0.9762340036563071,
                "f1-score": 0.9725299741994232,
                "support": 3282
            },
            "accuracy": 0.9741292140874767,
            "macro avg": {
                "precision": 0.9520698346626382,
                "recall": 0.9572246383805894,
                "f1-score": 0.9546339389631234,
                "support": 92962
            },
            "weighted avg": {
                "precision": 0.9741577246090992,
                "recall": 0.9741292140874767,
                "f1-score": 0.9741410396604829,
                "support": 92962
            },
            "score": 0.9741292140874767
        },
        "test": {
            "0": {
                "precision": 0.9730707395498392,
                "recall": 0.9714171072507553,
                "f1-score": 0.9722432202589056,
                "support": 42368
            },
            "1": {
                "precision": 0.9770543347700135,
                "recall": 0.9762093856444468,
                "f1-score": 0.9766316774518199,
                "support": 56661
            },
            "2": {
                "precision": 0.967571329157968,
                "recall": 0.9721717242343728,
                "f1-score": 0.9698660714285714,
                "support": 7151
            },
            "3": {
                "precision": 0.9041591320072333,
                "recall": 0.9107468123861566,
                "f1-score": 0.9074410163339383,
                "support": 549
            },
            "4": {
                "precision": 0.9009849663037843,
                "recall": 0.9152185360716166,
                "f1-score": 0.9080459770114941,
                "support": 1899
            },
            "5": {
                "precision": 0.9468874928612222,
                "recall": 0.9547941261157501,
                "f1-score": 0.9508243727598567,
                "support": 3473
            },
            "6": {
                "precision": 0.9684924866698982,
                "recall": 0.9741589468551926,
                "f1-score": 0.9713174526008751,
                "support": 4102
            },
            "accuracy": 0.9721952101064516,
            "macro avg": {
                "precision": 0.9483172116171369,
                "recall": 0.9535309483654701,
                "f1-score": 0.9509099696922086,
                "support": 116203
            },
            "weighted avg": {
                "precision": 0.972226961334645,
                "recall": 0.9721952101064516,
                "f1-score": 0.9722086536000665,
                "support": 116203
            },
            "score": 0.9721952101064516
        }
    }
}
