{
    "program": "bin/ensemble.py",
    "single_program": "/slot/sandbox/d/in/script/0_script_unpacked/pretrains/bin/pretrain_supervised_contrastive___63bde84a6a9c47e79303f92633185683.py",
    "config": {
        "seeds": [
            "10",
            "11",
            "12",
            "13",
            "14"
        ]
    },
    "prediction_type": "probs",
    "metrics": {
        "train": {
            "0": {
                "precision": 0.8960871434714061,
                "recall": 0.9484702907711757,
                "f1-score": 0.9215349088586449,
                "support": 19775
            },
            "1": {
                "precision": 0.800859878835255,
                "recall": 0.6532759445241512,
                "f1-score": 0.7195785776997367,
                "support": 6273
            },
            "accuracy": 0.8773802211302212,
            "macro avg": {
                "precision": 0.8484735111533306,
                "recall": 0.8008731176476634,
                "f1-score": 0.8205567432791907,
                "support": 26048
            },
            "weighted avg": {
                "precision": 0.8731540725614484,
                "recall": 0.8773802211302212,
                "f1-score": 0.8728988498383811,
                "support": 26048
            },
            "roc_auc": 0.9327493000221888,
            "score": 0.9327493000221888
        },
        "val": {
            "0": {
                "precision": 0.8825779307707019,
                "recall": 0.9332659251769464,
                "f1-score": 0.907214468252408,
                "support": 4945
            },
            "1": {
                "precision": 0.7429906542056075,
                "recall": 0.6084183673469388,
                "f1-score": 0.6690042075736325,
                "support": 1568
            },
            "accuracy": 0.8550591125441425,
            "macro avg": {
                "precision": 0.8127842924881548,
                "recall": 0.7708421462619426,
                "f1-score": 0.7881093379130203,
                "support": 6513
            },
            "weighted avg": {
                "precision": 0.8489723957401373,
                "recall": 0.8550591125441425,
                "f1-score": 0.8498655217232631,
                "support": 6513
            },
            "roc_auc": 0.9163298838241061,
            "score": 0.9163298838241061
        },
        "test": {
            "0": {
                "precision": 0.8849079567929408,
                "recall": 0.9355046240450342,
                "f1-score": 0.9095031468668152,
                "support": 12435
            },
            "1": {
                "precision": 0.7441786283891547,
                "recall": 0.6066042641705668,
                "f1-score": 0.6683856181062886,
                "support": 3846
            },
            "accuracy": 0.8578097168478594,
            "macro avg": {
                "precision": 0.8145432925910477,
                "recall": 0.7710544441078004,
                "f1-score": 0.7889443824865519,
                "support": 16281
            },
            "weighted avg": {
                "precision": 0.8516639916162955,
                "recall": 0.8578097168478594,
                "f1-score": 0.8525448509628176,
                "support": 16281
            },
            "roc_auc": 0.9112675669069383,
            "score": 0.9112675669069383
        }
    }
}
