{
    "program": "bin/ensemble.py",
    "single_program": "/slot/sandbox/d/in/script/0_script_unpacked/pretrains/bin/pretrain_ae___bd47cb3e35704c519d308e5d6c1ad313.py",
    "config": {
        "seeds": [
            "0",
            "1",
            "2",
            "3",
            "4"
        ]
    },
    "prediction_type": "probs",
    "metrics": {
        "train": {
            "0": {
                "precision": 0.9634349030470915,
                "recall": 0.991448118586089,
                "f1-score": 0.97724079797696,
                "support": 1754
            },
            "1": {
                "precision": 0.9704049844236761,
                "recall": 0.9764890282131662,
                "f1-score": 0.9734375000000001,
                "support": 638
            },
            "2": {
                "precision": 0.9992337164750957,
                "recall": 0.9716840536512668,
                "f1-score": 0.9852663392519834,
                "support": 1342
            },
            "3": {
                "precision": 1.0,
                "recall": 0.9841954022988506,
                "f1-score": 0.9920347574221579,
                "support": 696
            },
            "4": {
                "precision": 0.9962785752259437,
                "recall": 0.9925847457627118,
                "f1-score": 0.9944282302998142,
                "support": 1888
            },
            "accuracy": 0.9852801519468186,
            "macro avg": {
                "precision": 0.9858704358343614,
                "recall": 0.9832802697024169,
                "f1-score": 0.9844815249901832,
                "support": 6318
            },
            "weighted avg": {
                "precision": 0.9855854380410041,
                "recall": 0.9852801519468186,
                "f1-score": 0.9853272557612569,
                "support": 6318
            },
            "score": 0.9852801519468186
        },
        "val": {
            "0": {
                "precision": 0.7535070140280561,
                "recall": 0.856492027334852,
                "f1-score": 0.8017057569296376,
                "support": 439
            },
            "1": {
                "precision": 0.6052631578947368,
                "recall": 0.575,
                "f1-score": 0.5897435897435896,
                "support": 160
            },
            "2": {
                "precision": 0.7242524916943521,
                "recall": 0.6507462686567164,
                "f1-score": 0.6855345911949685,
                "support": 335
            },
            "3": {
                "precision": 0.6644736842105263,
                "recall": 0.5804597701149425,
                "f1-score": 0.6196319018404909,
                "support": 174
            },
            "4": {
                "precision": 0.7542016806722689,
                "recall": 0.760593220338983,
                "f1-score": 0.7573839662447257,
                "support": 472
            },
            "accuracy": 0.7253164556962025,
            "macro avg": {
                "precision": 0.7003396056999881,
                "recall": 0.6846582572890989,
                "f1-score": 0.6907999611906824,
                "support": 1580
            },
            "weighted avg": {
                "precision": 0.7226948629550791,
                "recall": 0.7253164556962025,
                "f1-score": 0.7223184004361745,
                "support": 1580
            },
            "score": 0.7253164556962025
        },
        "test": {
            "0": {
                "precision": 0.7407407407407407,
                "recall": 0.8394160583941606,
                "f1-score": 0.7869974337040204,
                "support": 548
            },
            "1": {
                "precision": 0.6505376344086021,
                "recall": 0.605,
                "f1-score": 0.6269430051813472,
                "support": 200
            },
            "2": {
                "precision": 0.6760925449871465,
                "recall": 0.6261904761904762,
                "f1-score": 0.6501854140914709,
                "support": 420
            },
            "3": {
                "precision": 0.6588235294117647,
                "recall": 0.5161290322580645,
                "f1-score": 0.578811369509044,
                "support": 217
            },
            "4": {
                "precision": 0.7257799671592775,
                "recall": 0.7491525423728813,
                "f1-score": 0.7372810675562969,
                "support": 590
            },
            "accuracy": 0.7078481012658228,
            "macro avg": {
                "precision": 0.6903948833415063,
                "recall": 0.6671776218431165,
                "f1-score": 0.6760436580084358,
                "support": 1975
            },
            "weighted avg": {
                "precision": 0.7043884598524428,
                "recall": 0.7078481012658228,
                "f1-score": 0.703969096539832,
                "support": 1975
            },
            "score": 0.7078481012658228
        }
    }
}
