{
    "program": "bin/ensemble.py",
    "single_program": "/slot/sandbox/d/in/script/0_script_unpacked/pretrains/bin/pretrain_contrastive___985c33b1e2224f25a667ee03e82a45d0.py",
    "config": {
        "seeds": [
            "0",
            "1",
            "2",
            "3",
            "4"
        ]
    },
    "prediction_type": "probs",
    "metrics": {
        "train": {
            "0": {
                "precision": 0.9860699905258171,
                "recall": 0.982622549381168,
                "f1-score": 0.984343251490679,
                "support": 135578
            },
            "1": {
                "precision": 0.9867398690507002,
                "recall": 0.9882909018708084,
                "f1-score": 0.9875147764315573,
                "support": 181312
            },
            "2": {
                "precision": 0.991657885493502,
                "recall": 0.987064067826239,
                "f1-score": 0.9893556441368435,
                "support": 22882
            },
            "3": {
                "precision": 0.9636465324384788,
                "recall": 0.9795338260375214,
                "f1-score": 0.9715252325909219,
                "support": 1759
            },
            "4": {
                "precision": 0.9507349378129543,
                "recall": 0.9688888888888889,
                "f1-score": 0.9597260720691342,
                "support": 6075
            },
            "5": {
                "precision": 0.9777797608424058,
                "recall": 0.9857849752586595,
                "f1-score": 0.9817660499081582,
                "support": 11115
            },
            "6": {
                "precision": 0.9821008722032613,
                "recall": 0.9865153131190004,
                "f1-score": 0.9843031431720574,
                "support": 13126
            },
            "accuracy": 0.9856527012454047,
            "macro avg": {
                "precision": 0.9769614069095887,
                "recall": 0.9826715031974694,
                "f1-score": 0.9797905956856215,
                "support": 371847
            },
            "weighted avg": {
                "precision": 0.9856692110915737,
                "recall": 0.9856527012454047,
                "f1-score": 0.9856568583800703,
                "support": 371847
            },
            "score": 0.9856527012454047
        },
        "val": {
            "0": {
                "precision": 0.9658137397337445,
                "recall": 0.961055053991857,
                "f1-score": 0.96342852072581,
                "support": 33894
            },
            "1": {
                "precision": 0.9691820022893369,
                "recall": 0.9713201553123897,
                "f1-score": 0.9702499008330027,
                "support": 45328
            },
            "2": {
                "precision": 0.9690667598741699,
                "recall": 0.9692361475266562,
                "f1-score": 0.9691514462990475,
                "support": 5721
            },
            "3": {
                "precision": 0.9155251141552512,
                "recall": 0.9134396355353075,
                "f1-score": 0.9144811858608894,
                "support": 439
            },
            "4": {
                "precision": 0.8852672750977836,
                "recall": 0.8940092165898618,
                "f1-score": 0.8896167703897805,
                "support": 1519
            },
            "5": {
                "precision": 0.9395233013162576,
                "recall": 0.9503418495861821,
                "f1-score": 0.944901610017889,
                "support": 2779
            },
            "6": {
                "precision": 0.9594185342216839,
                "recall": 0.9652650822669104,
                "f1-score": 0.9623329283110572,
                "support": 3282
            },
            "accuracy": 0.9650717497472086,
            "macro avg": {
                "precision": 0.9433995323840325,
                "recall": 0.9463810201155949,
                "f1-score": 0.9448803374910681,
                "support": 92962
            },
            "weighted avg": {
                "precision": 0.9650909729481708,
                "recall": 0.9650717497472086,
                "f1-score": 0.9650770483690906,
                "support": 92962
            },
            "score": 0.9650717497472086
        },
        "test": {
            "0": {
                "precision": 0.9658068955698456,
                "recall": 0.9606778700906344,
                "f1-score": 0.9632355551348345,
                "support": 42368
            },
            "1": {
                "precision": 0.9680178832309506,
                "recall": 0.9706147085296765,
                "f1-score": 0.9693145566385251,
                "support": 56661
            },
            "2": {
                "precision": 0.9675615212527964,
                "recall": 0.9676968256187946,
                "f1-score": 0.9676291687058659,
                "support": 7151
            },
            "3": {
                "precision": 0.8954954954954955,
                "recall": 0.9052823315118397,
                "f1-score": 0.9003623188405797,
                "support": 549
            },
            "4": {
                "precision": 0.8811410459587956,
                "recall": 0.8783570300157978,
                "f1-score": 0.8797468354430379,
                "support": 1899
            },
            "5": {
                "precision": 0.9396527184742386,
                "recall": 0.9504750935790383,
                "f1-score": 0.9450329229888348,
                "support": 3473
            },
            "6": {
                "precision": 0.9598451862602806,
                "recall": 0.9673330082886397,
                "f1-score": 0.9635745507527927,
                "support": 4102
            },
            "accuracy": 0.9642780306876759,
            "macro avg": {
                "precision": 0.9396458208917718,
                "recall": 0.9429195525192032,
                "f1-score": 0.9412708440720673,
                "support": 116203
            },
            "weighted avg": {
                "precision": 0.9642850269815267,
                "recall": 0.9642780306876759,
                "f1-score": 0.9642765899446809,
                "support": 116203
            },
            "score": 0.9642780306876759
        }
    }
}
