{
    "program": "bin/ensemble.py",
    "single_program": "/slot/sandbox/d/in/script/0_script_unpacked/pretrains/bin/pretrain_ae_supervised___8c8890798e4640389b38eb444d170ebb.py",
    "config": {
        "seeds": [
            "10",
            "11",
            "12",
            "13",
            "14"
        ]
    },
    "prediction_type": "probs",
    "metrics": {
        "train": {
            "0": {
                "precision": 0.8832720588235294,
                "recall": 0.7781376518218623,
                "f1-score": 0.8273783900129144,
                "support": 1235
            },
            "1": {
                "precision": 0.7802867691250966,
                "recall": 0.8807908509401047,
                "f1-score": 0.8274982927384475,
                "support": 10318
            },
            "2": {
                "precision": 0.7024110218140069,
                "recall": 0.5972276454509957,
                "f1-score": 0.6455629418592382,
                "support": 5122
            },
            "3": {
                "precision": 0.8405238828967643,
                "recall": 0.6335656213704994,
                "f1-score": 0.7225165562913908,
                "support": 1722
            },
            "4": {
                "precision": 0.976796830786644,
                "recall": 0.9845978322875071,
                "f1-score": 0.9806818181818182,
                "support": 1753
            },
            "5": {
                "precision": 0.9739370513528437,
                "recall": 0.9749060358169357,
                "f1-score": 0.974421302690459,
                "support": 9046
            },
            "6": {
                "precision": 0.8579481397970687,
                "recall": 0.8376444689047882,
                "f1-score": 0.8476747424115846,
                "support": 1817
            },
            "7": {
                "precision": 0.9618081180811808,
                "recall": 0.9623407790289829,
                "f1-score": 0.9620743748269817,
                "support": 5417
            },
            "8": {
                "precision": 0.9289959336878324,
                "recall": 0.9366130558183539,
                "f1-score": 0.9327889447236182,
                "support": 3171
            },
            "accuracy": 0.8699022751950708,
            "macro avg": {
                "precision": 0.8784422007072186,
                "recall": 0.84286932682667,
                "f1-score": 0.8578441515262725,
                "support": 39601
            },
            "weighted avg": {
                "precision": 0.869280652479668,
                "recall": 0.8699022751950708,
                "f1-score": 0.8675056833112009,
                "support": 39601
            },
            "logloss": 0.3298758335923011,
            "score": -0.3298758335923011
        },
        "val": {
            "0": {
                "precision": 0.7106382978723405,
                "recall": 0.5422077922077922,
                "f1-score": 0.6151012891344384,
                "support": 308
            },
            "1": {
                "precision": 0.7431379193493731,
                "recall": 0.85,
                "f1-score": 0.7929849936720303,
                "support": 2580
            },
            "2": {
                "precision": 0.6361085126286249,
                "recall": 0.5308352849336456,
                "f1-score": 0.5787234042553191,
                "support": 1281
            },
            "3": {
                "precision": 0.7549019607843137,
                "recall": 0.5359628770301624,
                "f1-score": 0.6268656716417911,
                "support": 431
            },
            "4": {
                "precision": 0.9659090909090909,
                "recall": 0.9703196347031964,
                "f1-score": 0.9681093394077449,
                "support": 438
            },
            "5": {
                "precision": 0.9504906333630687,
                "recall": 0.9420866489832007,
                "f1-score": 0.9462699822380106,
                "support": 2262
            },
            "6": {
                "precision": 0.7396061269146609,
                "recall": 0.7444933920704846,
                "f1-score": 0.7420417124039517,
                "support": 454
            },
            "7": {
                "precision": 0.9230769230769231,
                "recall": 0.9394387001477105,
                "f1-score": 0.931185944363104,
                "support": 1354
            },
            "8": {
                "precision": 0.8541919805589308,
                "recall": 0.8865069356872636,
                "f1-score": 0.870049504950495,
                "support": 793
            },
            "accuracy": 0.8221391778608221,
            "macro avg": {
                "precision": 0.808673493939703,
                "recall": 0.7713168073070507,
                "f1-score": 0.7857035380074318,
                "support": 9901
            },
            "weighted avg": {
                "precision": 0.819358625186896,
                "recall": 0.8221391778608221,
                "f1-score": 0.8180014968249342,
                "support": 9901
            },
            "logloss": 0.45094650903092215,
            "score": -0.45094650903092215
        },
        "test": {
            "0": {
                "precision": 0.6996699669966997,
                "recall": 0.5492227979274611,
                "f1-score": 0.6153846153846153,
                "support": 386
            },
            "1": {
                "precision": 0.7504127682993946,
                "recall": 0.8458436724565757,
                "f1-score": 0.7952755905511811,
                "support": 3224
            },
            "2": {
                "precision": 0.6160714285714286,
                "recall": 0.5171767645221736,
                "f1-score": 0.5623089983022072,
                "support": 1601
            },
            "3": {
                "precision": 0.7331730769230769,
                "recall": 0.5669144981412639,
                "f1-score": 0.6394129979035639,
                "support": 538
            },
            "4": {
                "precision": 0.9744525547445255,
                "recall": 0.9744525547445255,
                "f1-score": 0.9744525547445255,
                "support": 548
            },
            "5": {
                "precision": 0.9501942776404098,
                "recall": 0.9515387336399009,
                "f1-score": 0.9508660303994344,
                "support": 2827
            },
            "6": {
                "precision": 0.7509293680297398,
                "recall": 0.7112676056338029,
                "f1-score": 0.7305605786618444,
                "support": 568
            },
            "7": {
                "precision": 0.9172932330827067,
                "recall": 0.9367985823981099,
                "f1-score": 0.9269433080070134,
                "support": 1693
            },
            "8": {
                "precision": 0.8625363020329139,
                "recall": 0.8990918264379415,
                "f1-score": 0.8804347826086958,
                "support": 991
            },
            "accuracy": 0.822317388493859,
            "macro avg": {
                "precision": 0.8060814418134329,
                "recall": 0.7724785595446394,
                "f1-score": 0.7861821618403424,
                "support": 12376
            },
            "weighted avg": {
                "precision": 0.818088143797626,
                "recall": 0.822317388493859,
                "f1-score": 0.8180874621258598,
                "support": 12376
            },
            "logloss": 0.4494642578740132,
            "score": -0.4494642578740132
        }
    }
}
