{
    "program": "bin/ensemble.py",
    "single_program": "/slot/sandbox/d/in/script/0_script_unpacked/pretrains/bin/pretrain_mask___b70e305d68e54bb382c58a04a4d13e50.py",
    "config": {
        "seeds": [
            "10",
            "11",
            "12",
            "13",
            "14"
        ]
    },
    "prediction_type": null,
    "metrics": {
        "train": {
            "rmse": 4.187063641157648,
            "score": -4.187063641157648
        },
        "val": {
            "rmse": 5.365664000486164,
            "score": -5.365664000486164
        },
        "test": {
            "rmse": 5.587018722673271,
            "score": -5.587018722673271
        }
    }
}
