{
    "program": "bin/ensemble.py",
    "single_program": "/slot/sandbox/d/in/script/0_script_unpacked/pretrains/bin/augmented_supervised___7fd3d80027cf44ec870d630f6eb4589e.py",
    "config": {
        "seeds": [
            "5",
            "6",
            "7",
            "8",
            "9"
        ]
    },
    "prediction_type": null,
    "metrics": {
        "train": {
            "rmse": 1.7072339645508934,
            "score": -1.7072339645508934
        },
        "val": {
            "rmse": 1.8891174867219869,
            "score": -1.8891174867219869
        },
        "test": {
            "rmse": 1.8962401563668891,
            "score": -1.8962401563668891
        }
    }
}
