{
    "program": "bin/ensemble.py",
    "single_program": "/slot/sandbox/d/in/script/0_script_unpacked/pretrains/bin/pretrain_mask___23ebee2d278a465cab387c02e8244632.py",
    "config": {
        "seeds": [
            "0",
            "1",
            "2",
            "3",
            "4"
        ]
    },
    "prediction_type": null,
    "metrics": {
        "train": {
            "rmse": 0.29728140587811164,
            "score": -0.29728140587811164
        },
        "val": {
            "rmse": 0.40934825382669865,
            "score": -0.40934825382669865
        },
        "test": {
            "rmse": 0.41194488798087764,
            "score": -0.41194488798087764
        }
    }
}
