{
    "program": "bin/ensemble.py",
    "single_program": "/slot/sandbox/d/in/script/0_script_unpacked/pretrains/bin/pretrain_mask___f4a5e7f9becb4aceb4e3d834e2132827.py",
    "config": {
        "seeds": [
            "5",
            "6",
            "7",
            "8",
            "9"
        ]
    },
    "prediction_type": null,
    "metrics": {
        "train": {
            "rmse": 1.151931219420129,
            "score": -1.151931219420129
        },
        "val": {
            "rmse": 1.7514729538233134,
            "score": -1.7514729538233134
        },
        "test": {
            "rmse": 1.7593885886931453,
            "score": -1.7593885886931453
        }
    }
}
