{
    "program": "bin/ensemble.py",
    "single_program": "/slot/sandbox/d/in/script/0_script_unpacked/pretrains/bin/pretrain_mask___78e4007a9bec4c2aa06dd766296c1fc8.py",
    "config": {
        "seeds": [
            "10",
            "11",
            "12",
            "13",
            "14"
        ]
    },
    "prediction_type": "probs",
    "metrics": {
        "train": {
            "0": {
                "precision": 0.8903413217138707,
                "recall": 0.9623233908948194,
                "f1-score": 0.924933987174651,
                "support": 5096
            },
            "1": {
                "precision": 0.7847533632286996,
                "recall": 0.5368098159509203,
                "f1-score": 0.6375227686703097,
                "support": 1304
            },
            "accuracy": 0.875625,
            "macro avg": {
                "precision": 0.8375473424712852,
                "recall": 0.7495666034228698,
                "f1-score": 0.7812283779224803,
                "support": 6400
            },
            "weighted avg": {
                "precision": 0.8688277751725171,
                "recall": 0.875625,
                "f1-score": 0.8663739514043916,
                "support": 6400
            },
            "roc_auc": 0.8964224316437288,
            "score": 0.8964224316437288
        },
        "val": {
            "0": {
                "precision": 0.8820143884892087,
                "recall": 0.9623233908948194,
                "f1-score": 0.9204204204204204,
                "support": 1274
            },
            "1": {
                "precision": 0.7714285714285715,
                "recall": 0.49693251533742333,
                "f1-score": 0.6044776119402985,
                "support": 326
            },
            "accuracy": 0.8675,
            "macro avg": {
                "precision": 0.82672147995889,
                "recall": 0.7296279531161214,
                "f1-score": 0.7624490161803594,
                "support": 1600
            },
            "weighted avg": {
                "precision": 0.8594825282631038,
                "recall": 0.8675,
                "f1-score": 0.8560470731925954,
                "support": 1600
            },
            "roc_auc": 0.8798070903680019,
            "score": 0.8798070903680019
        },
        "test": {
            "0": {
                "precision": 0.8786658999424957,
                "recall": 0.9591964846202135,
                "f1-score": 0.9171668667466987,
                "support": 1593
            },
            "1": {
                "precision": 0.7509578544061303,
                "recall": 0.48157248157248156,
                "f1-score": 0.5868263473053893,
                "support": 407
            },
            "accuracy": 0.862,
            "macro avg": {
                "precision": 0.8148118771743129,
                "recall": 0.7203844830963475,
                "f1-score": 0.751996607026044,
                "support": 2000
            },
            "weighted avg": {
                "precision": 0.8526773126758453,
                "recall": 0.862,
                "f1-score": 0.8499425710403922,
                "support": 2000
            },
            "roc_auc": 0.8675701896040878,
            "score": 0.8675701896040878
        }
    }
}
