{
    "program": "bin/ensemble.py",
    "single_program": "/slot/sandbox/d/in/script/0_script_unpacked/pretrains/bin/pretrain_ae_mask___f3476364dfa7480d8c131a6bbc9bd2a8.py",
    "config": {
        "seeds": [
            "0",
            "1",
            "2",
            "3",
            "4"
        ]
    },
    "prediction_type": null,
    "metrics": {
        "train": {
            "rmse": 1.543217632726452,
            "score": -1.543217632726452
        },
        "val": {
            "rmse": 1.845536093517711,
            "score": -1.845536093517711
        },
        "test": {
            "rmse": 1.8488968779145907,
            "score": -1.8488968779145907
        }
    }
}
