{
    "program": "bin/ensemble.py",
    "single_program": "/slot/sandbox/d/in/script/0_script_unpacked/pretrains/bin/pretrain_mask_pretrain_es___6bfbf4b074a740f7b42154b0a78882d8.py",
    "config": {
        "seeds": [
            "5",
            "6",
            "7",
            "8",
            "9"
        ]
    },
    "prediction_type": "probs",
    "metrics": {
        "train": {
            "0": {
                "precision": 0.9926229508196721,
                "recall": 0.9914661670772544,
                "f1-score": 0.9920442217285736,
                "support": 135578
            },
            "1": {
                "precision": 0.9937295604074406,
                "recall": 0.9938117719731733,
                "f1-score": 0.99377066449003,
                "support": 181312
            },
            "2": {
                "precision": 0.9978075944926774,
                "recall": 0.9944934883314396,
                "f1-score": 0.9961477849763614,
                "support": 22882
            },
            "3": {
                "precision": 0.9864940911648846,
                "recall": 0.9965889710062535,
                "f1-score": 0.9915158371040724,
                "support": 1759
            },
            "4": {
                "precision": 0.9744881377965551,
                "recall": 0.9871604938271605,
                "f1-score": 0.9807833837599149,
                "support": 6075
            },
            "5": {
                "precision": 0.990523869122117,
                "recall": 0.99685110211426,
                "f1-score": 0.9936774135688982,
                "support": 11115
            },
            "6": {
                "precision": 0.98937542688017,
                "recall": 0.9932195642236782,
                "f1-score": 0.9912937687716231,
                "support": 13126
            },
            "accuracy": 0.9929729162800829,
            "macro avg": {
                "precision": 0.9892916615262167,
                "recall": 0.9933702226504598,
                "f1-score": 0.9913190106284963,
                "support": 371847
            },
            "weighted avg": {
                "precision": 0.9929789269834081,
                "recall": 0.9929729162800829,
                "f1-score": 0.992974405343822,
                "support": 371847
            },
            "score": 0.9929729162800829
        },
        "val": {
            "0": {
                "precision": 0.9702513098303881,
                "recall": 0.9670738183749337,
                "f1-score": 0.9686599583314863,
                "support": 33894
            },
            "1": {
                "precision": 0.9740617493443815,
                "recall": 0.9751147193787505,
                "f1-score": 0.9745879499476325,
                "support": 45328
            },
            "2": {
                "precision": 0.9723437773499037,
                "recall": 0.9709840936899143,
                "f1-score": 0.9716634598565681,
                "support": 5721
            },
            "3": {
                "precision": 0.9218390804597701,
                "recall": 0.9134396355353075,
                "f1-score": 0.9176201372997711,
                "support": 439
            },
            "4": {
                "precision": 0.9030779305828421,
                "recall": 0.9078341013824884,
                "f1-score": 0.9054497701904137,
                "support": 1519
            },
            "5": {
                "precision": 0.9399929403459231,
                "recall": 0.9582583663188197,
                "f1-score": 0.9490377761938703,
                "support": 2779
            },
            "6": {
                "precision": 0.9656952034001214,
                "recall": 0.9692260816575259,
                "f1-score": 0.9674574209245741,
                "support": 3282
            },
            "accuracy": 0.9698263806716723,
            "macro avg": {
                "precision": 0.9496088559019044,
                "recall": 0.9517044023339628,
                "f1-score": 0.9506394961063309,
                "support": 92962
            },
            "weighted avg": {
                "precision": 0.9698464145731567,
                "recall": 0.9698263806716723,
                "f1-score": 0.9698323460496133,
                "support": 92962
            },
            "score": 0.9698263806716723
        },
        "test": {
            "0": {
                "precision": 0.9702663002274451,
                "recall": 0.9666021525679759,
                "f1-score": 0.9684307604994324,
                "support": 42368
            },
            "1": {
                "precision": 0.97297011559064,
                "recall": 0.9745327473923863,
                "f1-score": 0.9737508045814853,
                "support": 56661
            },
            "2": {
                "precision": 0.9708928071648475,
                "recall": 0.9702139560900573,
                "f1-score": 0.9705532629222914,
                "support": 7151
            },
            "3": {
                "precision": 0.9074410163339383,
                "recall": 0.9107468123861566,
                "f1-score": 0.9090909090909091,
                "support": 549
            },
            "4": {
                "precision": 0.8966789667896679,
                "recall": 0.8957345971563981,
                "f1-score": 0.8962065331928345,
                "support": 1899
            },
            "5": {
                "precision": 0.9412765957446808,
                "recall": 0.955369997120645,
                "f1-score": 0.9482709345527294,
                "support": 3473
            },
            "6": {
                "precision": 0.9658098933074685,
                "recall": 0.9709897610921502,
                "f1-score": 0.9683929005592026,
                "support": 4102
            },
            "accuracy": 0.9690885777475624,
            "macro avg": {
                "precision": 0.9464765278798124,
                "recall": 0.9491700034008242,
                "f1-score": 0.9478137293426979,
                "support": 116203
            },
            "weighted avg": {
                "precision": 0.9691001184721814,
                "recall": 0.9690885777475624,
                "f1-score": 0.9690909437089265,
                "support": 116203
            },
            "score": 0.9690885777475624
        }
    }
}
