{
    "program": "bin/ensemble.py",
    "single_program": "/slot/sandbox/d/in/script/0_script_unpacked/pretrains/bin/finetune___522d23c855a64abf9abf3e112ac8e0bc.py",
    "config": {
        "seeds": [
            "10",
            "11",
            "12",
            "13",
            "14"
        ]
    },
    "prediction_type": "probs",
    "metrics": {
        "train": {
            "0": {
                "precision": 0.7523839030603463,
                "recall": 0.7388276654722467,
                "f1-score": 0.7455441660554998,
                "support": 29582
            },
            "1": {
                "precision": 0.7707554447807252,
                "recall": 0.7831408845608852,
                "f1-score": 0.776898805162178,
                "support": 33169
            },
            "accuracy": 0.7622508007840513,
            "macro avg": {
                "precision": 0.7615696739205358,
                "recall": 0.7609842750165658,
                "f1-score": 0.7612214856088388,
                "support": 62751
            },
            "weighted avg": {
                "precision": 0.7620947549563042,
                "recall": 0.7622508007840513,
                "f1-score": 0.7621176393791028,
                "support": 62751
            },
            "roc_auc": 0.8457035958215793,
            "score": 0.8457035958215793
        },
        "val": {
            "0": {
                "precision": 0.7284476636841358,
                "recall": 0.6934829637641968,
                "f1-score": 0.7105354297984345,
                "support": 7396
            },
            "1": {
                "precision": 0.737828148490806,
                "recall": 0.769416304872166,
                "f1-score": 0.7532912214416435,
                "support": 8292
            },
            "accuracy": 0.7336180520142784,
            "macro avg": {
                "precision": 0.733137906087471,
                "recall": 0.7314496343181813,
                "f1-score": 0.731913325620039,
                "support": 15688
            },
            "weighted avg": {
                "precision": 0.7334057832670596,
                "recall": 0.7336180520142784,
                "f1-score": 0.7331342967225478,
                "support": 15688
            },
            "roc_auc": 0.8135389770144721,
            "score": 0.8135389770144721
        },
        "test": {
            "0": {
                "precision": 0.716487415456259,
                "recall": 0.6989724175229854,
                "f1-score": 0.7076215505913273,
                "support": 9245
            },
            "1": {
                "precision": 0.7372297233500141,
                "recall": 0.7533043897732754,
                "f1-score": 0.7451803779347203,
                "support": 10365
            },
            "accuracy": 0.7276899541050484,
            "macro avg": {
                "precision": 0.7268585694031366,
                "recall": 0.7261384036481304,
                "f1-score": 0.7264009642630238,
                "support": 19610
            },
            "weighted avg": {
                "precision": 0.7274509045597151,
                "recall": 0.7276899541050484,
                "f1-score": 0.7274735263901171,
                "support": 19610
            },
            "roc_auc": 0.8075317749102069,
            "score": 0.8075317749102069
        }
    }
}
