{
    "program": "bin/ensemble.py",
    "single_program": "/slot/sandbox/d/in/script/0_script_unpacked/pretrains/bin/finetune___1fab40733ce14a71b3c31cfff50d49a7.py",
    "config": {
        "seeds": [
            "10",
            "11",
            "12",
            "13",
            "14"
        ]
    },
    "prediction_type": null,
    "metrics": {
        "train": {
            "rmse": 0.3509853913706716,
            "score": -0.3509853913706716
        },
        "val": {
            "rmse": 0.44487986721999184,
            "score": -0.44487986721999184
        },
        "test": {
            "rmse": 0.4521104652303642,
            "score": -0.4521104652303642
        }
    }
}
