{
    "program": "bin/ensemble.py",
    "single_program": "/slot/sandbox/d/in/script/0_script_unpacked/pretrains/bin/pretrain_contrastive___8524fac1bf21435898b9765e3a08dd14.py",
    "config": {
        "seeds": [
            "5",
            "6",
            "7",
            "8",
            "9"
        ]
    },
    "prediction_type": "probs",
    "metrics": {
        "train": {
            "0": {
                "precision": 0.9034593333981149,
                "recall": 0.9403286978508217,
                "f1-score": 0.9215253859305697,
                "support": 19775
            },
            "1": {
                "precision": 0.7841200146359312,
                "recall": 0.6832456559859716,
                "f1-score": 0.7302155209131952,
                "support": 6273
            },
            "accuracy": 0.878416769041769,
            "macro avg": {
                "precision": 0.843789674017023,
                "recall": 0.8117871769183966,
                "f1-score": 0.8258704534218824,
                "support": 26048
            },
            "weighted avg": {
                "precision": 0.874719485939762,
                "recall": 0.878416769041769,
                "f1-score": 0.8754532581950818,
                "support": 26048
            },
            "roc_auc": 0.9363407802145248,
            "score": 0.9363407802145248
        },
        "val": {
            "0": {
                "precision": 0.8898404048267808,
                "recall": 0.9245702730030334,
                "f1-score": 0.9068729544778341,
                "support": 4945
            },
            "1": {
                "precision": 0.7287272727272728,
                "recall": 0.639030612244898,
                "f1-score": 0.6809378185524975,
                "support": 1568
            },
            "accuracy": 0.8558268079226163,
            "macro avg": {
                "precision": 0.8092838387770268,
                "recall": 0.7818004426239658,
                "f1-score": 0.7939053865151657,
                "support": 6513
            },
            "weighted avg": {
                "precision": 0.8510525357753409,
                "recall": 0.8558268079226163,
                "f1-score": 0.8524792352807009,
                "support": 6513
            },
            "roc_auc": 0.9155496817028126,
            "score": 0.9155496817028126
        },
        "test": {
            "0": {
                "precision": 0.8905238828967642,
                "recall": 0.9295536791314837,
                "f1-score": 0.9096203029706865,
                "support": 12435
            },
            "1": {
                "precision": 0.7346258709481975,
                "recall": 0.6305252210088403,
                "f1-score": 0.6786064082831956,
                "support": 3846
            },
            "accuracy": 0.8589153000429949,
            "macro avg": {
                "precision": 0.8125748769224809,
                "recall": 0.780039450070162,
                "f1-score": 0.7941133556269411,
                "support": 16281
            },
            "weighted avg": {
                "precision": 0.8536966760940994,
                "recall": 0.8589153000429949,
                "f1-score": 0.8550487509181044,
                "support": 16281
            },
            "roc_auc": 0.9113843258997749,
            "score": 0.9113843258997749
        }
    }
}
