{
    "program": "bin/ensemble.py",
    "single_program": "/slot/sandbox/d/in/script/0_script_unpacked/pretrains/bin/finetune___06f0a9c574a741a39d306e14d215a9b3.py",
    "config": {
        "seeds": [
            "5",
            "6",
            "7",
            "8",
            "9"
        ]
    },
    "prediction_type": "probs",
    "metrics": {
        "train": {
            "0": {
                "precision": 0.7777739045560706,
                "recall": 0.7542424447299033,
                "f1-score": 0.7658274554222656,
                "support": 29582
            },
            "1": {
                "precision": 0.7865782057303898,
                "recall": 0.8078024661581598,
                "f1-score": 0.7970490681659305,
                "support": 33169
            },
            "accuracy": 0.782553266083409,
            "macro avg": {
                "precision": 0.7821760551432302,
                "recall": 0.7810224554440315,
                "f1-score": 0.781438261794098,
                "support": 62751
            },
            "weighted avg": {
                "precision": 0.7824276927929275,
                "recall": 0.782553266083409,
                "f1-score": 0.7823306135089035,
                "support": 62751
            },
            "roc_auc": 0.8711428046441629,
            "score": 0.8711428046441629
        },
        "val": {
            "0": {
                "precision": 0.7258340461933276,
                "recall": 0.6883450513791238,
                "f1-score": 0.7065926439972241,
                "support": 7396
            },
            "1": {
                "precision": 0.7342633156559834,
                "recall": 0.7680897250361794,
                "f1-score": 0.7507957090651892,
                "support": 8292
            },
            "accuracy": 0.7304946455889852,
            "macro avg": {
                "precision": 0.7300486809246555,
                "recall": 0.7282173882076517,
                "f1-score": 0.7286941765312067,
                "support": 15688
            },
            "weighted avg": {
                "precision": 0.7302893943820286,
                "recall": 0.7304946455889852,
                "f1-score": 0.7299564772164724,
                "support": 15688
            },
            "roc_auc": 0.8118663867536905,
            "score": 0.8118663867536905
        },
        "test": {
            "0": {
                "precision": 0.7152154398563735,
                "recall": 0.6894537587885343,
                "f1-score": 0.7020983642672248,
                "support": 9245
            },
            "1": {
                "precision": 0.7316320807627594,
                "recall": 0.755137481910275,
                "f1-score": 0.7431989745050562,
                "support": 10365
            },
            "accuracy": 0.7241713411524733,
            "macro avg": {
                "precision": 0.7234237603095665,
                "recall": 0.7222956203494046,
                "f1-score": 0.7226486693861405,
                "support": 19610
            },
            "weighted avg": {
                "precision": 0.7238925680050063,
                "recall": 0.7241713411524733,
                "f1-score": 0.7238223737070577,
                "support": 19610
            },
            "roc_auc": 0.805690882048079,
            "score": 0.805690882048079
        }
    }
}
