{
    "program": "bin/ensemble.py",
    "single_program": "/slot/sandbox/d/in/script/0_script_unpacked/pretrains/bin/pretrain_ae___35abb6d3ea33456d891fb938786040ea.py",
    "config": {
        "seeds": [
            "0",
            "1",
            "2",
            "3",
            "4"
        ]
    },
    "prediction_type": "probs",
    "metrics": {
        "train": {
            "0": {
                "precision": 0.9088325948757465,
                "recall": 0.9542857142857143,
                "f1-score": 0.9310047115123709,
                "support": 19775
            },
            "1": {
                "precision": 0.8289174867524602,
                "recall": 0.6982305117168819,
                "f1-score": 0.75798217530501,
                "support": 6273
            },
            "accuracy": 0.8926213144963145,
            "macro avg": {
                "precision": 0.8688750408141034,
                "recall": 0.826258113001298,
                "f1-score": 0.8444934434086904,
                "support": 26048
            },
            "weighted avg": {
                "precision": 0.8895870684146986,
                "recall": 0.8926213144963145,
                "f1-score": 0.8893366229977526,
                "support": 26048
            },
            "roc_auc": 0.9496272931793049,
            "score": 0.9496272931793049
        },
        "val": {
            "0": {
                "precision": 0.8939277478862413,
                "recall": 0.9407482305358948,
                "f1-score": 0.9167405655729629,
                "support": 4945
            },
            "1": {
                "precision": 0.7761650114591291,
                "recall": 0.6479591836734694,
                "f1-score": 0.7062912756343412,
                "support": 1568
            },
            "accuracy": 0.8702594810379242,
            "macro avg": {
                "precision": 0.8350463796726852,
                "recall": 0.7943537071046821,
                "f1-score": 0.8115159206036521,
                "support": 6513
            },
            "weighted avg": {
                "precision": 0.8655764549770271,
                "recall": 0.8702594810379242,
                "f1-score": 0.8660750525031397,
                "support": 6513
            },
            "roc_auc": 0.9306194672004292,
            "score": 0.9306194672004292
        },
        "test": {
            "0": {
                "precision": 0.8954138274251588,
                "recall": 0.9404905508644954,
                "f1-score": 0.9173988076561029,
                "support": 12435
            },
            "1": {
                "precision": 0.7701863354037267,
                "recall": 0.6448257930317213,
                "f1-score": 0.7019530144353241,
                "support": 3846
            },
            "accuracy": 0.8706467661691543,
            "macro avg": {
                "precision": 0.8328000814144427,
                "recall": 0.7926581719481083,
                "f1-score": 0.8096759110457135,
                "support": 16281
            },
            "weighted avg": {
                "precision": 0.8658318033287012,
                "recall": 0.8706467661691543,
                "f1-score": 0.8665048502378168,
                "support": 16281
            },
            "roc_auc": 0.9249175379158311,
            "score": 0.9249175379158311
        }
    }
}
