{
    "program": "bin/ensemble.py",
    "single_program": "/slot/sandbox/d/in/script/0_script_unpacked/pretrains/bin/augmented_supervised___7e68de506eca48e1ae80773ebcbcc9f8.py",
    "config": {
        "seeds": [
            "10",
            "11",
            "12",
            "13",
            "14"
        ]
    },
    "prediction_type": null,
    "metrics": {
        "train": {
            "rmse": 1.6576713656444186,
            "score": -1.6576713656444186
        },
        "val": {
            "rmse": 1.8398194102699266,
            "score": -1.8398194102699266
        },
        "test": {
            "rmse": 1.8410445441469598,
            "score": -1.8410445441469598
        }
    }
}
