{
    "program": "bin/ensemble.py",
    "single_program": "/slot/sandbox/d/in/script/0_script_unpacked/pretrains/bin/pretrain_mask_supervised___8781e7e3b95d45f7abc33a93094cdfa7.py",
    "config": {
        "seeds": [
            "0",
            "1",
            "2",
            "3",
            "4"
        ]
    },
    "prediction_type": "probs",
    "metrics": {
        "train": {
            "0": {
                "precision": 0.9980364801322792,
                "recall": 0.9972488161796161,
                "f1-score": 0.9976424926858242,
                "support": 135578
            },
            "1": {
                "precision": 0.9978722935132514,
                "recall": 0.9984446699611719,
                "f1-score": 0.9981583996824067,
                "support": 181312
            },
            "2": {
                "precision": 0.9983833617337353,
                "recall": 0.9986015208460799,
                "f1-score": 0.9984924293735935,
                "support": 22882
            },
            "3": {
                "precision": 0.9948921679909194,
                "recall": 0.9965889710062535,
                "f1-score": 0.9957398466344788,
                "support": 1759
            },
            "4": {
                "precision": 0.994883644165704,
                "recall": 0.9922633744855968,
                "f1-score": 0.9935717817702324,
                "support": 6075
            },
            "5": {
                "precision": 0.9976612395430422,
                "recall": 0.9978407557354926,
                "f1-score": 0.9977509895645916,
                "support": 11115
            },
            "6": {
                "precision": 0.9964979063570613,
                "recall": 0.9971811671491696,
                "f1-score": 0.9968394196717566,
                "support": 13126
            },
            "accuracy": 0.9978458882282228,
            "macro avg": {
                "precision": 0.9968895847765704,
                "recall": 0.9968813250519116,
                "f1-score": 0.9968850513404119,
                "support": 371847
            },
            "weighted avg": {
                "precision": 0.9978458584477123,
                "recall": 0.9978458882282228,
                "f1-score": 0.997845739891966,
                "support": 371847
            },
            "score": 0.9978458882282228
        },
        "val": {
            "0": {
                "precision": 0.9758853888592276,
                "recall": 0.9707027792529651,
                "f1-score": 0.9732871849485267,
                "support": 33894
            },
            "1": {
                "precision": 0.9758165484218156,
                "recall": 0.9801006000705965,
                "f1-score": 0.9779538825601234,
                "support": 45328
            },
            "2": {
                "precision": 0.9723622457848079,
                "recall": 0.9778010837266212,
                "f1-score": 0.9750740805298936,
                "support": 5721
            },
            "3": {
                "precision": 0.9236111111111112,
                "recall": 0.908883826879271,
                "f1-score": 0.9161882893226176,
                "support": 439
            },
            "4": {
                "precision": 0.9238613188307274,
                "recall": 0.8946675444371297,
                "f1-score": 0.9090301003344481,
                "support": 1519
            },
            "5": {
                "precision": 0.9579288025889967,
                "recall": 0.9586182079884851,
                "f1-score": 0.958273381294964,
                "support": 2779
            },
            "6": {
                "precision": 0.9695493300852619,
                "recall": 0.9701401584399756,
                "f1-score": 0.9698446542796222,
                "support": 3282
            },
            "accuracy": 0.9738065015812912,
            "macro avg": {
                "precision": 0.9570021065259927,
                "recall": 0.9515591715421491,
                "f1-score": 0.9542359390385994,
                "support": 92962
            },
            "weighted avg": {
                "precision": 0.9737775860008381,
                "recall": 0.9738065015812912,
                "f1-score": 0.9737826586500639,
                "support": 92962
            },
            "score": 0.9738065015812912
        },
        "test": {
            "0": {
                "precision": 0.974918806154138,
                "recall": 0.9706618202416919,
                "f1-score": 0.9727856559946068,
                "support": 42368
            },
            "1": {
                "precision": 0.9754845063487039,
                "recall": 0.9789449533188613,
                "f1-score": 0.9772116663583591,
                "support": 56661
            },
            "2": {
                "precision": 0.9676792897766681,
                "recall": 0.9755278981960565,
                "f1-score": 0.9715877437325904,
                "support": 7151
            },
            "3": {
                "precision": 0.912962962962963,
                "recall": 0.8979963570127505,
                "f1-score": 0.9054178145087236,
                "support": 549
            },
            "4": {
                "precision": 0.9216113228089275,
                "recall": 0.8915218536071616,
                "f1-score": 0.9063169164882227,
                "support": 1899
            },
            "5": {
                "precision": 0.9537304800462695,
                "recall": 0.949611287071696,
                "f1-score": 0.9516664262011255,
                "support": 3473
            },
            "6": {
                "precision": 0.9703451628585319,
                "recall": 0.9731838127742565,
                "f1-score": 0.9717624148003894,
                "support": 4102
            },
            "accuracy": 0.9728234210820719,
            "macro avg": {
                "precision": 0.9538189329937431,
                "recall": 0.9482068546032105,
                "f1-score": 0.9509640911548596,
                "support": 116203
            },
            "weighted avg": {
                "precision": 0.9727905525544313,
                "recall": 0.9728234210820719,
                "f1-score": 0.9727982408752472,
                "support": 116203
            },
            "score": 0.9728234210820719
        }
    }
}
