{
    "program": "bin/ensemble.py",
    "single_program": "/slot/sandbox/d/in/script/0_script_unpacked/pretrains/bin/pretrain_mask___4353b5781f5f4d5c838667c595bf7ed4.py",
    "config": {
        "seeds": [
            "10",
            "11",
            "12",
            "13",
            "14"
        ]
    },
    "prediction_type": null,
    "metrics": {
        "train": {
            "rmse": 14199.378150935425,
            "score": -14199.378150935425
        },
        "val": {
            "rmse": 26784.58551656618,
            "score": -26784.58551656618
        },
        "test": {
            "rmse": 29300.05569559173,
            "score": -29300.05569559173
        }
    }
}
