{
    "program": "bin/ensemble.py",
    "single_program": "/slot/sandbox/d/in/script/0_script_unpacked/pretrains/bin/pretrain_ae_ddp___bf2be9084ddd47f6936054ac2428cb79.py",
    "config": {
        "seeds": [
            "10",
            "11",
            "12",
            "13",
            "14"
        ]
    },
    "prediction_type": null,
    "metrics": {
        "train": {
            "rmse": 0.7124288784160863,
            "score": -0.7124288784160863
        },
        "val": {
            "rmse": 0.7416738657794893,
            "score": -0.7416738657794893
        },
        "test": {
            "rmse": 0.743900554386095,
            "score": -0.743900554386095
        }
    }
}
