{
    "program": "bin/ensemble.py",
    "single_program": "/slot/sandbox/d/in/script/0_script_unpacked/pretrains/bin/pretrain_ae_supervised___772b855fc1164127af485033e9b2b130.py",
    "config": {
        "seeds": [
            "5",
            "6",
            "7",
            "8",
            "9"
        ]
    },
    "prediction_type": "probs",
    "metrics": {
        "train": {
            "0": {
                "precision": 0.9984197078674918,
                "recall": 0.9972414403516795,
                "f1-score": 0.9978302262764027,
                "support": 135578
            },
            "1": {
                "precision": 0.9979499840186926,
                "recall": 0.998775591246029,
                "f1-score": 0.9983626169460876,
                "support": 181312
            },
            "2": {
                "precision": 0.9988201878960018,
                "recall": 0.9989511406345599,
                "f1-score": 0.9988856599733433,
                "support": 22882
            },
            "3": {
                "precision": 0.9943278502552467,
                "recall": 0.9965889710062535,
                "f1-score": 0.9954571266325951,
                "support": 1759
            },
            "4": {
                "precision": 0.994890390637877,
                "recall": 0.9935802469135803,
                "f1-score": 0.9942348871685059,
                "support": 6075
            },
            "5": {
                "precision": 0.9990988555465441,
                "recall": 0.997480881691408,
                "f1-score": 0.9982892130379974,
                "support": 11115
            },
            "6": {
                "precision": 0.9955910300266059,
                "recall": 0.9977906445223221,
                "f1-score": 0.9966896236825082,
                "support": 13126
            },
            "accuracy": 0.9980583411994718,
            "macro avg": {
                "precision": 0.9970140008926371,
                "recall": 0.9972012737665475,
                "f1-score": 0.997107050531063,
                "support": 371847
            },
            "weighted avg": {
                "precision": 0.9980587490186702,
                "recall": 0.9980583411994718,
                "f1-score": 0.9980582592356817,
                "support": 371847
            },
            "score": 0.9980583411994718
        },
        "val": {
            "0": {
                "precision": 0.9743255262377706,
                "recall": 0.9696111406148581,
                "f1-score": 0.97196261682243,
                "support": 33894
            },
            "1": {
                "precision": 0.9746607527117825,
                "recall": 0.9792622661489587,
                "f1-score": 0.9769560911191812,
                "support": 45328
            },
            "2": {
                "precision": 0.9699861207494795,
                "recall": 0.9772766998776438,
                "f1-score": 0.9736177622986504,
                "support": 5721
            },
            "3": {
                "precision": 0.9149425287356322,
                "recall": 0.9066059225512528,
                "f1-score": 0.9107551487414187,
                "support": 439
            },
            "4": {
                "precision": 0.9230769230769231,
                "recall": 0.8926925608953259,
                "f1-score": 0.9076305220883536,
                "support": 1519
            },
            "5": {
                "precision": 0.9627056672760512,
                "recall": 0.9474631162288593,
                "f1-score": 0.9550235763511062,
                "support": 2779
            },
            "6": {
                "precision": 0.9680559780955278,
                "recall": 0.9695307739183425,
                "f1-score": 0.9687928147358806,
                "support": 3282
            },
            "accuracy": 0.9725694369742476,
            "macro avg": {
                "precision": 0.9553933566975952,
                "recall": 0.9489203543193201,
                "f1-score": 0.9521055045938601,
                "support": 92962
            },
            "weighted avg": {
                "precision": 0.9725353904581324,
                "recall": 0.9725694369742476,
                "f1-score": 0.972540765699241,
                "support": 92962
            },
            "score": 0.9725694369742476
        },
        "test": {
            "0": {
                "precision": 0.9747432826617971,
                "recall": 0.9701189577039275,
                "f1-score": 0.9724256225232152,
                "support": 42368
            },
            "1": {
                "precision": 0.9745883345342073,
                "recall": 0.9787508162580963,
                "f1-score": 0.9766651403613821,
                "support": 56661
            },
            "2": {
                "precision": 0.968906163242643,
                "recall": 0.9760872605230038,
                "f1-score": 0.9724834552420759,
                "support": 7151
            },
            "3": {
                "precision": 0.9146567717996289,
                "recall": 0.8979963570127505,
                "f1-score": 0.9062499999999999,
                "support": 549
            },
            "4": {
                "precision": 0.9176598049837487,
                "recall": 0.8920484465508162,
                "f1-score": 0.9046728971962616,
                "support": 1899
            },
            "5": {
                "precision": 0.9597550306211724,
                "recall": 0.9475957385545638,
                "f1-score": 0.953636627064619,
                "support": 3473
            },
            "6": {
                "precision": 0.9720534629404617,
                "recall": 0.9751340809361287,
                "f1-score": 0.9735913350371181,
                "support": 4102
            },
            "accuracy": 0.9725824634475874,
            "macro avg": {
                "precision": 0.9546232643976656,
                "recall": 0.9482473796484695,
                "f1-score": 0.9513892967749531,
                "support": 116203
            },
            "weighted avg": {
                "precision": 0.972548867584461,
                "recall": 0.9725824634475874,
                "f1-score": 0.9725561149489198,
                "support": 116203
            },
            "score": 0.9725824634475874
        }
    }
}
