{
    "program": "bin/ensemble.py",
    "single_program": "/slot/sandbox/d/in/script/0_script_unpacked/pretrains/bin/augmented_supervised___145d5853b6cc4d0d81eaf7229e46aa63.py",
    "config": {
        "seeds": [
            "0",
            "1",
            "2",
            "3",
            "4"
        ]
    },
    "prediction_type": "probs",
    "metrics": {
        "train": {
            "0": {
                "precision": 0.8984382578329615,
                "recall": 0.9367383059418458,
                "f1-score": 0.9171886217909043,
                "support": 19775
            },
            "1": {
                "precision": 0.7696132596685082,
                "recall": 0.6661884265901482,
                "f1-score": 0.7141758523455525,
                "support": 6273
            },
            "accuracy": 0.871583230958231,
            "macro avg": {
                "precision": 0.8340257587507349,
                "recall": 0.801463366265997,
                "f1-score": 0.8156822370682284,
                "support": 26048
            },
            "weighted avg": {
                "precision": 0.8674140251285075,
                "recall": 0.871583230958231,
                "f1-score": 0.8682981464096585,
                "support": 26048
            },
            "roc_auc": 0.9296731340928343,
            "score": 0.9296731340928343
        },
        "val": {
            "0": {
                "precision": 0.8856088560885609,
                "recall": 0.9221435793731041,
                "f1-score": 0.9035070338815138,
                "support": 4945
            },
            "1": {
                "precision": 0.717741935483871,
                "recall": 0.6243622448979592,
                "f1-score": 0.6678035470668485,
                "support": 1568
            },
            "accuracy": 0.8504529402732995,
            "macro avg": {
                "precision": 0.8016753957862159,
                "recall": 0.7732529121355316,
                "f1-score": 0.7856552904741811,
                "support": 6513
            },
            "weighted avg": {
                "precision": 0.845195017380108,
                "recall": 0.8504529402732995,
                "f1-score": 0.8467615913319368,
                "support": 6513
            },
            "roc_auc": 0.9112266822805968,
            "score": 0.9112266822805968
        },
        "test": {
            "0": {
                "precision": 0.8889659958362248,
                "recall": 0.9271411338962605,
                "f1-score": 0.9076523382144545,
                "support": 12435
            },
            "1": {
                "precision": 0.7264492753623188,
                "recall": 0.625585023400936,
                "f1-score": 0.672254819782062,
                "support": 3846
            },
            "accuracy": 0.8559056569006818,
            "macro avg": {
                "precision": 0.8077076355992718,
                "recall": 0.7763630786485982,
                "f1-score": 0.7899535789982582,
                "support": 16281
            },
            "weighted avg": {
                "precision": 0.8505752761665091,
                "recall": 0.8559056569006818,
                "f1-score": 0.8520452590491094,
                "support": 16281
            },
            "roc_auc": 0.9086189004456037,
            "score": 0.9086189004456037
        }
    }
}
