{
    "program": "bin/ensemble.py",
    "single_program": "/slot/sandbox/d/in/script/0_script_unpacked/pretrains/bin/pretrain_supervised_contrastive___f607412e7db947aa838730073fe29607.py",
    "config": {
        "seeds": [
            "10",
            "11",
            "12",
            "13",
            "14"
        ]
    },
    "prediction_type": "probs",
    "metrics": {
        "train": {
            "0": {
                "precision": 0.9967072234363002,
                "recall": 0.9957515231084689,
                "f1-score": 0.9962291440673589,
                "support": 135578
            },
            "1": {
                "precision": 0.9966491777258498,
                "recall": 0.9973967525591246,
                "f1-score": 0.99702282500827,
                "support": 181312
            },
            "2": {
                "precision": 0.9972015741145606,
                "recall": 0.9966786120094397,
                "f1-score": 0.9969400244798041,
                "support": 22882
            },
            "3": {
                "precision": 0.9914432401597262,
                "recall": 0.9880613985218875,
                "f1-score": 0.989749430523918,
                "support": 1759
            },
            "4": {
                "precision": 0.9838103025347507,
                "recall": 0.9902880658436214,
                "f1-score": 0.9870385561936014,
                "support": 6075
            },
            "5": {
                "precision": 0.9950463838602179,
                "recall": 0.9939721097615835,
                "f1-score": 0.9945089567017733,
                "support": 11115
            },
            "6": {
                "precision": 0.994279176201373,
                "recall": 0.9930671948803901,
                "f1-score": 0.9936728159780455,
                "support": 13126
            },
            "accuracy": 0.9963372032045438,
            "macro avg": {
                "precision": 0.9935910111475399,
                "recall": 0.9936022366692165,
                "f1-score": 0.9935945361361102,
                "support": 371847
            },
            "weighted avg": {
                "precision": 0.9963383847134182,
                "recall": 0.9963372032045438,
                "f1-score": 0.9963374288238079,
                "support": 371847
            },
            "score": 0.9963372032045438
        },
        "val": {
            "0": {
                "precision": 0.9715358240718847,
                "recall": 0.9697586593497374,
                "f1-score": 0.9706464282550277,
                "support": 33894
            },
            "1": {
                "precision": 0.9748733759083902,
                "recall": 0.9766369572890928,
                "f1-score": 0.9757543697238202,
                "support": 45328
            },
            "2": {
                "precision": 0.9686902069925204,
                "recall": 0.9734312183184758,
                "f1-score": 0.9710549258936355,
                "support": 5721
            },
            "3": {
                "precision": 0.9270588235294117,
                "recall": 0.89749430523918,
                "f1-score": 0.912037037037037,
                "support": 439
            },
            "4": {
                "precision": 0.9033333333333333,
                "recall": 0.892034233048058,
                "f1-score": 0.8976482278900297,
                "support": 1519
            },
            "5": {
                "precision": 0.9505772005772006,
                "recall": 0.94818279956819,
                "f1-score": 0.9493784903620969,
                "support": 2779
            },
            "6": {
                "precision": 0.9700671960904093,
                "recall": 0.967702620353443,
                "f1-score": 0.9688834655277608,
                "support": 3282
            },
            "accuracy": 0.9710096598610185,
            "macro avg": {
                "precision": 0.9523051372147358,
                "recall": 0.946462970452311,
                "f1-score": 0.9493432778127726,
                "support": 92962
            },
            "weighted avg": {
                "precision": 0.9709852306674521,
                "recall": 0.9710096598610185,
                "f1-score": 0.9709945958257922,
                "support": 92962
            },
            "score": 0.9710096598610185
        },
        "test": {
            "0": {
                "precision": 0.971878701729448,
                "recall": 0.9682543429003021,
                "f1-score": 0.9700631369859775,
                "support": 42368
            },
            "1": {
                "precision": 0.9729867571797893,
                "recall": 0.9764211715289176,
                "f1-score": 0.9747009390250347,
                "support": 56661
            },
            "2": {
                "precision": 0.9670283806343907,
                "recall": 0.972031883652636,
                "f1-score": 0.9695236766859614,
                "support": 7151
            },
            "3": {
                "precision": 0.9116022099447514,
                "recall": 0.9016393442622951,
                "f1-score": 0.9065934065934065,
                "support": 549
            },
            "4": {
                "precision": 0.9065670048051254,
                "recall": 0.8941548183254344,
                "f1-score": 0.9003181336161187,
                "support": 1899
            },
            "5": {
                "precision": 0.9512619669277633,
                "recall": 0.9441405125251944,
                "f1-score": 0.9476878612716765,
                "support": 3473
            },
            "6": {
                "precision": 0.9725557461406518,
                "recall": 0.9675767918088737,
                "f1-score": 0.9700598802395209,
                "support": 4102
            },
            "accuracy": 0.9701987039921517,
            "macro avg": {
                "precision": 0.950554395337417,
                "recall": 0.9463169807148076,
                "f1-score": 0.9484210049168139,
                "support": 116203
            },
            "weighted avg": {
                "precision": 0.9701761251477804,
                "recall": 0.9701987039921517,
                "f1-score": 0.97018285408119,
                "support": 116203
            },
            "score": 0.9701987039921517
        }
    }
}
