{
    "program": "bin/ensemble.py",
    "single_program": "/slot/sandbox/d/in/script/0_script_unpacked/pretrains/bin/pretrain_contrastive___9d841aa2303f465f9e96f323197626f0.py",
    "config": {
        "seeds": [
            "5",
            "6",
            "7",
            "8",
            "9"
        ]
    },
    "prediction_type": null,
    "metrics": {
        "train": {
            "rmse": 13215.607190854727,
            "score": -13215.607190854727
        },
        "val": {
            "rmse": 26928.614453706326,
            "score": -26928.614453706326
        },
        "test": {
            "rmse": 29564.328769374613,
            "score": -29564.328769374613
        }
    }
}
