{
    "program": "bin/ensemble.py",
    "single_program": "/slot/sandbox/d/in/script/0_script_unpacked/pretrains/bin/pretrain_mask___3d43b9b908c7496f847c7048af63a86c.py",
    "config": {
        "seeds": [
            "5",
            "6",
            "7",
            "8",
            "9"
        ]
    },
    "prediction_type": null,
    "metrics": {
        "train": {
            "rmse": 17160.001627810452,
            "score": -17160.001627810452
        },
        "val": {
            "rmse": 26722.650611982128,
            "score": -26722.650611982128
        },
        "test": {
            "rmse": 29562.709558881004,
            "score": -29562.709558881004
        }
    }
}
