{
    "program": "bin/ensemble.py",
    "single_program": "/slot/sandbox/d/in/script/0_script_unpacked/pretrains/bin/pretrain_ae_ddp___bf2be9084ddd47f6936054ac2428cb79.py",
    "config": {
        "seeds": [
            "0",
            "1",
            "2",
            "3",
            "4"
        ]
    },
    "prediction_type": null,
    "metrics": {
        "train": {
            "rmse": 0.7097578082421317,
            "score": -0.7097578082421317
        },
        "val": {
            "rmse": 0.7406603844935049,
            "score": -0.7406603844935049
        },
        "test": {
            "rmse": 0.7428892974080457,
            "score": -0.7428892974080457
        }
    }
}
