{
    "program": "bin/ensemble.py",
    "single_program": "/slot/sandbox/d/in/script/0_script_unpacked/pretrains/bin/pretrain_ae___df7c48c62fcc4d5d9ae018fb1de9ce92.py",
    "config": {
        "seeds": [
            "0",
            "1",
            "2",
            "3",
            "4"
        ]
    },
    "prediction_type": null,
    "metrics": {
        "train": {
            "rmse": 1.4938532496426715,
            "score": -1.4938532496426715
        },
        "val": {
            "rmse": 1.810366987030715,
            "score": -1.810366987030715
        },
        "test": {
            "rmse": 1.8126379124441125,
            "score": -1.8126379124441125
        }
    }
}
