{
    "program": "bin/ensemble.py",
    "single_program": "/slot/sandbox/d/in/script/0_script_unpacked/pretrains/bin/pretrain_ae_pretrain_es___85721c090b864d559b3cdf2d7f3a9152.py",
    "config": {
        "seeds": [
            "10",
            "11",
            "12",
            "13",
            "14"
        ]
    },
    "prediction_type": null,
    "metrics": {
        "train": {
            "rmse": 0.7085070628436302,
            "score": -0.7085070628436302
        },
        "val": {
            "rmse": 0.7390760596795308,
            "score": -0.7390760596795308
        },
        "test": {
            "rmse": 0.7428463194696026,
            "score": -0.7428463194696026
        }
    }
}
