{
    "program": "bin/ensemble.py",
    "single_program": "/slot/sandbox/d/in/script/0_script_unpacked/pretrains/bin/pretrain_ae_supervised___dd0ca8733a3f42ec9dab4a4e568bee75.py",
    "config": {
        "seeds": [
            "5",
            "6",
            "7",
            "8",
            "9"
        ]
    },
    "prediction_type": "probs",
    "metrics": {
        "train": {
            "0": {
                "precision": 0.9042033235581622,
                "recall": 0.9355246523388117,
                "f1-score": 0.9195973654778179,
                "support": 19775
            },
            "1": {
                "precision": 0.771832498210451,
                "recall": 0.6875498166746373,
                "f1-score": 0.7272573981957676,
                "support": 6273
            },
            "accuracy": 0.8758062039312039,
            "macro avg": {
                "precision": 0.8380179108843067,
                "recall": 0.8115372345067244,
                "f1-score": 0.8234273818367928,
                "support": 26048
            },
            "weighted avg": {
                "precision": 0.8723251683291161,
                "recall": 0.8758062039312039,
                "f1-score": 0.8732771637440839,
                "support": 26048
            },
            "roc_auc": 0.9329319583074615,
            "score": 0.9329319583074615
        },
        "val": {
            "0": {
                "precision": 0.8936961628817541,
                "recall": 0.923154701718908,
                "f1-score": 0.9081866109619019,
                "support": 4945
            },
            "1": {
                "precision": 0.7295373665480427,
                "recall": 0.6536989795918368,
                "f1-score": 0.6895391860073998,
                "support": 1568
            },
            "accuracy": 0.8582834331337326,
            "macro avg": {
                "precision": 0.8116167647148984,
                "recall": 0.7884268406553724,
                "f1-score": 0.7988628984846509,
                "support": 6513
            },
            "weighted avg": {
                "precision": 0.854175052387165,
                "recall": 0.8582834331337326,
                "f1-score": 0.8555474028659923,
                "support": 6513
            },
            "roc_auc": 0.9163684457605086,
            "score": 0.9163684457605086
        },
        "test": {
            "0": {
                "precision": 0.8941276992387758,
                "recall": 0.9256936067551267,
                "f1-score": 0.9096368880635348,
                "support": 12435
            },
            "1": {
                "precision": 0.7287936601115351,
                "recall": 0.6456058242329693,
                "f1-score": 0.6846822004687715,
                "support": 3846
            },
            "accuracy": 0.8595295129291812,
            "macro avg": {
                "precision": 0.8114606796751554,
                "recall": 0.785649715494048,
                "f1-score": 0.7971595442661532,
                "support": 16281
            },
            "weighted avg": {
                "precision": 0.8550714548752006,
                "recall": 0.8595295129291812,
                "f1-score": 0.8564966799381457,
                "support": 16281
            },
            "roc_auc": 0.913218293106473,
            "score": 0.913218293106473
        }
    }
}
