{
    "program": "bin/ensemble.py",
    "single_program": "/slot/sandbox/d/in/script/0_script_unpacked/pretrains/bin/augmented_supervised___145d5853b6cc4d0d81eaf7229e46aa63.py",
    "config": {
        "seeds": [
            "5",
            "6",
            "7",
            "8",
            "9"
        ]
    },
    "prediction_type": "probs",
    "metrics": {
        "train": {
            "0": {
                "precision": 0.8941091954022988,
                "recall": 0.944070796460177,
                "f1-score": 0.9184110195547902,
                "support": 19775
            },
            "1": {
                "precision": 0.7859907120743034,
                "recall": 0.6475370636059302,
                "f1-score": 0.7100777904029368,
                "support": 6273
            },
            "accuracy": 0.8726581695331695,
            "macro avg": {
                "precision": 0.840049953738301,
                "recall": 0.7958039300330536,
                "f1-score": 0.8142444049788635,
                "support": 26048
            },
            "weighted avg": {
                "precision": 0.8680716015019411,
                "recall": 0.8726581695331695,
                "f1-score": 0.8682392464255834,
                "support": 26048
            },
            "roc_auc": 0.9327318512123174,
            "score": 0.9327318512123174
        },
        "val": {
            "0": {
                "precision": 0.8814502206023404,
                "recall": 0.9292214357937311,
                "f1-score": 0.9047056507186454,
                "support": 4945
            },
            "1": {
                "precision": 0.7307692307692307,
                "recall": 0.6058673469387755,
                "f1-score": 0.6624825662482566,
                "support": 1568
            },
            "accuracy": 0.8513741747274681,
            "macro avg": {
                "precision": 0.8061097256857855,
                "recall": 0.7675443913662533,
                "f1-score": 0.783594108483451,
                "support": 6513
            },
            "weighted avg": {
                "precision": 0.8451738821932638,
                "recall": 0.8513741747274681,
                "f1-score": 0.8463906197882647,
                "support": 6513
            },
            "roc_auc": 0.9111770289511153,
            "score": 0.9111770289511153
        },
        "test": {
            "0": {
                "precision": 0.8836324916337085,
                "recall": 0.9342983514274226,
                "f1-score": 0.9082593910018371,
                "support": 12435
            },
            "1": {
                "precision": 0.7392275774018513,
                "recall": 0.6021840873634945,
                "f1-score": 0.6637054019200459,
                "support": 3846
            },
            "accuracy": 0.8558442356120631,
            "macro avg": {
                "precision": 0.8114300345177798,
                "recall": 0.7682412193954585,
                "f1-score": 0.7859823964609415,
                "support": 16281
            },
            "weighted avg": {
                "precision": 0.8495202565046793,
                "recall": 0.8558442356120631,
                "f1-score": 0.8504893128734317,
                "support": 16281
            },
            "roc_auc": 0.9082039606473683,
            "score": 0.9082039606473683
        }
    }
}
