{
    "program": "bin/ensemble.py",
    "single_program": "/slot/sandbox/d/in/script/0_script_unpacked/pretrains/bin/augmented_supervised___eda73111c3b3437abcfd2252c9ca84ba.py",
    "config": {
        "seeds": [
            "10",
            "11",
            "12",
            "13",
            "14"
        ]
    },
    "prediction_type": "probs",
    "metrics": {
        "train": {
            "0": {
                "precision": 0.8758330410382322,
                "recall": 0.9799843014128728,
                "f1-score": 0.9249861085386183,
                "support": 5096
            },
            "1": {
                "precision": 0.8538681948424068,
                "recall": 0.4570552147239264,
                "f1-score": 0.5954045954045954,
                "support": 1304
            },
            "accuracy": 0.8734375,
            "macro avg": {
                "precision": 0.8648506179403195,
                "recall": 0.7185197580683996,
                "f1-score": 0.7601953519716069,
                "support": 6400
            },
            "weighted avg": {
                "precision": 0.8713577036258329,
                "recall": 0.8734375,
                "f1-score": 0.8578338752375612,
                "support": 6400
            },
            "roc_auc": 0.9033673108223941,
            "score": 0.9033673108223941
        },
        "val": {
            "0": {
                "precision": 0.8686587908269632,
                "recall": 0.9811616954474097,
                "f1-score": 0.921489126428308,
                "support": 1274
            },
            "1": {
                "precision": 0.8509316770186336,
                "recall": 0.42024539877300615,
                "f1-score": 0.5626283367556467,
                "support": 326
            },
            "accuracy": 0.866875,
            "macro avg": {
                "precision": 0.8597952339227983,
                "recall": 0.7007035471102079,
                "f1-score": 0.7420587315919773,
                "support": 1600
            },
            "weighted avg": {
                "precision": 0.865046891388516,
                "recall": 0.866875,
                "f1-score": 0.8483712405325032,
                "support": 1600
            },
            "roc_auc": 0.8683509741791949,
            "score": 0.8683509741791949
        },
        "test": {
            "0": {
                "precision": 0.8609418282548477,
                "recall": 0.975517890772128,
                "f1-score": 0.9146556798116539,
                "support": 1593
            },
            "1": {
                "precision": 0.8,
                "recall": 0.3832923832923833,
                "f1-score": 0.5182724252491694,
                "support": 407
            },
            "accuracy": 0.855,
            "macro avg": {
                "precision": 0.8304709141274238,
                "recall": 0.6794051370322557,
                "f1-score": 0.7164640525304116,
                "support": 2000
            },
            "weighted avg": {
                "precision": 0.8485401662049863,
                "recall": 0.855,
                "f1-score": 0.8339916875081883,
                "support": 2000
            },
            "roc_auc": 0.8549936685529906,
            "score": 0.8549936685529906
        }
    }
}
