{
    "program": "bin/ensemble.py",
    "single_program": "/slot/sandbox/d/in/script/0_script_unpacked/pretrains/bin/pretrain_mask_fast___e86a45a0fdf947489e6c113320f03e11.py",
    "config": {
        "seeds": [
            "5",
            "6",
            "7",
            "8",
            "9"
        ]
    },
    "prediction_type": null,
    "metrics": {
        "train": {
            "rmse": 0.7072858324780756,
            "score": -0.7072858324780756
        },
        "val": {
            "rmse": 0.7420049967048383,
            "score": -0.7420049967048383
        },
        "test": {
            "rmse": 0.7452562675549748,
            "score": -0.7452562675549748
        }
    }
}
