{
    "program": "bin/ensemble.py",
    "single_program": "/slot/sandbox/d/in/script/0_script_unpacked/pretrains/bin/pretrain_ae___3803035d60eb42f890cd0c48aaf603d9.py",
    "config": {
        "seeds": [
            "10",
            "11",
            "12",
            "13",
            "14"
        ]
    },
    "prediction_type": "probs",
    "metrics": {
        "train": {
            "0": {
                "precision": 0.9075829383886256,
                "recall": 0.9490265486725664,
                "f1-score": 0.9278421872296244,
                "support": 19775
            },
            "1": {
                "precision": 0.8122905027932961,
                "recall": 0.6953610712577714,
                "f1-score": 0.749291419737181,
                "support": 6273
            },
            "accuracy": 0.8879376535626535,
            "macro avg": {
                "precision": 0.8599367205909608,
                "recall": 0.8221938099651689,
                "f1-score": 0.8385668034834027,
                "support": 26048
            },
            "weighted avg": {
                "precision": 0.8846341727064426,
                "recall": 0.8879376535626535,
                "f1-score": 0.884842764453208,
                "support": 26048
            },
            "roc_auc": 0.9442994367327476,
            "score": 0.9442994367327476
        },
        "val": {
            "0": {
                "precision": 0.8982985305491106,
                "recall": 0.9395348837209302,
                "f1-score": 0.918454087179994,
                "support": 4945
            },
            "1": {
                "precision": 0.7770320656226697,
                "recall": 0.6645408163265306,
                "f1-score": 0.7163973874183569,
                "support": 1568
            },
            "accuracy": 0.8733302625518194,
            "macro avg": {
                "precision": 0.8376652980858901,
                "recall": 0.8020378500237304,
                "f1-score": 0.8174257372991754,
                "support": 6513
            },
            "weighted avg": {
                "precision": 0.8691037175589894,
                "recall": 0.8733302625518194,
                "f1-score": 0.8698090840744747,
                "support": 6513
            },
            "roc_auc": 0.9315646860361939,
            "score": 0.9315646860361939
        },
        "test": {
            "0": {
                "precision": 0.9004549309892821,
                "recall": 0.9391234418978689,
                "f1-score": 0.9193827743662415,
                "support": 12435
            },
            "1": {
                "precision": 0.7714371980676329,
                "recall": 0.6643265730629225,
                "f1-score": 0.7138865604917574,
                "support": 3846
            },
            "accuracy": 0.8742092009090351,
            "macro avg": {
                "precision": 0.8359460645284575,
                "recall": 0.8017250074803957,
                "f1-score": 0.8166346674289995,
                "support": 16281
            },
            "weighted avg": {
                "precision": 0.8699775523997199,
                "recall": 0.8742092009090351,
                "f1-score": 0.8708391690249685,
                "support": 16281
            },
            "roc_auc": 0.9287652631959722,
            "score": 0.9287652631959722
        }
    }
}
