{
    "program": "bin/ensemble.py",
    "single_program": "/slot/sandbox/d/in/script/0_script_unpacked/pretrains/bin/augmented_supervised___7e68de506eca48e1ae80773ebcbcc9f8.py",
    "config": {
        "seeds": [
            "0",
            "1",
            "2",
            "3",
            "4"
        ]
    },
    "prediction_type": null,
    "metrics": {
        "train": {
            "rmse": 1.667945343771669,
            "score": -1.667945343771669
        },
        "val": {
            "rmse": 1.8442636772525967,
            "score": -1.8442636772525967
        },
        "test": {
            "rmse": 1.8423152391784257,
            "score": -1.8423152391784257
        }
    }
}
