{
    "program": "bin/ensemble.py",
    "single_program": "/slot/sandbox/d/in/script/0_script_unpacked/pretrains/bin/pretrain_contrastive___25956e122f4b4ba286c19e175a4f6853.py",
    "config": {
        "seeds": [
            "0",
            "1",
            "2",
            "3",
            "4"
        ]
    },
    "prediction_type": null,
    "metrics": {
        "train": {
            "rmse": 0.7106246106725641,
            "score": -0.7106246106725641
        },
        "val": {
            "rmse": 0.7424712619330958,
            "score": -0.7424712619330958
        },
        "test": {
            "rmse": 0.7462440727973209,
            "score": -0.7462440727973209
        }
    }
}
