{
    "program": "bin/ensemble.py",
    "single_program": "/slot/sandbox/d/in/script/0_script_unpacked/pretrains/bin/pretrain_mask_supervised___2d3a5dd94ae147ccb5b9338aec3723c7.py",
    "config": {
        "seeds": [
            "0",
            "1",
            "2",
            "3",
            "4"
        ]
    },
    "prediction_type": "probs",
    "metrics": {
        "train": {
            "0": {
                "precision": 0.9892594686263426,
                "recall": 0.9977194982896237,
                "f1-score": 0.9934714731762703,
                "support": 1754
            },
            "1": {
                "precision": 0.9968553459119497,
                "recall": 0.9937304075235109,
                "f1-score": 0.9952904238618524,
                "support": 638
            },
            "2": {
                "precision": 1.0,
                "recall": 0.992548435171386,
                "f1-score": 0.9962602842183994,
                "support": 1342
            },
            "3": {
                "precision": 1.0,
                "recall": 0.9956896551724138,
                "f1-score": 0.9978401727861772,
                "support": 696
            },
            "4": {
                "precision": 0.9978813559322034,
                "recall": 0.9978813559322034,
                "f1-score": 0.9978813559322034,
                "support": 1888
            },
            "accuracy": 0.9960430515986072,
            "macro avg": {
                "precision": 0.9967992340940992,
                "recall": 0.9955138704178275,
                "f1-score": 0.9961487419949805,
                "support": 6318
            },
            "weighted avg": {
                "precision": 0.9960675559769593,
                "recall": 0.9960430515986072,
                "f1-score": 0.9960465837377828,
                "support": 6318
            },
            "score": 0.9960430515986072
        },
        "val": {
            "0": {
                "precision": 0.7560975609756098,
                "recall": 0.8473804100227791,
                "f1-score": 0.7991407089151451,
                "support": 439
            },
            "1": {
                "precision": 0.6830985915492958,
                "recall": 0.60625,
                "f1-score": 0.6423841059602649,
                "support": 160
            },
            "2": {
                "precision": 0.6984126984126984,
                "recall": 0.6567164179104478,
                "f1-score": 0.676923076923077,
                "support": 335
            },
            "3": {
                "precision": 0.6923076923076923,
                "recall": 0.5689655172413793,
                "f1-score": 0.6246056782334386,
                "support": 174
            },
            "4": {
                "precision": 0.7438524590163934,
                "recall": 0.7690677966101694,
                "f1-score": 0.7562499999999999,
                "support": 472
            },
            "accuracy": 0.7284810126582278,
            "macro avg": {
                "precision": 0.7147538004523379,
                "recall": 0.6896760283569552,
                "f1-score": 0.6998607140063852,
                "support": 1580
            },
            "weighted avg": {
                "precision": 0.7257916183555128,
                "recall": 0.7284810126582278,
                "f1-score": 0.7253195233855949,
                "support": 1580
            },
            "score": 0.7284810126582278
        },
        "test": {
            "0": {
                "precision": 0.7770154373927959,
                "recall": 0.8266423357664233,
                "f1-score": 0.8010610079575597,
                "support": 548
            },
            "1": {
                "precision": 0.6758241758241759,
                "recall": 0.615,
                "f1-score": 0.643979057591623,
                "support": 200
            },
            "2": {
                "precision": 0.6802030456852792,
                "recall": 0.638095238095238,
                "f1-score": 0.6584766584766585,
                "support": 420
            },
            "3": {
                "precision": 0.6573033707865169,
                "recall": 0.5391705069124424,
                "f1-score": 0.5924050632911393,
                "support": 217
            },
            "4": {
                "precision": 0.7084639498432602,
                "recall": 0.7661016949152543,
                "f1-score": 0.736156351791531,
                "support": 590
            },
            "accuracy": 0.7154430379746836,
            "macro avg": {
                "precision": 0.6997619959064056,
                "recall": 0.6770019551378716,
                "f1-score": 0.6864156278217022,
                "support": 1975
            },
            "weighted avg": {
                "precision": 0.7125484232466341,
                "recall": 0.7154430379746836,
                "f1-score": 0.7125172591040225,
                "support": 1975
            },
            "score": 0.7154430379746836
        }
    }
}
