{
    "program": "bin/ensemble.py",
    "single_program": "/slot/sandbox/d/in/script/0_script_unpacked/pretrains/bin/pretrain_ae_supervised___ce88035e6daa46d09490ffcc67aa5d49.py",
    "config": {
        "seeds": [
            "10",
            "11",
            "12",
            "13",
            "14"
        ]
    },
    "prediction_type": "probs",
    "metrics": {
        "train": {
            "0": {
                "precision": 0.9982925441092771,
                "recall": 1.0,
                "f1-score": 0.9991455425804614,
                "support": 1754
            },
            "1": {
                "precision": 1.0,
                "recall": 1.0,
                "f1-score": 1.0,
                "support": 638
            },
            "2": {
                "precision": 1.0,
                "recall": 0.9977645305514158,
                "f1-score": 0.9988810145468109,
                "support": 1342
            },
            "3": {
                "precision": 1.0,
                "recall": 1.0,
                "f1-score": 1.0,
                "support": 696
            },
            "4": {
                "precision": 1.0,
                "recall": 1.0,
                "f1-score": 1.0,
                "support": 1888
            },
            "accuracy": 0.9995251661918328,
            "macro avg": {
                "precision": 0.9996585088218554,
                "recall": 0.9995529061102832,
                "f1-score": 0.9996053114254544,
                "support": 6318
            },
            "weighted avg": {
                "precision": 0.9995259769496156,
                "recall": 0.9995251661918328,
                "f1-score": 0.9995251033884059,
                "support": 6318
            },
            "score": 0.9995251661918328
        },
        "val": {
            "0": {
                "precision": 0.7590361445783133,
                "recall": 0.8610478359908884,
                "f1-score": 0.8068303094983992,
                "support": 439
            },
            "1": {
                "precision": 0.7194244604316546,
                "recall": 0.625,
                "f1-score": 0.6688963210702341,
                "support": 160
            },
            "2": {
                "precision": 0.7226027397260274,
                "recall": 0.6298507462686567,
                "f1-score": 0.6730462519936203,
                "support": 335
            },
            "3": {
                "precision": 0.6546762589928058,
                "recall": 0.5229885057471264,
                "f1-score": 0.5814696485623003,
                "support": 174
            },
            "4": {
                "precision": 0.73046875,
                "recall": 0.7923728813559322,
                "f1-score": 0.7601626016260162,
                "support": 472
            },
            "accuracy": 0.730379746835443,
            "macro avg": {
                "precision": 0.7172416707457602,
                "recall": 0.6862519938725208,
                "f1-score": 0.6980810265501141,
                "support": 1580
            },
            "weighted avg": {
                "precision": 0.7272731759569061,
                "recall": 0.730379746835443,
                "f1-score": 0.7257372648583654,
                "support": 1580
            },
            "score": 0.730379746835443
        },
        "test": {
            "0": {
                "precision": 0.7694915254237288,
                "recall": 0.8284671532846716,
                "f1-score": 0.7978910369068541,
                "support": 548
            },
            "1": {
                "precision": 0.7677419354838709,
                "recall": 0.595,
                "f1-score": 0.6704225352112675,
                "support": 200
            },
            "2": {
                "precision": 0.6503856041131105,
                "recall": 0.6023809523809524,
                "f1-score": 0.6254635352286774,
                "support": 420
            },
            "3": {
                "precision": 0.643312101910828,
                "recall": 0.46543778801843316,
                "f1-score": 0.5401069518716578,
                "support": 217
            },
            "4": {
                "precision": 0.6710526315789473,
                "recall": 0.7779661016949152,
                "f1-score": 0.7205651491365775,
                "support": 590
            },
            "accuracy": 0.7017721518987342,
            "macro avg": {
                "precision": 0.7003967597020971,
                "recall": 0.6538503990757946,
                "f1-score": 0.6708898416710067,
                "support": 1975
            },
            "weighted avg": {
                "precision": 0.700714671140614,
                "recall": 0.7017721518987342,
                "f1-score": 0.6968912033468276,
                "support": 1975
            },
            "score": 0.7017721518987342
        }
    }
}
