{
    "program": "bin/ensemble.py",
    "single_program": "/slot/sandbox/d/in/script/0_script_unpacked/pretrains/bin/augmented_supervised___145d5853b6cc4d0d81eaf7229e46aa63.py",
    "config": {
        "seeds": [
            "10",
            "11",
            "12",
            "13",
            "14"
        ]
    },
    "prediction_type": "probs",
    "metrics": {
        "train": {
            "0": {
                "precision": 0.9014421901735516,
                "recall": 0.9324399494310999,
                "f1-score": 0.9166790952025852,
                "support": 19775
            },
            "1": {
                "precision": 0.761129983908457,
                "recall": 0.6786226685796269,
                "f1-score": 0.7175122197876285,
                "support": 6273
            },
            "accuracy": 0.8713144963144963,
            "macro avg": {
                "precision": 0.8312860870410044,
                "recall": 0.8055313090053634,
                "f1-score": 0.8170956574951068,
                "support": 26048
            },
            "weighted avg": {
                "precision": 0.8676515548118756,
                "recall": 0.8713144963144963,
                "f1-score": 0.8687148058338034,
                "support": 26048
            },
            "roc_auc": 0.9297493340814273,
            "score": 0.9297493340814273
        },
        "val": {
            "0": {
                "precision": 0.8879327205163309,
                "recall": 0.9180990899898888,
                "f1-score": 0.9027639689799164,
                "support": 4945
            },
            "1": {
                "precision": 0.7107142857142857,
                "recall": 0.6345663265306123,
                "f1-score": 0.6704851752021563,
                "support": 1568
            },
            "accuracy": 0.8498387839705205,
            "macro avg": {
                "precision": 0.7993235031153083,
                "recall": 0.7763327082602505,
                "f1-score": 0.7866245720910363,
                "support": 6513
            },
            "weighted avg": {
                "precision": 0.8452675115850233,
                "recall": 0.8498387839705205,
                "f1-score": 0.8468430187813094,
                "support": 6513
            },
            "roc_auc": 0.9109753203607025,
            "score": 0.9109753203607025
        },
        "test": {
            "0": {
                "precision": 0.8922430560958531,
                "recall": 0.9222356252513068,
                "f1-score": 0.9069914583992408,
                "support": 12435
            },
            "1": {
                "precision": 0.7179113185530922,
                "recall": 0.639885595423817,
                "f1-score": 0.6766565850976078,
                "support": 3846
            },
            "accuracy": 0.85553712916897,
            "macro avg": {
                "precision": 0.8050771873244726,
                "recall": 0.7810606103375619,
                "f1-score": 0.7918240217484243,
                "support": 16281
            },
            "weighted avg": {
                "precision": 0.851061318942763,
                "recall": 0.85553712916897,
                "f1-score": 0.8525803090399827,
                "support": 16281
            },
            "roc_auc": 0.9083061770400049,
            "score": 0.9083061770400049
        }
    }
}
