{
    "program": "bin/ensemble.py",
    "single_program": "/slot/sandbox/d/in/script/0_script_unpacked/pretrains/bin/finetune___007b38e448b8439ca317459fc0695f76.py",
    "config": {
        "seeds": [
            "5",
            "6",
            "7",
            "8",
            "9"
        ]
    },
    "prediction_type": "probs",
    "metrics": {
        "train": {
            "0": {
                "precision": 0.8713216957605985,
                "recall": 0.9960091220068416,
                "f1-score": 0.9295025272678905,
                "support": 1754
            },
            "1": {
                "precision": 0.9885931558935361,
                "recall": 0.8150470219435737,
                "f1-score": 0.8934707903780068,
                "support": 638
            },
            "2": {
                "precision": 0.996141975308642,
                "recall": 0.9619970193740686,
                "f1-score": 0.9787717968157695,
                "support": 1342
            },
            "3": {
                "precision": 0.9985380116959064,
                "recall": 0.9813218390804598,
                "f1-score": 0.9898550724637681,
                "support": 696
            },
            "4": {
                "precision": 0.9977863862755949,
                "recall": 0.954978813559322,
                "f1-score": 0.975913396481732,
                "support": 1888
            },
            "accuracy": 0.9566318455207344,
            "macro avg": {
                "precision": 0.9704762449868556,
                "recall": 0.941870763192853,
                "f1-score": 0.9535027166814334,
                "support": 6318
            },
            "weighted avg": {
                "precision": 0.9614824900470144,
                "recall": 0.9566318455207344,
                "f1-score": 0.9568466558100829,
                "support": 6318
            },
            "score": 0.9566318455207344
        },
        "val": {
            "0": {
                "precision": 0.698292220113852,
                "recall": 0.8382687927107062,
                "f1-score": 0.761904761904762,
                "support": 439
            },
            "1": {
                "precision": 0.6410256410256411,
                "recall": 0.46875,
                "f1-score": 0.5415162454873648,
                "support": 160
            },
            "2": {
                "precision": 0.66875,
                "recall": 0.6388059701492538,
                "f1-score": 0.6534351145038169,
                "support": 335
            },
            "3": {
                "precision": 0.6118421052631579,
                "recall": 0.5344827586206896,
                "f1-score": 0.5705521472392637,
                "support": 174
            },
            "4": {
                "precision": 0.7047413793103449,
                "recall": 0.6927966101694916,
                "f1-score": 0.6987179487179487,
                "support": 472
            },
            "accuracy": 0.6816455696202531,
            "macro avg": {
                "precision": 0.6649302691425991,
                "recall": 0.6346208263300281,
                "f1-score": 0.6452252435706312,
                "support": 1580
            },
            "weighted avg": {
                "precision": 0.6786355028761746,
                "recall": 0.6816455696202531,
                "f1-score": 0.6766395560300325,
                "support": 1580
            },
            "score": 0.6816455696202531
        },
        "test": {
            "0": {
                "precision": 0.6990740740740741,
                "recall": 0.8266423357664233,
                "f1-score": 0.7575250836120401,
                "support": 548
            },
            "1": {
                "precision": 0.5960264900662252,
                "recall": 0.45,
                "f1-score": 0.5128205128205129,
                "support": 200
            },
            "2": {
                "precision": 0.6419753086419753,
                "recall": 0.6190476190476191,
                "f1-score": 0.6303030303030304,
                "support": 420
            },
            "3": {
                "precision": 0.653179190751445,
                "recall": 0.5207373271889401,
                "f1-score": 0.5794871794871794,
                "support": 217
            },
            "4": {
                "precision": 0.6989966555183946,
                "recall": 0.7084745762711865,
                "f1-score": 0.7037037037037037,
                "support": 590
            },
            "accuracy": 0.6754430379746835,
            "macro avg": {
                "precision": 0.6578503438104228,
                "recall": 0.6249803716548338,
                "f1-score": 0.6367679019852933,
                "support": 1975
            },
            "weighted avg": {
                "precision": 0.6714305981693082,
                "recall": 0.6754430379746835,
                "f1-score": 0.6700501388580641,
                "support": 1975
            },
            "score": 0.6754430379746835
        }
    }
}
