{
    "program": "bin/ensemble.py",
    "single_program": "/slot/sandbox/d/in/script/0_script_unpacked/pretrains/bin/pretrain_ae___6d39f90aa34b469fba214c9de6095826.py",
    "config": {
        "seeds": [
            "0",
            "1",
            "2",
            "3",
            "4"
        ]
    },
    "prediction_type": null,
    "metrics": {
        "train": {
            "rmse": 0.7008601689639303,
            "score": -0.7008601689639303
        },
        "val": {
            "rmse": 0.7372800933369764,
            "score": -0.7372800933369764
        },
        "test": {
            "rmse": 0.741063757948645,
            "score": -0.741063757948645
        }
    }
}
