{
    "program": "bin/ensemble.py",
    "single_program": "/slot/sandbox/d/in/script/0_script_unpacked/pretrains/bin/pretrain_mask___3d3e373ebc0b4ea4b5d6abf1e085ffee.py",
    "config": {
        "seeds": [
            "10",
            "11",
            "12",
            "13",
            "14"
        ]
    },
    "prediction_type": "probs",
    "metrics": {
        "train": {
            "0": {
                "precision": 0.8864660299153001,
                "recall": 0.9652668759811617,
                "f1-score": 0.9241897604509159,
                "support": 5096
            },
            "1": {
                "precision": 0.7920094007050529,
                "recall": 0.5168711656441718,
                "f1-score": 0.6255220417633411,
                "support": 1304
            },
            "accuracy": 0.87390625,
            "macro avg": {
                "precision": 0.8392377153101764,
                "recall": 0.7410690208126667,
                "f1-score": 0.7748559011071285,
                "support": 6400
            },
            "weighted avg": {
                "precision": 0.8672204917137123,
                "recall": 0.87390625,
                "f1-score": 0.8633362127683226,
                "support": 6400
            },
            "roc_auc": 0.893085127514904,
            "score": 0.893085127514904
        },
        "val": {
            "0": {
                "precision": 0.8841726618705036,
                "recall": 0.9646781789638933,
                "f1-score": 0.9226726726726727,
                "support": 1274
            },
            "1": {
                "precision": 0.7857142857142857,
                "recall": 0.5061349693251533,
                "f1-score": 0.6156716417910447,
                "support": 326
            },
            "accuracy": 0.87125,
            "macro avg": {
                "precision": 0.8349434737923946,
                "recall": 0.7354065741445233,
                "f1-score": 0.7691721572318587,
                "support": 1600
            },
            "weighted avg": {
                "precision": 0.8641117677286743,
                "recall": 0.87125,
                "f1-score": 0.860121212630541,
                "support": 1600
            },
            "roc_auc": 0.8802982731554161,
            "score": 0.8802982731554161
        },
        "test": {
            "0": {
                "precision": 0.8778669724770642,
                "recall": 0.9610797237915882,
                "f1-score": 0.9175906502846869,
                "support": 1593
            },
            "1": {
                "precision": 0.7578125,
                "recall": 0.47665847665847666,
                "f1-score": 0.5852187028657617,
                "support": 407
            },
            "accuracy": 0.8625,
            "macro avg": {
                "precision": 0.8178397362385321,
                "recall": 0.7188691002250325,
                "f1-score": 0.7514046765752243,
                "support": 2000
            },
            "weighted avg": {
                "precision": 0.8534358873279816,
                "recall": 0.8625,
                "f1-score": 0.8499529589849356,
                "support": 2000
            },
            "roc_auc": 0.8660725440386459,
            "score": 0.8660725440386459
        }
    }
}
