{
    "program": "bin/ensemble.py",
    "single_program": "/slot/sandbox/d/in/script/0_script_unpacked/pretrains/bin/pretrain_mask_supervised_fast___22dabcdcee074414ba7dd8976913c958.py",
    "config": {
        "seeds": [
            "0",
            "1",
            "2",
            "3",
            "4"
        ]
    },
    "prediction_type": null,
    "metrics": {
        "train": {
            "rmse": 0.7064886967680816,
            "score": -0.7064886967680816
        },
        "val": {
            "rmse": 0.7407133064700722,
            "score": -0.7407133064700722
        },
        "test": {
            "rmse": 0.7437068418425518,
            "score": -0.7437068418425518
        }
    }
}
