{
    "program": "/slot/sandbox/d/in/script/0_script_unpacked/pretrains/bin/archive/xgboost____714e90a0d92e416599c3d7e6f7e3810d.py",
    "environment": {
        "CUDA_VISIBLE_DEVICES": "0",
        "gpus": {
            "driver": "450.119.04",
            "devices": [
                {
                    "name": "A100-SXM-80GB",
                    "memory_total": 85199093760,
                    "memory_free": 85195948032,
                    "memory_used": 3145728,
                    "utilization": 0
                }
            ]
        },
        "torch.version.cuda": "11.1",
        "torch.backends.cudnn.version()": 8005,
        "torch.cuda.nccl.version()": [
            2,
            10,
            3
        ]
    },
    "config": {
        "seed": 7,
        "data": {
            "path": "data/adult_roc",
            "T": {
                "seed": 0,
                "normalization": null,
                "num_nan_policy": null,
                "cat_nan_policy": null,
                "cat_min_frequency": null,
                "cat_encoding": "one-hot",
                "y_policy": "default"
            },
            "T_cache": false
        },
        "xgboost": {
            "booster": "gbtree",
            "n_estimators": 2000,
            "n_jobs": 1,
            "tree_method": "gpu_hist",
            "colsample_bytree": 0.8665261517914613,
            "gamma": 0.6707889513142046,
            "lambda": 1.002808444898153,
            "learning_rate": 0.039294037989220175,
            "max_depth": 6,
            "min_child_weight": 0.0003127588574756309,
            "subsample": 0.9661507487647305,
            "random_state": 7
        },
        "xgboost_fit": {
            "early_stopping_rounds": 50,
            "verbose": true
        }
    },
    "prediction_type": "probs",
    "metrics": {
        "train": {
            "0": {
                "precision": 0.9028787299158378,
                "recall": 0.9547914032869785,
                "f1-score": 0.9281097156339863,
                "support": 19775
            },
            "1": {
                "precision": 0.8259345794392523,
                "recall": 0.676231468197035,
                "f1-score": 0.7436234551669735,
                "support": 6273
            },
            "accuracy": 0.8877073095823096,
            "macro avg": {
                "precision": 0.8644066546775451,
                "recall": 0.8155114357420068,
                "f1-score": 0.8358665854004799,
                "support": 26048
            },
            "weighted avg": {
                "precision": 0.8843486832351092,
                "recall": 0.8877073095823096,
                "f1-score": 0.8836808799494973,
                "support": 26048
            },
            "roc_auc": 0.9450009764320146,
            "score": 0.9450009764320146
        },
        "val": {
            "0": {
                "precision": 0.8911759100438346,
                "recall": 0.9456016177957532,
                "f1-score": 0.9175824175824175,
                "support": 4945
            },
            "1": {
                "precision": 0.7875197472353871,
                "recall": 0.6358418367346939,
                "f1-score": 0.7035991531404375,
                "support": 1568
            },
            "accuracy": 0.8710271764163979,
            "macro avg": {
                "precision": 0.8393478286396108,
                "recall": 0.7907217272652236,
                "f1-score": 0.8105907853614276,
                "support": 6513
            },
            "weighted avg": {
                "precision": 0.8662207644452401,
                "recall": 0.8710271764163979,
                "f1-score": 0.8660661027282759,
                "support": 6513
            },
            "roc_auc": 0.9290413941107282,
            "score": 0.9290413941107282
        },
        "test": {
            "0": {
                "precision": 0.8942731277533039,
                "recall": 0.946843586650583,
                "f1-score": 0.919807820007031,
                "support": 12435
            },
            "1": {
                "precision": 0.787800963081862,
                "recall": 0.6380655226209049,
                "f1-score": 0.7050711104726333,
                "support": 3846
            },
            "accuracy": 0.8739020944659419,
            "macro avg": {
                "precision": 0.841037045417583,
                "recall": 0.792454554635744,
                "f1-score": 0.8124394652398321,
                "support": 16281
            },
            "weighted avg": {
                "precision": 0.8691216047924067,
                "recall": 0.8739020944659419,
                "f1-score": 0.8690813667873705,
                "support": 16281
            },
            "roc_auc": 0.9268494350550057,
            "score": 0.9268494350550057
        }
    },
    "time": "0:00:02"
}
