{
    "program": "bin/ensemble.py",
    "single_program": "/slot/sandbox/d/in/script/0_script_unpacked/pretrains/bin/finetune_ddp___02d0c54707864669b49346ecb8d2afb1.py",
    "config": {
        "seeds": [
            "0",
            "1",
            "2",
            "3",
            "4"
        ]
    },
    "prediction_type": "probs",
    "metrics": {
        "train": {
            "0": {
                "precision": 0.9948574169033829,
                "recall": 0.9945418873268524,
                "f1-score": 0.994699627092762,
                "support": 135578
            },
            "1": {
                "precision": 0.9962134175286753,
                "recall": 0.9954112248499823,
                "f1-score": 0.9958121596345157,
                "support": 181312
            },
            "2": {
                "precision": 0.9983826550684093,
                "recall": 0.9981644961104799,
                "f1-score": 0.9982735636705348,
                "support": 22882
            },
            "3": {
                "precision": 0.9960272417707151,
                "recall": 0.9977259806708357,
                "f1-score": 0.9968758875319511,
                "support": 1759
            },
            "4": {
                "precision": 0.9781941528024551,
                "recall": 0.9968724279835391,
                "f1-score": 0.987444969835317,
                "support": 6075
            },
            "5": {
                "precision": 0.996139689379657,
                "recall": 0.9982905982905983,
                "f1-score": 0.9972139840028759,
                "support": 11115
            },
            "6": {
                "precision": 0.994308264400091,
                "recall": 0.9981715678805424,
                "f1-score": 0.9962361707789985,
                "support": 13126
            },
            "accuracy": 0.9954820127633139,
            "macro avg": {
                "precision": 0.9934461196933408,
                "recall": 0.9970254547304044,
                "f1-score": 0.995222337506708,
                "support": 371847
            },
            "weighted avg": {
                "precision": 0.9954877739061535,
                "recall": 0.9954820127633139,
                "f1-score": 0.9954831914774095,
                "support": 371847
            },
            "score": 0.9954820127633139
        },
        "val": {
            "0": {
                "precision": 0.9737417296786389,
                "recall": 0.9726500265533723,
                "f1-score": 0.9731955719557195,
                "support": 33894
            },
            "1": {
                "precision": 0.9779598507100108,
                "recall": 0.9769458171549594,
                "f1-score": 0.9774525709366619,
                "support": 45328
            },
            "2": {
                "precision": 0.9706138062945575,
                "recall": 0.9757035483307114,
                "f1-score": 0.9731520223152023,
                "support": 5721
            },
            "3": {
                "precision": 0.9379474940334129,
                "recall": 0.8952164009111617,
                "f1-score": 0.916083916083916,
                "support": 439
            },
            "4": {
                "precision": 0.9,
                "recall": 0.9183673469387755,
                "f1-score": 0.9090909090909091,
                "support": 1519
            },
            "5": {
                "precision": 0.947819871336669,
                "recall": 0.9543001079525009,
                "f1-score": 0.9510489510489509,
                "support": 2779
            },
            "6": {
                "precision": 0.9676443906864227,
                "recall": 0.9750152346130408,
                "f1-score": 0.9713158294126574,
                "support": 3282
            },
            "accuracy": 0.9732148619866182,
            "macro avg": {
                "precision": 0.9536753061056732,
                "recall": 0.9525997832077888,
                "f1-score": 0.9530485386920023,
                "support": 92962
            },
            "weighted avg": {
                "precision": 0.9732418315772083,
                "recall": 0.9732148619866182,
                "f1-score": 0.9732230060467368,
                "support": 92962
            },
            "score": 0.9732148619866182
        },
        "test": {
            "0": {
                "precision": 0.9733948208584604,
                "recall": 0.971487915407855,
                "f1-score": 0.9724404332982883,
                "support": 42368
            },
            "1": {
                "precision": 0.9763350157060672,
                "recall": 0.9764211715289176,
                "f1-score": 0.9763780917168902,
                "support": 56661
            },
            "2": {
                "precision": 0.967019204007793,
                "recall": 0.9717522024891624,
                "f1-score": 0.9693799260654252,
                "support": 7151
            },
            "3": {
                "precision": 0.9187145557655955,
                "recall": 0.8852459016393442,
                "f1-score": 0.9016697588126159,
                "support": 549
            },
            "4": {
                "precision": 0.9006243496357961,
                "recall": 0.9115323854660348,
                "f1-score": 0.9060455378173252,
                "support": 1899
            },
            "5": {
                "precision": 0.9441420796333428,
                "recall": 0.9490354160668011,
                "f1-score": 0.9465824238943136,
                "support": 3473
            },
            "6": {
                "precision": 0.9699321047526673,
                "recall": 0.9751340809361287,
                "f1-score": 0.9725261366399223,
                "support": 4102
            },
            "accuracy": 0.9719800693613763,
            "macro avg": {
                "precision": 0.9500231614799602,
                "recall": 0.9486584390763204,
                "f1-score": 0.9492889011778259,
                "support": 116203
            },
            "weighted avg": {
                "precision": 0.9719920422902006,
                "recall": 0.9719800693613763,
                "f1-score": 0.9719829206529228,
                "support": 116203
            },
            "score": 0.9719800693613763
        }
    }
}
