{
    "program": "bin/ensemble.py",
    "single_program": "/slot/sandbox/d/in/script/0_script_unpacked/pretrains/bin/augmented_supervised___d1e0b8f35d2c4f3abec54e7dfe088a03.py",
    "config": {
        "seeds": [
            "10",
            "11",
            "12",
            "13",
            "14"
        ]
    },
    "prediction_type": null,
    "metrics": {
        "train": {
            "rmse": 4.733170842082717,
            "score": -4.733170842082717
        },
        "val": {
            "rmse": 5.6260341827212015,
            "score": -5.6260341827212015
        },
        "test": {
            "rmse": 5.801631357467247,
            "score": -5.801631357467247
        }
    }
}
