{
    "program": "bin/ensemble.py",
    "single_program": "/slot/sandbox/d/in/script/0_script_unpacked/pretrains/bin/finetune___06f0a9c574a741a39d306e14d215a9b3.py",
    "config": {
        "seeds": [
            "10",
            "11",
            "12",
            "13",
            "14"
        ]
    },
    "prediction_type": "probs",
    "metrics": {
        "train": {
            "0": {
                "precision": 0.7833396755111218,
                "recall": 0.7654654857683727,
                "f1-score": 0.7742994409205151,
                "support": 29582
            },
            "1": {
                "precision": 0.7950005909466966,
                "recall": 0.8111791130272242,
                "f1-score": 0.8030083715100055,
                "support": 33169
            },
            "accuracy": 0.7896288505362464,
            "macro avg": {
                "precision": 0.7891701332289092,
                "recall": 0.7883222993977985,
                "f1-score": 0.7886539062152602,
                "support": 62751
            },
            "weighted avg": {
                "precision": 0.7895034163930612,
                "recall": 0.7896288505362464,
                "f1-score": 0.7894744424140818,
                "support": 62751
            },
            "roc_auc": 0.8776029151076037,
            "score": 0.8776029151076037
        },
        "val": {
            "0": {
                "precision": 0.7240646258503401,
                "recall": 0.6907787993510005,
                "f1-score": 0.7070301688347633,
                "support": 7396
            },
            "1": {
                "precision": 0.7350556070435589,
                "recall": 0.7651953690303908,
                "f1-score": 0.7498227369416214,
                "support": 8292
            },
            "accuracy": 0.7301121876593575,
            "macro avg": {
                "precision": 0.7295601164469495,
                "recall": 0.7279870841906957,
                "f1-score": 0.7284264528881923,
                "support": 15688
            },
            "weighted avg": {
                "precision": 0.7298739843443591,
                "recall": 0.7301121876593575,
                "f1-score": 0.7296484742109788,
                "support": 15688
            },
            "roc_auc": 0.8123166161054449,
            "score": 0.8123166161054449
        },
        "test": {
            "0": {
                "precision": 0.7127195435731066,
                "recall": 0.6891292590589508,
                "f1-score": 0.7007259128904532,
                "support": 9245
            },
            "1": {
                "precision": 0.7306719145347202,
                "recall": 0.7522431259044863,
                "f1-score": 0.7413006274957217,
                "support": 10365
            },
            "accuracy": 0.7224885262621111,
            "macro avg": {
                "precision": 0.7216957290539134,
                "recall": 0.7206861924817185,
                "f1-score": 0.7210132701930874,
                "support": 19610
            },
            "weighted avg": {
                "precision": 0.7222083923756117,
                "recall": 0.7224885262621111,
                "f1-score": 0.7221719565867105,
                "support": 19610
            },
            "roc_auc": 0.8049675695940779,
            "score": 0.8049675695940779
        }
    }
}
