{
    "program": "bin/ensemble.py",
    "single_program": "/slot/sandbox/d/in/script/0_script_unpacked/pretrains/bin/pretrain_contrastive___0afc615bf62648d2b33093008f3b01bb.py",
    "config": {
        "seeds": [
            "5",
            "6",
            "7",
            "8",
            "9"
        ]
    },
    "prediction_type": "probs",
    "metrics": {
        "train": {
            "0": {
                "precision": 0.9499728113104948,
                "recall": 0.9960091220068416,
                "f1-score": 0.9724464236014472,
                "support": 1754
            },
            "1": {
                "precision": 0.9821138211382113,
                "recall": 0.9467084639498433,
                "f1-score": 0.9640861931364724,
                "support": 638
            },
            "2": {
                "precision": 0.9984662576687117,
                "recall": 0.970193740685544,
                "f1-score": 0.9841269841269842,
                "support": 1342
            },
            "3": {
                "precision": 1.0,
                "recall": 0.9827586206896551,
                "f1-score": 0.9913043478260869,
                "support": 696
            },
            "4": {
                "precision": 0.996268656716418,
                "recall": 0.9899364406779662,
                "f1-score": 0.9930924548352816,
                "support": 1888
            },
            "accuracy": 0.9822728711617601,
            "macro avg": {
                "precision": 0.9853643093667672,
                "recall": 0.97712127760197,
                "f1-score": 0.9810112807052545,
                "support": 6318
            },
            "weighted avg": {
                "precision": 0.9828644936050641,
                "recall": 0.9822728711617601,
                "f1-score": 0.9823302962539393,
                "support": 6318
            },
            "score": 0.9822728711617601
        },
        "val": {
            "0": {
                "precision": 0.7390438247011952,
                "recall": 0.8451025056947609,
                "f1-score": 0.7885228480340064,
                "support": 439
            },
            "1": {
                "precision": 0.6785714285714286,
                "recall": 0.59375,
                "f1-score": 0.6333333333333334,
                "support": 160
            },
            "2": {
                "precision": 0.7097791798107256,
                "recall": 0.6716417910447762,
                "f1-score": 0.6901840490797547,
                "support": 335
            },
            "3": {
                "precision": 0.6622516556291391,
                "recall": 0.5747126436781609,
                "f1-score": 0.6153846153846154,
                "support": 174
            },
            "4": {
                "precision": 0.7595744680851064,
                "recall": 0.7563559322033898,
                "f1-score": 0.7579617834394906,
                "support": 472
            },
            "accuracy": 0.7265822784810126,
            "macro avg": {
                "precision": 0.709844111359519,
                "recall": 0.6883125745242176,
                "f1-score": 0.6970773258542401,
                "support": 1580
            },
            "weighted avg": {
                "precision": 0.7243915378908143,
                "recall": 0.7265822784810126,
                "f1-score": 0.7237603828622422,
                "support": 1580
            },
            "score": 0.7265822784810126
        },
        "test": {
            "0": {
                "precision": 0.7463651050080775,
                "recall": 0.843065693430657,
                "f1-score": 0.7917737789203085,
                "support": 548
            },
            "1": {
                "precision": 0.664804469273743,
                "recall": 0.595,
                "f1-score": 0.6279683377308708,
                "support": 200
            },
            "2": {
                "precision": 0.6868421052631579,
                "recall": 0.6214285714285714,
                "f1-score": 0.6525,
                "support": 420
            },
            "3": {
                "precision": 0.6067415730337079,
                "recall": 0.4976958525345622,
                "f1-score": 0.5468354430379747,
                "support": 217
            },
            "4": {
                "precision": 0.7140549273021002,
                "recall": 0.7491525423728813,
                "f1-score": 0.7311827956989246,
                "support": 590
            },
            "accuracy": 0.7048101265822785,
            "macro avg": {
                "precision": 0.6837616359761572,
                "recall": 0.6612685319533343,
                "f1-score": 0.6700520710776157,
                "support": 1975
            },
            "weighted avg": {
                "precision": 0.7004546754765848,
                "recall": 0.7048101265822785,
                "f1-score": 0.7005553615170174,
                "support": 1975
            },
            "score": 0.7048101265822785
        }
    }
}
