{
    "program": "bin/ensemble.py",
    "single_program": "/slot/sandbox/d/in/script/0_script_unpacked/pretrains/bin/pretrain_mask___f4a5e7f9becb4aceb4e3d834e2132827.py",
    "config": {
        "seeds": [
            "0",
            "1",
            "2",
            "3",
            "4"
        ]
    },
    "prediction_type": null,
    "metrics": {
        "train": {
            "rmse": 1.1009454231915103,
            "score": -1.1009454231915103
        },
        "val": {
            "rmse": 1.7508915269777594,
            "score": -1.7508915269777594
        },
        "test": {
            "rmse": 1.7566051729751682,
            "score": -1.7566051729751682
        }
    }
}
