{
    "program": "bin/ensemble.py",
    "single_program": "/slot/sandbox/d/in/script/0_script_unpacked/pretrains/bin/finetune___23697debe1fe477b9c4ab84f1fadaf78.py",
    "config": {
        "seeds": [
            "10",
            "11",
            "12",
            "13",
            "14"
        ]
    },
    "prediction_type": null,
    "metrics": {
        "train": {
            "rmse": 0.7064149047160618,
            "score": -0.7064149047160618
        },
        "val": {
            "rmse": 0.7408193566046267,
            "score": -0.7408193566046267
        },
        "test": {
            "rmse": 0.7451336290834836,
            "score": -0.7451336290834836
        }
    }
}
