{
    "program": "bin/ensemble.py",
    "single_program": "/slot/sandbox/d/in/script/0_script_unpacked/pretrains/bin/pretrain_ae___37f6d2f1ee84434797f46c6dd4ce3011.py",
    "config": {
        "seeds": [
            "5",
            "6",
            "7",
            "8",
            "9"
        ]
    },
    "prediction_type": "probs",
    "metrics": {
        "train": {
            "0": {
                "precision": 0.8902991840435177,
                "recall": 0.7951417004048583,
                "f1-score": 0.8400342172797262,
                "support": 1235
            },
            "1": {
                "precision": 0.8049807085233252,
                "recall": 0.8897073076177554,
                "f1-score": 0.8452260381180369,
                "support": 10318
            },
            "2": {
                "precision": 0.722550953320184,
                "recall": 0.6436938695821944,
                "f1-score": 0.680846670108415,
                "support": 5122
            },
            "3": {
                "precision": 0.8474702380952381,
                "recall": 0.6614401858304297,
                "f1-score": 0.7429876060013048,
                "support": 1722
            },
            "4": {
                "precision": 0.9828864803194524,
                "recall": 0.9828864803194524,
                "f1-score": 0.9828864803194524,
                "support": 1753
            },
            "5": {
                "precision": 0.9773054356249308,
                "recall": 0.9759009506964405,
                "f1-score": 0.9766026882017811,
                "support": 9046
            },
            "6": {
                "precision": 0.8797289666854884,
                "recall": 0.8574573472757292,
                "f1-score": 0.8684503901895206,
                "support": 1817
            },
            "7": {
                "precision": 0.9669131238447319,
                "recall": 0.965663651467602,
                "f1-score": 0.9662879837443428,
                "support": 5417
            },
            "8": {
                "precision": 0.9285714285714286,
                "recall": 0.9429202144433932,
                "f1-score": 0.9356908152088875,
                "support": 3171
            },
            "accuracy": 0.8819979293452186,
            "macro avg": {
                "precision": 0.8889673910031441,
                "recall": 0.8572013008486505,
                "f1-score": 0.8710014321301629,
                "support": 39601
            },
            "weighted avg": {
                "precision": 0.8815434224070343,
                "recall": 0.8819979293452186,
                "f1-score": 0.8803309431804771,
                "support": 39601
            },
            "logloss": 0.3125848428370352,
            "score": -0.3125848428370352
        },
        "val": {
            "0": {
                "precision": 0.7066115702479339,
                "recall": 0.5551948051948052,
                "f1-score": 0.6218181818181818,
                "support": 308
            },
            "1": {
                "precision": 0.7525270128964796,
                "recall": 0.8368217054263566,
                "f1-score": 0.7924389796292898,
                "support": 2580
            },
            "2": {
                "precision": 0.6267605633802817,
                "recall": 0.555815768930523,
                "f1-score": 0.5891601158460902,
                "support": 1281
            },
            "3": {
                "precision": 0.7365269461077845,
                "recall": 0.5707656612529002,
                "f1-score": 0.6431372549019607,
                "support": 431
            },
            "4": {
                "precision": 0.9814814814814815,
                "recall": 0.9680365296803652,
                "f1-score": 0.9747126436781608,
                "support": 438
            },
            "5": {
                "precision": 0.9525727069351231,
                "recall": 0.9412024756852343,
                "f1-score": 0.9468534578607961,
                "support": 2262
            },
            "6": {
                "precision": 0.7516629711751663,
                "recall": 0.7466960352422908,
                "f1-score": 0.7491712707182321,
                "support": 454
            },
            "7": {
                "precision": 0.9261695906432749,
                "recall": 0.9357459379615952,
                "f1-score": 0.9309331373989713,
                "support": 1354
            },
            "8": {
                "precision": 0.8489208633093526,
                "recall": 0.89281210592686,
                "f1-score": 0.8703134603564844,
                "support": 793
            },
            "accuracy": 0.8236541763458236,
            "macro avg": {
                "precision": 0.8092481895752086,
                "recall": 0.7781212250334367,
                "f1-score": 0.7909487224675742,
                "support": 9901
            },
            "weighted avg": {
                "precision": 0.8213888156344663,
                "recall": 0.8236541763458236,
                "f1-score": 0.8208656995580533,
                "support": 9901
            },
            "logloss": 0.4542233994281928,
            "score": -0.4542233994281928
        },
        "test": {
            "0": {
                "precision": 0.710691823899371,
                "recall": 0.5854922279792746,
                "f1-score": 0.6420454545454545,
                "support": 386
            },
            "1": {
                "precision": 0.7623180291153415,
                "recall": 0.8446029776674938,
                "f1-score": 0.8013537374926427,
                "support": 3224
            },
            "2": {
                "precision": 0.6194563662374821,
                "recall": 0.5409119300437226,
                "f1-score": 0.5775258419473157,
                "support": 1601
            },
            "3": {
                "precision": 0.7241379310344828,
                "recall": 0.5855018587360595,
                "f1-score": 0.6474820143884893,
                "support": 538
            },
            "4": {
                "precision": 0.9816176470588235,
                "recall": 0.9744525547445255,
                "f1-score": 0.978021978021978,
                "support": 548
            },
            "5": {
                "precision": 0.9525159461374911,
                "recall": 0.9508312698974177,
                "f1-score": 0.9516728624535317,
                "support": 2827
            },
            "6": {
                "precision": 0.7680608365019012,
                "recall": 0.7112676056338029,
                "f1-score": 0.7385740402193784,
                "support": 568
            },
            "7": {
                "precision": 0.9244288224956063,
                "recall": 0.9320732427643237,
                "f1-score": 0.928235294117647,
                "support": 1693
            },
            "8": {
                "precision": 0.8548387096774194,
                "recall": 0.9091826437941474,
                "f1-score": 0.8811735941320294,
                "support": 991
            },
            "accuracy": 0.8270038784744667,
            "macro avg": {
                "precision": 0.8108962346842131,
                "recall": 0.7815907012511965,
                "f1-score": 0.7940094241464963,
                "support": 12376
            },
            "weighted avg": {
                "precision": 0.8235719927572046,
                "recall": 0.8270038784744667,
                "f1-score": 0.8237676840265262,
                "support": 12376
            },
            "logloss": 0.44797639090661084,
            "score": -0.44797639090661084
        }
    }
}
