{
    "program": "bin/ensemble.py",
    "single_program": "/slot/sandbox/d/in/script/0_script_unpacked/pretrains/bin/pretrain_ae___c2d6a81c1d964078b1c58f77fc319e67.py",
    "config": {
        "seeds": [
            "0",
            "1",
            "2",
            "3",
            "4"
        ]
    },
    "prediction_type": null,
    "metrics": {
        "train": {
            "rmse": 0.27867851877930744,
            "score": -0.27867851877930744
        },
        "val": {
            "rmse": 0.42230303872636815,
            "score": -0.42230303872636815
        },
        "test": {
            "rmse": 0.41520107622428376,
            "score": -0.41520107622428376
        }
    }
}
