{
    "program": "bin/ensemble.py",
    "single_program": "/slot/sandbox/d/in/script/0_script_unpacked/pretrains/bin/pretrain_ae_supervised___85d39506febe4d39aa6734c9818b062b.py",
    "config": {
        "seeds": [
            "0",
            "1",
            "2",
            "3",
            "4"
        ]
    },
    "prediction_type": "probs",
    "metrics": {
        "train": {
            "0": {
                "precision": 0.9069467477427676,
                "recall": 0.9658555729984302,
                "f1-score": 0.9354746745224747,
                "support": 5096
            },
            "1": {
                "precision": 0.8211716341212744,
                "recall": 0.6127300613496932,
                "f1-score": 0.7018006148440931,
                "support": 1304
            },
            "accuracy": 0.89390625,
            "macro avg": {
                "precision": 0.864059190932021,
                "recall": 0.7892928171740616,
                "f1-score": 0.8186376446832839,
                "support": 6400
            },
            "weighted avg": {
                "precision": 0.8894700683423884,
                "recall": 0.89390625,
                "f1-score": 0.8878635848630044,
                "support": 6400
            },
            "roc_auc": 0.9209499691806879,
            "score": 0.9209499691806879
        },
        "val": {
            "0": {
                "precision": 0.8834668608885652,
                "recall": 0.9521193092621664,
                "f1-score": 0.9165092557612391,
                "support": 1274
            },
            "1": {
                "precision": 0.7312775330396476,
                "recall": 0.50920245398773,
                "f1-score": 0.6003616636528029,
                "support": 326
            },
            "accuracy": 0.861875,
            "macro avg": {
                "precision": 0.8073721969641063,
                "recall": 0.7306608816249482,
                "f1-score": 0.758435459707021,
                "support": 1600
            },
            "weighted avg": {
                "precision": 0.8524582853393483,
                "recall": 0.861875,
                "f1-score": 0.8520941838691453,
                "support": 1600
            },
            "roc_auc": 0.8750204659494756,
            "score": 0.8750204659494756
        },
        "test": {
            "0": {
                "precision": 0.8792605430387059,
                "recall": 0.9554300062774639,
                "f1-score": 0.9157641395908545,
                "support": 1593
            },
            "1": {
                "precision": 0.7360594795539034,
                "recall": 0.4864864864864865,
                "f1-score": 0.5857988165680474,
                "support": 407
            },
            "accuracy": 0.86,
            "macro avg": {
                "precision": 0.8076600112963046,
                "recall": 0.7209582463819753,
                "f1-score": 0.750781478079451,
                "support": 2000
            },
            "weighted avg": {
                "precision": 0.8501191266195487,
                "recall": 0.86,
                "f1-score": 0.8486161963557132,
                "support": 2000
            },
            "roc_auc": 0.8564388733880259,
            "score": 0.8564388733880259
        }
    }
}
