{
    "program": "bin/ensemble.py",
    "single_program": "/slot/sandbox/d/in/script/0_script_unpacked/pretrains/bin/pretrain_mask___7c3dc8337fe44ce3839340d80b6863ed.py",
    "config": {
        "seeds": [
            "5",
            "6",
            "7",
            "8",
            "9"
        ]
    },
    "prediction_type": "probs",
    "metrics": {
        "train": {
            "0": {
                "precision": 0.7871568593254038,
                "recall": 0.7628625515516192,
                "f1-score": 0.7748193164065854,
                "support": 29582
            },
            "1": {
                "precision": 0.7941728771785693,
                "recall": 0.8160330429015045,
                "f1-score": 0.8049545731661983,
                "support": 33169
            },
            "accuracy": 0.7909674746219184,
            "macro avg": {
                "precision": 0.7906648682519866,
                "recall": 0.7894477972265619,
                "f1-score": 0.7898869447863919,
                "support": 62751
            },
            "weighted avg": {
                "precision": 0.7908653945865415,
                "recall": 0.7909674746219184,
                "f1-score": 0.7907482471241771,
                "support": 62751
            },
            "roc_auc": 0.8749214631785571,
            "score": 0.8749214631785571
        },
        "val": {
            "0": {
                "precision": 0.7441628701594533,
                "recall": 0.7067333693888589,
                "f1-score": 0.7249653259361998,
                "support": 7396
            },
            "1": {
                "precision": 0.7496537396121884,
                "recall": 0.7832850940665702,
                "f1-score": 0.7661004953998585,
                "support": 8292
            },
            "accuracy": 0.7471953085160632,
            "macro avg": {
                "precision": 0.7469083048858208,
                "recall": 0.7450092317277146,
                "f1-score": 0.7455329106680291,
                "support": 15688
            },
            "weighted avg": {
                "precision": 0.7470651068691728,
                "recall": 0.7471953085160632,
                "f1-score": 0.7467076018918766,
                "support": 15688
            },
            "roc_auc": 0.8324506154093803,
            "score": 0.8324506154093803
        },
        "test": {
            "0": {
                "precision": 0.739450770261219,
                "recall": 0.7164954029204975,
                "f1-score": 0.727792122177663,
                "support": 9245
            },
            "1": {
                "precision": 0.753942921517086,
                "recall": 0.7748191027496382,
                "f1-score": 0.7642384736165961,
                "support": 10365
            },
            "accuracy": 0.7473227944926059,
            "macro avg": {
                "precision": 0.7466968458891525,
                "recall": 0.7456572528350678,
                "f1-score": 0.7460152978971295,
                "support": 19610
            },
            "weighted avg": {
                "precision": 0.7471106962054852,
                "recall": 0.7473227944926059,
                "f1-score": 0.7470560912069614,
                "support": 19610
            },
            "roc_auc": 0.8277705449315245,
            "score": 0.8277705449315245
        }
    }
}
