{
    "program": "bin/ensemble.py",
    "single_program": "/slot/sandbox/d/in/script/0_script_unpacked/pretrains/bin/pretrain_mask_fast___88f334f0dee44fc782727ac73dc94e4f.py",
    "config": {
        "seeds": [
            "10",
            "11",
            "12",
            "13",
            "14"
        ]
    },
    "prediction_type": null,
    "metrics": {
        "train": {
            "rmse": 3.4807024936875015,
            "score": -3.4807024936875015
        },
        "val": {
            "rmse": 5.105311923493771,
            "score": -5.105311923493771
        },
        "test": {
            "rmse": 5.398029439633198,
            "score": -5.398029439633198
        }
    }
}
