{
    "program": "bin/ensemble.py",
    "single_program": "/slot/sandbox/d/in/script/0_script_unpacked/pretrains/bin/pretrain_ae_supervised___26d349f6d1424d369ce214e478c35d05.py",
    "config": {
        "seeds": [
            "0",
            "1",
            "2",
            "3",
            "4"
        ]
    },
    "prediction_type": "probs",
    "metrics": {
        "train": {
            "0": {
                "precision": 0.8961228968544257,
                "recall": 0.9615384615384616,
                "f1-score": 0.9276789095039758,
                "support": 5096
            },
            "1": {
                "precision": 0.7896995708154506,
                "recall": 0.5644171779141104,
                "f1-score": 0.6583184257602863,
                "support": 1304
            },
            "accuracy": 0.880625,
            "macro avg": {
                "precision": 0.8429112338349382,
                "recall": 0.762977819726286,
                "f1-score": 0.792998667632131,
                "support": 6400
            },
            "weighted avg": {
                "precision": 0.8744391441739845,
                "recall": 0.880625,
                "f1-score": 0.8727967109411991,
                "support": 6400
            },
            "roc_auc": 0.9009287026514239,
            "score": 0.9009287026514239
        },
        "val": {
            "0": {
                "precision": 0.8835021707670043,
                "recall": 0.9583987441130298,
                "f1-score": 0.9194277108433735,
                "support": 1274
            },
            "1": {
                "precision": 0.7568807339449541,
                "recall": 0.5061349693251533,
                "f1-score": 0.6066176470588235,
                "support": 326
            },
            "accuracy": 0.86625,
            "macro avg": {
                "precision": 0.8201914523559792,
                "recall": 0.7322668567190915,
                "f1-score": 0.7630226789510985,
                "support": 1600
            },
            "weighted avg": {
                "precision": 0.8577030530145116,
                "recall": 0.86625,
                "f1-score": 0.8556926603472715,
                "support": 1600
            },
            "roc_auc": 0.8743535167724475,
            "score": 0.8743535167724475
        },
        "test": {
            "0": {
                "precision": 0.8822505800464037,
                "recall": 0.9548022598870056,
                "f1-score": 0.9170937594211636,
                "support": 1593
            },
            "1": {
                "precision": 0.7391304347826086,
                "recall": 0.5012285012285013,
                "f1-score": 0.5973645680819912,
                "support": 407
            },
            "accuracy": 0.8625,
            "macro avg": {
                "precision": 0.8106905074145061,
                "recall": 0.7280153805577534,
                "f1-score": 0.7572291637515773,
                "support": 2000
            },
            "weighted avg": {
                "precision": 0.8531256304852215,
                "recall": 0.8625,
                "f1-score": 0.852028868983642,
                "support": 2000
            },
            "roc_auc": 0.8658087980121878,
            "score": 0.8658087980121878
        }
    }
}
