{
    "program": "bin/ensemble.py",
    "single_program": "/slot/sandbox/d/in/script/0_script_unpacked/pretrains/bin/pretrain_ae_mask___46f7983f6604493d82329a68fe9c2bf9.py",
    "config": {
        "seeds": [
            "10",
            "11",
            "12",
            "13",
            "14"
        ]
    },
    "prediction_type": null,
    "metrics": {
        "train": {
            "rmse": 4.035285358776088,
            "score": -4.035285358776088
        },
        "val": {
            "rmse": 5.321044345448851,
            "score": -5.321044345448851
        },
        "test": {
            "rmse": 5.546248753654601,
            "score": -5.546248753654601
        }
    }
}
