{
    "program": "bin/ensemble.py",
    "single_program": "/slot/sandbox/d/in/script/0_script_unpacked/pretrains/bin/finetune___1c1bd2cb5d99444c9806713b82ef3def.py",
    "config": {
        "seeds": [
            "0",
            "1",
            "2",
            "3",
            "4"
        ]
    },
    "prediction_type": null,
    "metrics": {
        "train": {
            "rmse": 24217.046923691214,
            "score": -24217.046923691214
        },
        "val": {
            "rmse": 27819.745150513583,
            "score": -27819.745150513583
        },
        "test": {
            "rmse": 31478.144791787938,
            "score": -31478.144791787938
        }
    }
}
