{
    "program": "bin/ensemble.py",
    "single_program": "/slot/sandbox/d/in/script/0_script_unpacked/pretrains/bin/pretrain_ae_supervised_ddp___8a6165e1e1054f6193da80739b3df68f.py",
    "config": {
        "seeds": [
            "5",
            "6",
            "7",
            "8",
            "9"
        ]
    },
    "prediction_type": "probs",
    "metrics": {
        "train": {
            "0": {
                "precision": 0.9981039087515309,
                "recall": 0.997838882414551,
                "f1-score": 0.9979713779876069,
                "support": 135578
            },
            "1": {
                "precision": 0.9985211590140325,
                "recall": 0.9980310183551006,
                "f1-score": 0.9982760285213841,
                "support": 181312
            },
            "2": {
                "precision": 0.9988196721311475,
                "recall": 0.9985141158989599,
                "f1-score": 0.9986668706427432,
                "support": 22882
            },
            "3": {
                "precision": 0.9948979591836735,
                "recall": 0.9977259806708357,
                "f1-score": 0.9963099630996309,
                "support": 1759
            },
            "4": {
                "precision": 0.9816855753646677,
                "recall": 0.997037037037037,
                "f1-score": 0.9893017558187015,
                "support": 6075
            },
            "5": {
                "precision": 0.9976616602212429,
                "recall": 0.9980206927575349,
                "f1-score": 0.9978411441935775,
                "support": 11115
            },
            "6": {
                "precision": 0.9961228523642999,
                "recall": 0.9982477525521865,
                "f1-score": 0.9971841704718418,
                "support": 13126
            },
            "accuracy": 0.9979803521340767,
            "macro avg": {
                "precision": 0.9951161124329422,
                "recall": 0.9979164970980293,
                "f1-score": 0.9965073301050694,
                "support": 371847
            },
            "weighted avg": {
                "precision": 0.9979848570934001,
                "recall": 0.9979803521340767,
                "f1-score": 0.9979815441112503,
                "support": 371847
            },
            "score": 0.9979803521340767
        },
        "val": {
            "0": {
                "precision": 0.9759744673305949,
                "recall": 0.9743907476249484,
                "f1-score": 0.9751819644781717,
                "support": 33894
            },
            "1": {
                "precision": 0.9795575963618702,
                "recall": 0.9789092834451112,
                "f1-score": 0.9792333325977092,
                "support": 45328
            },
            "2": {
                "precision": 0.97245947359247,
                "recall": 0.9751791644817339,
                "f1-score": 0.9738174201431314,
                "support": 5721
            },
            "3": {
                "precision": 0.9230769230769231,
                "recall": 0.9020501138952164,
                "f1-score": 0.912442396313364,
                "support": 439
            },
            "4": {
                "precision": 0.9001919385796545,
                "recall": 0.9262672811059908,
                "f1-score": 0.9130434782608695,
                "support": 1519
            },
            "5": {
                "precision": 0.9546104360257327,
                "recall": 0.9611370996761425,
                "f1-score": 0.9578626501703426,
                "support": 2779
            },
            "6": {
                "precision": 0.9696785930867192,
                "recall": 0.9744058500914077,
                "f1-score": 0.9720364741641337,
                "support": 3282
            },
            "accuracy": 0.9751188657731116,
            "macro avg": {
                "precision": 0.9536499182934236,
                "recall": 0.9560485057600788,
                "f1-score": 0.9548025308753889,
                "support": 92962
            },
            "weighted avg": {
                "precision": 0.9751562556762541,
                "recall": 0.9751188657731116,
                "f1-score": 0.97513300846734,
                "support": 92962
            },
            "score": 0.9751188657731116
        },
        "test": {
            "0": {
                "precision": 0.9758337475443206,
                "recall": 0.9730929003021148,
                "f1-score": 0.9744613966460641,
                "support": 42368
            },
            "1": {
                "precision": 0.9782462949894143,
                "recall": 0.9785743280210374,
                "f1-score": 0.9784102840101994,
                "support": 56661
            },
            "2": {
                "precision": 0.972923935799023,
                "recall": 0.9748286952873724,
                "f1-score": 0.9738753841855267,
                "support": 7151
            },
            "3": {
                "precision": 0.915129151291513,
                "recall": 0.9034608378870674,
                "f1-score": 0.9092575618698443,
                "support": 549
            },
            "4": {
                "precision": 0.9040533606977937,
                "recall": 0.9278567667193259,
                "f1-score": 0.9158004158004158,
                "support": 1899
            },
            "5": {
                "precision": 0.9539078156312625,
                "recall": 0.9594010941549093,
                "f1-score": 0.9566465690496697,
                "support": 3473
            },
            "6": {
                "precision": 0.9704242424242424,
                "recall": 0.9758654314968308,
                "f1-score": 0.9731372310684332,
                "support": 4102
            },
            "accuracy": 0.9744929132638572,
            "macro avg": {
                "precision": 0.9529312211967955,
                "recall": 0.9561542934098083,
                "f1-score": 0.9545126918043075,
                "support": 116203
            },
            "weighted avg": {
                "precision": 0.9745249427586856,
                "recall": 0.9744929132638572,
                "f1-score": 0.9745049463003264,
                "support": 116203
            },
            "score": 0.9744929132638572
        }
    }
}
