{
    "program": "bin/ensemble.py",
    "single_program": "/slot/sandbox/d/in/script/0_script_unpacked/pretrains/bin/augmented_supervised___d1e0b8f35d2c4f3abec54e7dfe088a03.py",
    "config": {
        "seeds": [
            "0",
            "1",
            "2",
            "3",
            "4"
        ]
    },
    "prediction_type": null,
    "metrics": {
        "train": {
            "rmse": 4.821003387628824,
            "score": -4.821003387628824
        },
        "val": {
            "rmse": 5.619497801616282,
            "score": -5.619497801616282
        },
        "test": {
            "rmse": 5.776635252386669,
            "score": -5.776635252386669
        }
    }
}
