{
    "program": "bin/ensemble.py",
    "single_program": "/home/irubachev/repos/pretrains/bin/finetune_ddp___0468f32e270c4d4397780b9bbfdf72f3.py",
    "config": {
        "seeds": [
            "5",
            "6",
            "7",
            "8",
            "9"
        ]
    },
    "prediction_type": null,
    "metrics": {
        "train": {
            "rmse": 0.7093184580385318,
            "score": -0.7093184580385318
        },
        "val": {
            "rmse": 0.7403959899288325,
            "score": -0.7403959899288325
        },
        "test": {
            "rmse": 0.7435848688618131,
            "score": -0.7435848688618131
        }
    }
}
