{
    "program": "bin/ensemble.py",
    "single_program": "/slot/sandbox/d/in/script/0_script_unpacked/pretrains/bin/pretrain_mask___f6d1a7dbfc4d4ceabba35c9a3613655a.py",
    "config": {
        "seeds": [
            "5",
            "6",
            "7",
            "8",
            "9"
        ]
    },
    "prediction_type": "probs",
    "metrics": {
        "train": {
            "0": {
                "precision": 0.8946216955332725,
                "recall": 0.9629120879120879,
                "f1-score": 0.9275115773556375,
                "support": 5096
            },
            "1": {
                "precision": 0.7934426229508197,
                "recall": 0.5567484662576687,
                "f1-score": 0.6543488057683642,
                "support": 1304
            },
            "accuracy": 0.88015625,
            "macro avg": {
                "precision": 0.8440321592420461,
                "recall": 0.7598302770848784,
                "f1-score": 0.7909301915620008,
                "support": 6400
            },
            "weighted avg": {
                "precision": 0.8740064594945978,
                "recall": 0.88015625,
                "f1-score": 0.8718546626447305,
                "support": 6400
            },
            "roc_auc": 0.893683756537065,
            "score": 0.893683756537065
        },
        "val": {
            "0": {
                "precision": 0.8816355810616929,
                "recall": 0.9646781789638933,
                "f1-score": 0.9212893553223388,
                "support": 1274
            },
            "1": {
                "precision": 0.7815533980582524,
                "recall": 0.4938650306748466,
                "f1-score": 0.6052631578947368,
                "support": 326
            },
            "accuracy": 0.86875,
            "macro avg": {
                "precision": 0.8315944895599727,
                "recall": 0.7292716048193699,
                "f1-score": 0.7632762566085378,
                "support": 1600
            },
            "weighted avg": {
                "precision": 0.861243836274742,
                "recall": 0.86875,
                "f1-score": 0.8568990175964649,
                "support": 1600
            },
            "roc_auc": 0.8779097764636765,
            "score": 0.8779097764636765
        },
        "test": {
            "0": {
                "precision": 0.882420749279539,
                "recall": 0.9610797237915882,
                "f1-score": 0.9200721153846154,
                "support": 1593
            },
            "1": {
                "precision": 0.7660377358490567,
                "recall": 0.4987714987714988,
                "f1-score": 0.6041666666666666,
                "support": 407
            },
            "accuracy": 0.867,
            "macro avg": {
                "precision": 0.8242292425642979,
                "recall": 0.7299256112815435,
                "f1-score": 0.762119391025641,
                "support": 2000
            },
            "weighted avg": {
                "precision": 0.8587368060464359,
                "recall": 0.867,
                "f1-score": 0.8557853565705128,
                "support": 2000
            },
            "roc_auc": 0.8650129328095431,
            "score": 0.8650129328095431
        }
    }
}
