{
    "program": "bin/ensemble.py",
    "single_program": "/slot/sandbox/d/in/script/0_script_unpacked/pretrains/bin/pretrain_ae___ead93e2289c24b5995bf5a8169cd599b.py",
    "config": {
        "seeds": [
            "10",
            "11",
            "12",
            "13",
            "14"
        ]
    },
    "prediction_type": "probs",
    "metrics": {
        "train": {
            "0": {
                "precision": 0.8940160335941973,
                "recall": 0.9474083438685209,
                "f1-score": 0.9199381306621491,
                "support": 19775
            },
            "1": {
                "precision": 0.795758051846033,
                "recall": 0.6459429300175354,
                "f1-score": 0.7130664320281566,
                "support": 6273
            },
            "accuracy": 0.8748080466830467,
            "macro avg": {
                "precision": 0.8448870427201152,
                "recall": 0.7966756369430281,
                "f1-score": 0.8165022813451528,
                "support": 26048
            },
            "weighted avg": {
                "precision": 0.870353091352711,
                "recall": 0.8748080466830467,
                "f1-score": 0.8701183300812587,
                "support": 26048
            },
            "roc_auc": 0.9333070210600968,
            "score": 0.9333070210600968
        },
        "val": {
            "0": {
                "precision": 0.8827243160512722,
                "recall": 0.9330637007077857,
                "f1-score": 0.9071962249311837,
                "support": 4945
            },
            "1": {
                "precision": 0.7426127527216174,
                "recall": 0.6090561224489796,
                "f1-score": 0.6692361597757533,
                "support": 1568
            },
            "accuracy": 0.8550591125441425,
            "macro avg": {
                "precision": 0.8126685343864448,
                "recall": 0.7710599115783826,
                "f1-score": 0.7882161923534685,
                "support": 6513
            },
            "weighted avg": {
                "precision": 0.8489925593645075,
                "recall": 0.8550591125441425,
                "f1-score": 0.849907512791814,
                "support": 6513
            },
            "roc_auc": 0.9141800881120901,
            "score": 0.9141800881120901
        },
        "test": {
            "0": {
                "precision": 0.8836768717793271,
                "recall": 0.9377563329312425,
                "f1-score": 0.9099137762865279,
                "support": 12435
            },
            "1": {
                "precision": 0.7491085899513776,
                "recall": 0.6008840353614144,
                "f1-score": 0.666859039099697,
                "support": 3846
            },
            "accuracy": 0.8581782445795713,
            "macro avg": {
                "precision": 0.8163927308653524,
                "recall": 0.7693201841463284,
                "f1-score": 0.7883864076931124,
                "support": 16281
            },
            "weighted avg": {
                "precision": 0.8518883076917223,
                "recall": 0.8581782445795713,
                "f1-score": 0.8524978608500958,
                "support": 16281
            },
            "roc_auc": 0.9104613778439357,
            "score": 0.9104613778439357
        }
    }
}
