{
    "program": "bin/ensemble.py",
    "single_program": "/slot/sandbox/d/in/script/0_script_unpacked/pretrains/bin/pretrain_mask___d6c2287dcb994d03bacd211059ef2de0.py",
    "config": {
        "seeds": [
            "5",
            "6",
            "7",
            "8",
            "9"
        ]
    },
    "prediction_type": "probs",
    "metrics": {
        "train": {
            "0": {
                "precision": 0.8183074743425827,
                "recall": 0.8005205868433507,
                "f1-score": 0.8093163138018831,
                "support": 29582
            },
            "1": {
                "precision": 0.8254761623092394,
                "recall": 0.8414784889505261,
                "f1-score": 0.8334005165643988,
                "support": 33169
            },
            "accuracy": 0.8221701646188906,
            "macro avg": {
                "precision": 0.821891818325911,
                "recall": 0.8209995378969384,
                "f1-score": 0.821358415183141,
                "support": 62751
            },
            "weighted avg": {
                "precision": 0.8220967081582357,
                "recall": 0.8221701646188906,
                "f1-score": 0.8220467710285391,
                "support": 62751
            },
            "roc_auc": 0.9072462020738374,
            "score": 0.9072462020738374
        },
        "val": {
            "0": {
                "precision": 0.7662007623888183,
                "recall": 0.7337750135208221,
                "f1-score": 0.7496374058981973,
                "support": 7396
            },
            "1": {
                "precision": 0.7711795467751308,
                "recall": 0.8002894356005789,
                "f1-score": 0.7854648754216725,
                "support": 8292
            },
            "accuracy": 0.7689316675165732,
            "macro avg": {
                "precision": 0.7686901545819745,
                "recall": 0.7670322245607004,
                "f1-score": 0.7675511406599349,
                "support": 15688
            },
            "weighted avg": {
                "precision": 0.768832333024419,
                "recall": 0.7689316675165732,
                "f1-score": 0.768574260646327,
                "support": 15688
            },
            "roc_auc": 0.8558508911611001,
            "score": 0.8558508911611001
        },
        "test": {
            "0": {
                "precision": 0.758774373259053,
                "recall": 0.7366143861546782,
                "f1-score": 0.747530186608123,
                "support": 9245
            },
            "1": {
                "precision": 0.77103902209685,
                "recall": 0.7911239749155813,
                "f1-score": 0.780952380952381,
                "support": 10365
            },
            "accuracy": 0.7654258031616522,
            "macro avg": {
                "precision": 0.7649066976779515,
                "recall": 0.7638691805351298,
                "f1-score": 0.7642412837802519,
                "support": 19610
            },
            "weighted avg": {
                "precision": 0.7652569375223761,
                "recall": 0.7654258031616522,
                "f1-score": 0.7651957166631069,
                "support": 19610
            },
            "roc_auc": 0.8517337098552901,
            "score": 0.8517337098552901
        }
    }
}
