{
    "program": "bin/ensemble.py",
    "single_program": "/slot/sandbox/d/in/script/0_script_unpacked/pretrains/bin/pretrain_mask_supervised___44f60819937d45f1bc3d10c1c30fbdae.py",
    "config": {
        "seeds": [
            "0",
            "1",
            "2",
            "3",
            "4"
        ]
    },
    "prediction_type": null,
    "metrics": {
        "train": {
            "rmse": 4.150047614829756,
            "score": -4.150047614829756
        },
        "val": {
            "rmse": 5.352708300932266,
            "score": -5.352708300932266
        },
        "test": {
            "rmse": 5.595187444579253,
            "score": -5.595187444579253
        }
    }
}
