{
    "program": "bin/ensemble.py",
    "single_program": "/slot/sandbox/d/in/script/0_script_unpacked/pretrains/bin/pretrain_ae___00bffcf98e1240b8b6b92aa9b42d0ec7.py",
    "config": {
        "seeds": [
            "0",
            "1",
            "2",
            "3",
            "4"
        ]
    },
    "prediction_type": null,
    "metrics": {
        "train": {
            "rmse": 0.28931621095577953,
            "score": -0.28931621095577953
        },
        "val": {
            "rmse": 0.4333416694967235,
            "score": -0.4333416694967235
        },
        "test": {
            "rmse": 0.43011889225882055,
            "score": -0.43011889225882055
        }
    }
}
