{
    "program": "bin/ensemble.py",
    "single_program": "/slot/sandbox/d/in/script/0_script_unpacked/pretrains/bin/augmented_supervised___3a0929e6edd14479a0ac2b11c5dbbd39.py",
    "config": {
        "seeds": [
            "0",
            "1",
            "2",
            "3",
            "4"
        ]
    },
    "prediction_type": "probs",
    "metrics": {
        "train": {
            "0": {
                "precision": 0.9809589133011757,
                "recall": 0.9704893124253198,
                "f1-score": 0.9756960279412257,
                "support": 135578
            },
            "1": {
                "precision": 0.9768212826249884,
                "recall": 0.984821743734557,
                "f1-score": 0.9808051984433233,
                "support": 181312
            },
            "2": {
                "precision": 0.9848937291410504,
                "recall": 0.9801590770037584,
                "f1-score": 0.9825206991720332,
                "support": 22882
            },
            "3": {
                "precision": 0.9341021416803954,
                "recall": 0.9670267197271177,
                "f1-score": 0.9502793296089386,
                "support": 1759
            },
            "4": {
                "precision": 0.9485380116959065,
                "recall": 0.9344855967078189,
                "f1-score": 0.9414593698175788,
                "support": 6075
            },
            "5": {
                "precision": 0.9725126171593367,
                "recall": 0.9708502024291498,
                "f1-score": 0.9716806987528701,
                "support": 11115
            },
            "6": {
                "precision": 0.9725934314835787,
                "recall": 0.9814109401188481,
                "f1-score": 0.9769822911531606,
                "support": 13126
            },
            "accuracy": 0.9778645518183554,
            "macro avg": {
                "precision": 0.9672028752980617,
                "recall": 0.9698919417352242,
                "f1-score": 0.9684890878413043,
                "support": 371847
            },
            "weighted avg": {
                "precision": 0.9778844510314783,
                "recall": 0.9778645518183554,
                "f1-score": 0.9778530266146136,
                "support": 371847
            },
            "score": 0.9778645518183554
        },
        "val": {
            "0": {
                "precision": 0.9670483688197054,
                "recall": 0.9567770106803564,
                "f1-score": 0.9618852702141543,
                "support": 33894
            },
            "1": {
                "precision": 0.9645831966944317,
                "recall": 0.9733718672785033,
                "f1-score": 0.968957603575311,
                "support": 45328
            },
            "2": {
                "precision": 0.9671872258290928,
                "recall": 0.9634679251879043,
                "f1-score": 0.9653239929947461,
                "support": 5721
            },
            "3": {
                "precision": 0.8898678414096917,
                "recall": 0.9202733485193622,
                "f1-score": 0.9048152295632699,
                "support": 439
            },
            "4": {
                "precision": 0.9060124395300622,
                "recall": 0.8630678077682686,
                "f1-score": 0.8840188806473364,
                "support": 1519
            },
            "5": {
                "precision": 0.9413458078445484,
                "recall": 0.9413458078445484,
                "f1-score": 0.9413458078445484,
                "support": 2779
            },
            "6": {
                "precision": 0.9543530834340992,
                "recall": 0.961913467397928,
                "f1-score": 0.9581183611532624,
                "support": 3282
            },
            "accuracy": 0.9632968309631893,
            "macro avg": {
                "precision": 0.9414854233659472,
                "recall": 0.9400310335252674,
                "f1-score": 0.940637877998947,
                "support": 92962
            },
            "weighted avg": {
                "precision": 0.9632765470769161,
                "recall": 0.9632968309631893,
                "f1-score": 0.9632565047461302,
                "support": 92962
            },
            "score": 0.9632968309631893
        },
        "test": {
            "0": {
                "precision": 0.9672209480122325,
                "recall": 0.9555324773413897,
                "f1-score": 0.9613411854103343,
                "support": 42368
            },
            "1": {
                "precision": 0.9629487358569633,
                "recall": 0.9733326273803851,
                "f1-score": 0.96811283824704,
                "support": 56661
            },
            "2": {
                "precision": 0.965266106442577,
                "recall": 0.9637812893301636,
                "f1-score": 0.964523126443216,
                "support": 7151
            },
            "3": {
                "precision": 0.8794326241134752,
                "recall": 0.9034608378870674,
                "f1-score": 0.8912848158131177,
                "support": 549
            },
            "4": {
                "precision": 0.9026548672566371,
                "recall": 0.8593996840442338,
                "f1-score": 0.8804963582411653,
                "support": 1899
            },
            "5": {
                "precision": 0.9434126523505514,
                "recall": 0.9360783184566657,
                "f1-score": 0.9397311750252927,
                "support": 3473
            },
            "6": {
                "precision": 0.9601651688122419,
                "recall": 0.9636762554851293,
                "f1-score": 0.961917508212678,
                "support": 4102
            },
            "accuracy": 0.9626085385058906,
            "macro avg": {
                "precision": 0.9401573004063827,
                "recall": 0.9364659271321478,
                "f1-score": 0.9382010010561206,
                "support": 116203
            },
            "weighted avg": {
                "precision": 0.9625869654190035,
                "recall": 0.9626085385058906,
                "f1-score": 0.962561204842462,
                "support": 116203
            },
            "score": 0.9626085385058906
        }
    }
}
