{
    "program": "bin/ensemble.py",
    "single_program": "/slot/sandbox/d/in/script/0_script_unpacked/pretrains/bin/pretrain_mask___ea2d408d6531460e9fb04c36ba2fd3cd.py",
    "config": {
        "seeds": [
            "0",
            "1",
            "2",
            "3",
            "4"
        ]
    },
    "prediction_type": null,
    "metrics": {
        "train": {
            "rmse": 4.099623763409631,
            "score": -4.099623763409631
        },
        "val": {
            "rmse": 5.29107944447885,
            "score": -5.29107944447885
        },
        "test": {
            "rmse": 5.5418457591513715,
            "score": -5.5418457591513715
        }
    }
}
