{
    "program": "bin/ensemble.py",
    "single_program": "/slot/sandbox/d/in/script/0_script_unpacked/pretrains/bin/pretrain_mask___c748dd622bfe4b45b5cf04e6c8bb3d4d.py",
    "config": {
        "seeds": [
            "10",
            "11",
            "12",
            "13",
            "14"
        ]
    },
    "prediction_type": null,
    "metrics": {
        "train": {
            "rmse": 1.486217668153654,
            "score": -1.486217668153654
        },
        "val": {
            "rmse": 1.8071781696022973,
            "score": -1.8071781696022973
        },
        "test": {
            "rmse": 1.8082970920999855,
            "score": -1.8082970920999855
        }
    }
}
