{
    "program": "bin/ensemble.py",
    "single_program": "/slot/sandbox/d/in/script/0_script_unpacked/pretrains/bin/finetune_ddp___572eee8288b549949945f0283c1e5aa7.py",
    "config": {
        "seeds": [
            "5",
            "6",
            "7",
            "8",
            "9"
        ]
    },
    "prediction_type": null,
    "metrics": {
        "train": {
            "rmse": 0.712131770447099,
            "score": -0.712131770447099
        },
        "val": {
            "rmse": 0.743261623606734,
            "score": -0.743261623606734
        },
        "test": {
            "rmse": 0.7470338403274406,
            "score": -0.7470338403274406
        }
    }
}
