{
    "program": "bin/ensemble.py",
    "single_program": "/slot/sandbox/d/in/script/0_script_unpacked/pretrains/bin/finetune___007b38e448b8439ca317459fc0695f76.py",
    "config": {
        "seeds": [
            "0",
            "1",
            "2",
            "3",
            "4"
        ]
    },
    "prediction_type": "probs",
    "metrics": {
        "train": {
            "0": {
                "precision": 0.899021123132406,
                "recall": 0.9948688711516533,
                "f1-score": 0.9445196211096076,
                "support": 1754
            },
            "1": {
                "precision": 0.9963833634719711,
                "recall": 0.8636363636363636,
                "f1-score": 0.9252728799328296,
                "support": 638
            },
            "2": {
                "precision": 0.9969512195121951,
                "recall": 0.9746646795827124,
                "f1-score": 0.9856819894498869,
                "support": 1342
            },
            "3": {
                "precision": 1.0,
                "recall": 0.985632183908046,
                "f1-score": 0.9927641099855282,
                "support": 696
            },
            "4": {
                "precision": 0.9967141292442497,
                "recall": 0.9639830508474576,
                "f1-score": 0.9800753904146472,
                "support": 1888
            },
            "accuracy": 0.9670781893004116,
            "macro avg": {
                "precision": 0.9778139670721643,
                "recall": 0.9565570298252467,
                "f1-score": 0.9656627981785,
                "support": 6318
            },
            "weighted avg": {
                "precision": 0.9699715809540784,
                "recall": 0.9670781893004116,
                "f1-score": 0.9672590852038503,
                "support": 6318
            },
            "score": 0.9670781893004116
        },
        "val": {
            "0": {
                "precision": 0.7204724409448819,
                "recall": 0.8337129840546698,
                "f1-score": 0.7729672650475184,
                "support": 439
            },
            "1": {
                "precision": 0.631578947368421,
                "recall": 0.525,
                "f1-score": 0.5733788395904436,
                "support": 160
            },
            "2": {
                "precision": 0.6825396825396826,
                "recall": 0.6417910447761194,
                "f1-score": 0.6615384615384614,
                "support": 335
            },
            "3": {
                "precision": 0.64375,
                "recall": 0.5919540229885057,
                "f1-score": 0.6167664670658682,
                "support": 174
            },
            "4": {
                "precision": 0.7112068965517241,
                "recall": 0.6991525423728814,
                "f1-score": 0.7051282051282052,
                "support": 472
            },
            "accuracy": 0.6949367088607595,
            "macro avg": {
                "precision": 0.6779095934809419,
                "recall": 0.6583221188384353,
                "f1-score": 0.6659558476740994,
                "support": 1580
            },
            "weighted avg": {
                "precision": 0.6922107480866823,
                "recall": 0.6949367088607595,
                "f1-score": 0.691662345820057,
                "support": 1580
            },
            "score": 0.6949367088607595
        },
        "test": {
            "0": {
                "precision": 0.7367549668874173,
                "recall": 0.8120437956204379,
                "f1-score": 0.7725694444444444,
                "support": 548
            },
            "1": {
                "precision": 0.625,
                "recall": 0.525,
                "f1-score": 0.5706521739130436,
                "support": 200
            },
            "2": {
                "precision": 0.6600985221674877,
                "recall": 0.638095238095238,
                "f1-score": 0.648910411622276,
                "support": 420
            },
            "3": {
                "precision": 0.6335078534031413,
                "recall": 0.5576036866359447,
                "f1-score": 0.5931372549019607,
                "support": 217
            },
            "4": {
                "precision": 0.6831683168316832,
                "recall": 0.7016949152542373,
                "f1-score": 0.6923076923076924,
                "support": 590
            },
            "accuracy": 0.6850632911392405,
            "macro avg": {
                "precision": 0.6677059318579459,
                "recall": 0.6468875271211717,
                "f1-score": 0.6555153954378834,
                "support": 1975
            },
            "weighted avg": {
                "precision": 0.6817841074854806,
                "recall": 0.6850632911392405,
                "f1-score": 0.6821332587315363,
                "support": 1975
            },
            "score": 0.6850632911392405
        }
    }
}
