{
    "program": "bin/ensemble.py",
    "single_program": "/slot/sandbox/d/in/script/0_script_unpacked/pretrains/bin/pretrain_mask_supervised___aaa0744afd9d425d8e4875ee27219c83.py",
    "config": {
        "seeds": [
            "5",
            "6",
            "7",
            "8",
            "9"
        ]
    },
    "prediction_type": "probs",
    "metrics": {
        "train": {
            "0": {
                "precision": 0.9960204661739624,
                "recall": 0.9988597491448119,
                "f1-score": 0.9974380871050385,
                "support": 1754
            },
            "1": {
                "precision": 1.0,
                "recall": 0.9984326018808778,
                "f1-score": 0.9992156862745099,
                "support": 638
            },
            "2": {
                "precision": 1.0,
                "recall": 0.996274217585693,
                "f1-score": 0.9981336319522209,
                "support": 1342
            },
            "3": {
                "precision": 1.0,
                "recall": 1.0,
                "f1-score": 1.0,
                "support": 696
            },
            "4": {
                "precision": 0.9989412387506618,
                "recall": 0.9994703389830508,
                "f1-score": 0.9992057188244639,
                "support": 1888
            },
            "accuracy": 0.9985754985754985,
            "macro avg": {
                "precision": 0.9989923409849247,
                "recall": 0.9986073815188867,
                "f1-score": 0.9987986248312467,
                "support": 6318
            },
            "weighted avg": {
                "precision": 0.9985788155160461,
                "recall": 0.9985754985754985,
                "f1-score": 0.9985757745878193,
                "support": 6318
            },
            "score": 0.9985754985754985
        },
        "val": {
            "0": {
                "precision": 0.7731958762886598,
                "recall": 0.8542141230068337,
                "f1-score": 0.8116883116883117,
                "support": 439
            },
            "1": {
                "precision": 0.7310344827586207,
                "recall": 0.6625,
                "f1-score": 0.6950819672131148,
                "support": 160
            },
            "2": {
                "precision": 0.7611464968152867,
                "recall": 0.7134328358208956,
                "f1-score": 0.7365177195685672,
                "support": 335
            },
            "3": {
                "precision": 0.7105263157894737,
                "recall": 0.6206896551724138,
                "f1-score": 0.6625766871165644,
                "support": 174
            },
            "4": {
                "precision": 0.768595041322314,
                "recall": 0.788135593220339,
                "f1-score": 0.7782426778242678,
                "support": 472
            },
            "accuracy": 0.759493670886076,
            "macro avg": {
                "precision": 0.748899642594871,
                "recall": 0.7277944414440964,
                "f1-score": 0.7368214726821651,
                "support": 1580
            },
            "weighted avg": {
                "precision": 0.7580955834283054,
                "recall": 0.759493670886076,
                "f1-score": 0.7575294981848568,
                "support": 1580
            },
            "score": 0.759493670886076
        },
        "test": {
            "0": {
                "precision": 0.7811447811447811,
                "recall": 0.8467153284671532,
                "f1-score": 0.8126094570928196,
                "support": 548
            },
            "1": {
                "precision": 0.7212121212121212,
                "recall": 0.595,
                "f1-score": 0.6520547945205479,
                "support": 200
            },
            "2": {
                "precision": 0.6946564885496184,
                "recall": 0.65,
                "f1-score": 0.6715867158671587,
                "support": 420
            },
            "3": {
                "precision": 0.672316384180791,
                "recall": 0.5483870967741935,
                "f1-score": 0.6040609137055837,
                "support": 217
            },
            "4": {
                "precision": 0.7213622291021672,
                "recall": 0.7898305084745763,
                "f1-score": 0.7540453074433656,
                "support": 590
            },
            "accuracy": 0.7296202531645569,
            "macro avg": {
                "precision": 0.7181384008378957,
                "recall": 0.6859865867431847,
                "f1-score": 0.6988714377258951,
                "support": 1975
            },
            "weighted avg": {
                "precision": 0.7268667645762604,
                "recall": 0.7296202531645569,
                "f1-score": 0.7259520565675335,
                "support": 1975
            },
            "score": 0.7296202531645569
        }
    }
}
