{
    "program": "bin/ensemble.py",
    "single_program": "/slot/sandbox/d/in/script/0_script_unpacked/pretrains/bin/pretrain_mask_supervised_fast___34db8499b705403d805253a1a3bf01da.py",
    "config": {
        "seeds": [
            "5",
            "6",
            "7",
            "8",
            "9"
        ]
    },
    "prediction_type": "probs",
    "metrics": {
        "train": {
            "0": {
                "precision": 0.9143415587588566,
                "recall": 0.9462452591656132,
                "f1-score": 0.9300198807157058,
                "support": 19775
            },
            "1": {
                "precision": 0.8096005731685474,
                "recall": 0.7205483819544077,
                "f1-score": 0.7624831309041836,
                "support": 6273
            },
            "accuracy": 0.8918918918918919,
            "macro avg": {
                "precision": 0.861971065963702,
                "recall": 0.8333968205600104,
                "f1-score": 0.8462515058099447,
                "support": 26048
            },
            "weighted avg": {
                "precision": 0.8891173495063992,
                "recall": 0.8918918918918919,
                "f1-score": 0.889672904688077,
                "support": 26048
            },
            "roc_auc": 0.9480357271335038,
            "score": 0.9480357271335038
        },
        "val": {
            "0": {
                "precision": 0.9001751313485113,
                "recall": 0.9354903943377149,
                "f1-score": 0.9174930583101943,
                "support": 4945
            },
            "1": {
                "precision": 0.7678311499272198,
                "recall": 0.6728316326530612,
                "f1-score": 0.717199184228416,
                "support": 1568
            },
            "accuracy": 0.872255489021956,
            "macro avg": {
                "precision": 0.8340031406378656,
                "recall": 0.804161013495388,
                "f1-score": 0.8173461212693052,
                "support": 6513
            },
            "weighted avg": {
                "precision": 0.868313414341205,
                "recall": 0.872255489021956,
                "f1-score": 0.8692724542014536,
                "support": 6513
            },
            "roc_auc": 0.930890561482429,
            "score": 0.930890561482429
        },
        "test": {
            "0": {
                "precision": 0.9022077114427861,
                "recall": 0.9333333333333333,
                "f1-score": 0.9175066208150521,
                "support": 12435
            },
            "1": {
                "precision": 0.7573895229733685,
                "recall": 0.6729069162766511,
                "f1-score": 0.7126531736197164,
                "support": 3846
            },
            "accuracy": 0.8718137706529083,
            "macro avg": {
                "precision": 0.8297986172080773,
                "recall": 0.8031201248049922,
                "f1-score": 0.8150798972173843,
                "support": 16281
            },
            "weighted avg": {
                "precision": 0.86799785007964,
                "recall": 0.8718137706529083,
                "f1-score": 0.8691148538527488,
                "support": 16281
            },
            "roc_auc": 0.9262216986467959,
            "score": 0.9262216986467959
        }
    }
}
