{
    "program": "bin/ensemble.py",
    "single_program": "/slot/sandbox/d/in/script/0_script_unpacked/pretrains/bin/pretrain_mask_supervised___4ef14f031dfb40ae87f285595a8e9a42.py",
    "config": {
        "seeds": [
            "0",
            "1",
            "2",
            "3",
            "4"
        ]
    },
    "prediction_type": null,
    "metrics": {
        "train": {
            "rmse": 3.9665906667816606,
            "score": -3.9665906667816606
        },
        "val": {
            "rmse": 5.315397388608879,
            "score": -5.315397388608879
        },
        "test": {
            "rmse": 5.607866671115031,
            "score": -5.607866671115031
        }
    }
}
