{
    "program": "bin/ensemble.py",
    "single_program": "/slot/sandbox/d/in/script/0_script_unpacked/pretrains/bin/finetune___019739d69a2d47cbbc6df38a604610dc.py",
    "config": {
        "seeds": [
            "10",
            "11",
            "12",
            "13",
            "14"
        ]
    },
    "prediction_type": "probs",
    "metrics": {
        "train": {
            "0": {
                "precision": 0.9896798387751637,
                "recall": 0.9888403723317942,
                "f1-score": 0.9892599274648485,
                "support": 135578
            },
            "1": {
                "precision": 0.9918017411645279,
                "recall": 0.9915063536886692,
                "f1-score": 0.9916540254295722,
                "support": 181312
            },
            "2": {
                "precision": 0.9961519961519961,
                "recall": 0.9955860501704397,
                "f1-score": 0.9958689427553495,
                "support": 22882
            },
            "3": {
                "precision": 0.9881489841986456,
                "recall": 0.9954519613416714,
                "f1-score": 0.9917870291702067,
                "support": 1759
            },
            "4": {
                "precision": 0.9642915111183249,
                "recall": 0.9779423868312758,
                "f1-score": 0.9710689767898005,
                "support": 6075
            },
            "5": {
                "precision": 0.9922779922779923,
                "recall": 0.9942420152946468,
                "f1-score": 0.9932590328959195,
                "support": 11115
            },
            "6": {
                "precision": 0.9849093804504436,
                "recall": 0.989486515313119,
                "f1-score": 0.9871926424200965,
                "support": 13126
            },
            "accuracy": 0.9905929051464716,
            "macro avg": {
                "precision": 0.9867516348767278,
                "recall": 0.9904365221388023,
                "f1-score": 0.9885843681322564,
                "support": 371847
            },
            "weighted avg": {
                "precision": 0.9905999936980631,
                "recall": 0.9905929051464716,
                "f1-score": 0.9905953051819605,
                "support": 371847
            },
            "score": 0.9905929051464716
        },
        "val": {
            "0": {
                "precision": 0.9681086667650967,
                "recall": 0.9672803446037647,
                "f1-score": 0.9676943284286958,
                "support": 33894
            },
            "1": {
                "precision": 0.9737969094922737,
                "recall": 0.9731953759265796,
                "f1-score": 0.9734960497859381,
                "support": 45328
            },
            "2": {
                "precision": 0.9716324399582318,
                "recall": 0.9758783429470372,
                "f1-score": 0.9737507630592135,
                "support": 5721
            },
            "3": {
                "precision": 0.9282407407407407,
                "recall": 0.9134396355353075,
                "f1-score": 0.9207807118254878,
                "support": 439
            },
            "4": {
                "precision": 0.9011780104712042,
                "recall": 0.9065174456879526,
                "f1-score": 0.9038398424680013,
                "support": 1519
            },
            "5": {
                "precision": 0.95,
                "recall": 0.9571788413098237,
                "f1-score": 0.9535759096612296,
                "support": 2779
            },
            "6": {
                "precision": 0.9659677909450015,
                "recall": 0.9686166971358927,
                "f1-score": 0.9672904305492165,
                "support": 3282
            },
            "accuracy": 0.9691917127428412,
            "macro avg": {
                "precision": 0.9512749369103641,
                "recall": 0.9517295261637654,
                "f1-score": 0.9514897193968263,
                "support": 92962
            },
            "weighted avg": {
                "precision": 0.9692002541551974,
                "recall": 0.9691917127428412,
                "f1-score": 0.9691947110338885,
                "support": 92962
            },
            "score": 0.9691917127428412
        },
        "test": {
            "0": {
                "precision": 0.9693193394773626,
                "recall": 0.9656816465256798,
                "f1-score": 0.9674970736725115,
                "support": 42368
            },
            "1": {
                "precision": 0.9719324829092959,
                "recall": 0.9735620620885618,
                "f1-score": 0.9727465900173695,
                "support": 56661
            },
            "2": {
                "precision": 0.9684107987753966,
                "recall": 0.9731506083065306,
                "f1-score": 0.9707749180442212,
                "support": 7151
            },
            "3": {
                "precision": 0.9124087591240876,
                "recall": 0.9107468123861566,
                "f1-score": 0.9115770282588878,
                "support": 549
            },
            "4": {
                "precision": 0.8935721812434141,
                "recall": 0.8931016324381253,
                "f1-score": 0.8933368448775348,
                "support": 1899
            },
            "5": {
                "precision": 0.9507204610951009,
                "recall": 0.9498992225741434,
                "f1-score": 0.9503096644101974,
                "support": 3473
            },
            "6": {
                "precision": 0.9634912959381045,
                "recall": 0.9714773281326182,
                "f1-score": 0.9674678319980577,
                "support": 4102
            },
            "accuracy": 0.9682710429162759,
            "macro avg": {
                "precision": 0.947122188366109,
                "recall": 0.9482313303502593,
                "f1-score": 0.947672850182683,
                "support": 116203
            },
            "weighted avg": {
                "precision": 0.9682692636971948,
                "recall": 0.9682710429162759,
                "f1-score": 0.9682676261503967,
                "support": 116203
            },
            "score": 0.9682710429162759
        }
    }
}
