{
    "program": "bin/ensemble.py",
    "single_program": "/slot/sandbox/d/in/script/0_script_unpacked/pretrains/bin/pretrain_supervised_contrastive___902690bb764844279612a4a6bb2d6d2c.py",
    "config": {
        "seeds": [
            "5",
            "6",
            "7",
            "8",
            "9"
        ]
    },
    "prediction_type": null,
    "metrics": {
        "train": {
            "rmse": 1.5597113674796639,
            "score": -1.5597113674796639
        },
        "val": {
            "rmse": 1.8228902165482876,
            "score": -1.8228902165482876
        },
        "test": {
            "rmse": 1.8276856068944611,
            "score": -1.8276856068944611
        }
    }
}
