{
    "program": "bin/ensemble.py",
    "single_program": "/slot/sandbox/d/in/script/0_script_unpacked/pretrains/bin/pretrain_ae___8af82771c46543c6b05dbd810c3b7a02.py",
    "config": {
        "seeds": [
            "5",
            "6",
            "7",
            "8",
            "9"
        ]
    },
    "prediction_type": "probs",
    "metrics": {
        "train": {
            "0": {
                "precision": 0.8192681105302465,
                "recall": 0.8158339530795754,
                "f1-score": 0.8175474254742549,
                "support": 29582
            },
            "1": {
                "precision": 0.8363619980176012,
                "recall": 0.8394886791883988,
                "f1-score": 0.8379224218350335,
                "support": 33169
            },
            "accuracy": 0.8283373970135934,
            "macro avg": {
                "precision": 0.8278150542739239,
                "recall": 0.8276613161339871,
                "f1-score": 0.8277349236546442,
                "support": 62751
            },
            "weighted avg": {
                "precision": 0.8283036183957477,
                "recall": 0.8283373970135934,
                "f1-score": 0.8283172658639008,
                "support": 62751
            },
            "roc_auc": 0.912362431779546,
            "score": 0.912362431779546
        },
        "val": {
            "0": {
                "precision": 0.7547377094204889,
                "recall": 0.7431043807463493,
                "f1-score": 0.7488758686469545,
                "support": 7396
            },
            "1": {
                "precision": 0.7739709731144421,
                "recall": 0.7846116739025567,
                "f1-score": 0.7792550005988741,
                "support": 8292
            },
            "accuracy": 0.7650433452320244,
            "macro avg": {
                "precision": 0.7643543412674655,
                "recall": 0.7638580273244531,
                "f1-score": 0.7640654346229143,
                "support": 15688
            },
            "weighted avg": {
                "precision": 0.7649035828619895,
                "recall": 0.7650433452320244,
                "f1-score": 0.7649329672028774,
                "support": 15688
            },
            "roc_auc": 0.8531649567033666,
            "score": 0.8531649567033666
        },
        "test": {
            "0": {
                "precision": 0.7501629372148598,
                "recall": 0.7469983775013521,
                "f1-score": 0.7485773128827705,
                "support": 9245
            },
            "1": {
                "precision": 0.7751826220684352,
                "recall": 0.7780993728895321,
                "f1-score": 0.7766382589436179,
                "support": 10365
            },
            "accuracy": 0.763437021927588,
            "macro avg": {
                "precision": 0.7626727796416475,
                "recall": 0.7625488751954421,
                "f1-score": 0.7626077859131942,
                "support": 19610
            },
            "weighted avg": {
                "precision": 0.763387263247869,
                "recall": 0.763437021927588,
                "f1-score": 0.76340911838612,
                "support": 19610
            },
            "roc_auc": 0.8503903049770453,
            "score": 0.8503903049770453
        }
    }
}
