{
    "program": "bin/ensemble.py",
    "single_program": "/slot/sandbox/d/in/script/0_script_unpacked/pretrains/bin/finetune___d924aec9b3d94a5888c34ca1834a0d7e.py",
    "config": {
        "seeds": [
            "0",
            "1",
            "2",
            "3",
            "4"
        ]
    },
    "prediction_type": "probs",
    "metrics": {
        "train": {
            "0": {
                "precision": 0.8013029315960912,
                "recall": 0.9817559863169898,
                "f1-score": 0.8823981552651806,
                "support": 1754
            },
            "1": {
                "precision": 0.9195171026156942,
                "recall": 0.7163009404388715,
                "f1-score": 0.8052863436123349,
                "support": 638
            },
            "2": {
                "precision": 0.9776490066225165,
                "recall": 0.8800298062593145,
                "f1-score": 0.9262745098039216,
                "support": 1342
            },
            "3": {
                "precision": 0.9772382397572079,
                "recall": 0.9252873563218391,
                "f1-score": 0.9505535055350554,
                "support": 696
            },
            "4": {
                "precision": 0.9628808864265928,
                "recall": 0.9205508474576272,
                "f1-score": 0.9412401841321419,
                "support": 1888
            },
            "accuracy": 0.9088319088319088,
            "macro avg": {
                "precision": 0.9277176334036206,
                "recall": 0.8847849873589283,
                "f1-score": 0.9011505396697268,
                "support": 6318
            },
            "weighted avg": {
                "precision": 0.9183632714182016,
                "recall": 0.9088319088319088,
                "f1-score": 0.9090228159560844,
                "support": 6318
            },
            "score": 0.9088319088319088
        },
        "val": {
            "0": {
                "precision": 0.672566371681416,
                "recall": 0.8656036446469249,
                "f1-score": 0.7569721115537849,
                "support": 439
            },
            "1": {
                "precision": 0.5862068965517241,
                "recall": 0.425,
                "f1-score": 0.4927536231884058,
                "support": 160
            },
            "2": {
                "precision": 0.6920415224913494,
                "recall": 0.5970149253731343,
                "f1-score": 0.641025641025641,
                "support": 335
            },
            "3": {
                "precision": 0.6447368421052632,
                "recall": 0.5632183908045977,
                "f1-score": 0.6012269938650308,
                "support": 174
            },
            "4": {
                "precision": 0.722707423580786,
                "recall": 0.701271186440678,
                "f1-score": 0.7118279569892474,
                "support": 472
            },
            "accuracy": 0.6816455696202531,
            "macro avg": {
                "precision": 0.6636518112821077,
                "recall": 0.630421629453067,
                "f1-score": 0.640761265324422,
                "support": 1580
            },
            "weighted avg": {
                "precision": 0.6798644082958647,
                "recall": 0.6816455696202531,
                "f1-score": 0.6749944424413205,
                "support": 1580
            },
            "score": 0.6816455696202531
        },
        "test": {
            "0": {
                "precision": 0.6686303387334315,
                "recall": 0.8284671532846716,
                "f1-score": 0.7400162999185005,
                "support": 548
            },
            "1": {
                "precision": 0.5793103448275863,
                "recall": 0.42,
                "f1-score": 0.48695652173913045,
                "support": 200
            },
            "2": {
                "precision": 0.6531165311653117,
                "recall": 0.5738095238095238,
                "f1-score": 0.6108998732572877,
                "support": 420
            },
            "3": {
                "precision": 0.6049382716049383,
                "recall": 0.45161290322580644,
                "f1-score": 0.5171503957783641,
                "support": 217
            },
            "4": {
                "precision": 0.6580645161290323,
                "recall": 0.6915254237288135,
                "f1-score": 0.6743801652892563,
                "support": 590
            },
            "accuracy": 0.6506329113924051,
            "macro avg": {
                "precision": 0.63281200049206,
                "recall": 0.5930830008097632,
                "f1-score": 0.6058806511965078,
                "support": 1975
            },
            "weighted avg": {
                "precision": 0.6461316998153261,
                "recall": 0.6506329113924051,
                "f1-score": 0.6428375275320464,
                "support": 1975
            },
            "score": 0.6506329113924051
        }
    }
}
