{
    "program": "bin/ensemble.py",
    "single_program": "/home/irubachev/repos/pretrains/bin/finetune___a7254e3be37f44669e1af1416428fca8.py",
    "config": {
        "seeds": [
            "10",
            "11",
            "12",
            "13",
            "14"
        ]
    },
    "prediction_type": null,
    "metrics": {
        "train": {
            "rmse": 1.6478257122856184,
            "score": -1.6478257122856184
        },
        "val": {
            "rmse": 1.8303443554594183,
            "score": -1.8303443554594183
        },
        "test": {
            "rmse": 1.8329057016999197,
            "score": -1.8329057016999197
        }
    }
}
