{
    "program": "bin/ensemble.py",
    "single_program": "/slot/sandbox/d/in/script/0_script_unpacked/pretrains/bin/pretrain_mask_supervised___c6524b464b9449729063821699471bd0.py",
    "config": {
        "seeds": [
            "5",
            "6",
            "7",
            "8",
            "9"
        ]
    },
    "prediction_type": "probs",
    "metrics": {
        "train": {
            "0": {
                "precision": 0.9138240574506283,
                "recall": 0.8242914979757086,
                "f1-score": 0.8667518092805448,
                "support": 1235
            },
            "1": {
                "precision": 0.8029049295774648,
                "recall": 0.8839891451831751,
                "f1-score": 0.8414982932004798,
                "support": 10318
            },
            "2": {
                "precision": 0.7175423360833695,
                "recall": 0.6452557594689574,
                "f1-score": 0.6794819078947368,
                "support": 5122
            },
            "3": {
                "precision": 0.8499624906226556,
                "recall": 0.6579558652729385,
                "f1-score": 0.741734860883797,
                "support": 1722
            },
            "4": {
                "precision": 0.9795802609188883,
                "recall": 0.9851682829435254,
                "f1-score": 0.9823663253697383,
                "support": 1753
            },
            "5": {
                "precision": 0.9802100608070757,
                "recall": 0.9801017024099049,
                "f1-score": 0.9801558786136753,
                "support": 9046
            },
            "6": {
                "precision": 0.8821887213847013,
                "recall": 0.8695652173913043,
                "f1-score": 0.8758314855875831,
                "support": 1817
            },
            "7": {
                "precision": 0.9683157309616454,
                "recall": 0.9647406313457634,
                "f1-score": 0.9665248751618274,
                "support": 5417
            },
            "8": {
                "precision": 0.9426691729323309,
                "recall": 0.9489120151371807,
                "f1-score": 0.9457802923149458,
                "support": 3171
            },
            "accuracy": 0.8834372869371986,
            "macro avg": {
                "precision": 0.8930219734154178,
                "recall": 0.8622200130142731,
                "f1-score": 0.8755695253674809,
                "support": 39601
            },
            "weighted avg": {
                "precision": 0.8831475115476457,
                "recall": 0.8834372869371986,
                "f1-score": 0.881929502984525,
                "support": 39601
            },
            "logloss": 0.30041370089766894,
            "score": -0.30041370089766894
        },
        "val": {
            "0": {
                "precision": 0.7186147186147186,
                "recall": 0.538961038961039,
                "f1-score": 0.6159554730983302,
                "support": 308
            },
            "1": {
                "precision": 0.7530434782608696,
                "recall": 0.8391472868217055,
                "f1-score": 0.7937671860678277,
                "support": 2580
            },
            "2": {
                "precision": 0.6193379790940766,
                "recall": 0.5550351288056206,
                "f1-score": 0.5854261012762452,
                "support": 1281
            },
            "3": {
                "precision": 0.7515923566878981,
                "recall": 0.5475638051044084,
                "f1-score": 0.6335570469798657,
                "support": 431
            },
            "4": {
                "precision": 0.9791666666666666,
                "recall": 0.9657534246575342,
                "f1-score": 0.9724137931034483,
                "support": 438
            },
            "5": {
                "precision": 0.9503325942350332,
                "recall": 0.9473916887709991,
                "f1-score": 0.9488598627407571,
                "support": 2262
            },
            "6": {
                "precision": 0.7607223476297968,
                "recall": 0.7422907488986784,
                "f1-score": 0.7513935340022297,
                "support": 454
            },
            "7": {
                "precision": 0.9248175182481752,
                "recall": 0.9357459379615952,
                "f1-score": 0.9302496328928047,
                "support": 1354
            },
            "8": {
                "precision": 0.8547418967587035,
                "recall": 0.8978562421185372,
                "f1-score": 0.8757687576875768,
                "support": 793
            },
            "accuracy": 0.8241591758408242,
            "macro avg": {
                "precision": 0.8124855062439931,
                "recall": 0.7744161446777907,
                "f1-score": 0.7897101542054539,
                "support": 9901
            },
            "weighted avg": {
                "precision": 0.8216748088091737,
                "recall": 0.8241591758408242,
                "f1-score": 0.8209313293476915,
                "support": 9901
            },
            "logloss": 0.4474051505282476,
            "score": -0.4474051505282476
        },
        "test": {
            "0": {
                "precision": 0.7260726072607261,
                "recall": 0.5699481865284974,
                "f1-score": 0.6386066763425253,
                "support": 386
            },
            "1": {
                "precision": 0.7637130801687764,
                "recall": 0.84212158808933,
                "f1-score": 0.8010030978020357,
                "support": 3224
            },
            "2": {
                "precision": 0.6216783216783217,
                "recall": 0.5552779512804498,
                "f1-score": 0.5866050808314088,
                "support": 1601
            },
            "3": {
                "precision": 0.7170263788968825,
                "recall": 0.5557620817843866,
                "f1-score": 0.6261780104712042,
                "support": 538
            },
            "4": {
                "precision": 0.9779411764705882,
                "recall": 0.9708029197080292,
                "f1-score": 0.9743589743589743,
                "support": 548
            },
            "5": {
                "precision": 0.9472202674173118,
                "recall": 0.9522461973823841,
                "f1-score": 0.9497265831716353,
                "support": 2827
            },
            "6": {
                "precision": 0.762962962962963,
                "recall": 0.7253521126760564,
                "f1-score": 0.7436823104693141,
                "support": 568
            },
            "7": {
                "precision": 0.9236596736596736,
                "recall": 0.9362079149438866,
                "f1-score": 0.9298914637723673,
                "support": 1693
            },
            "8": {
                "precision": 0.8668610301263362,
                "recall": 0.900100908173562,
                "f1-score": 0.8831683168316831,
                "support": 991
            },
            "accuracy": 0.8270846800258564,
            "macro avg": {
                "precision": 0.8119039442935088,
                "recall": 0.7786466511740646,
                "f1-score": 0.7925800571167942,
                "support": 12376
            },
            "weighted avg": {
                "precision": 0.8236444500435444,
                "recall": 0.8270846800258564,
                "f1-score": 0.8238314511550492,
                "support": 12376
            },
            "logloss": 0.4460788269110457,
            "score": -0.4460788269110457
        }
    }
}
