{
    "program": "bin/ensemble.py",
    "single_program": "/slot/sandbox/d/in/script/0_script_unpacked/pretrains/bin/pretrain_ae___b7c961460f3643f08508aaa3928fc18d.py",
    "config": {
        "seeds": [
            "5",
            "6",
            "7",
            "8",
            "9"
        ]
    },
    "prediction_type": "probs",
    "metrics": {
        "train": {
            "0": {
                "precision": 0.7713162107607712,
                "recall": 0.7492055979987831,
                "f1-score": 0.7601001440428012,
                "support": 29582
            },
            "1": {
                "precision": 0.7819031660640268,
                "recall": 0.8018933341372969,
                "f1-score": 0.7917720953770131,
                "support": 33169
            },
            "accuracy": 0.7770553457315421,
            "macro avg": {
                "precision": 0.776609688412399,
                "recall": 0.77554946606804,
                "f1-score": 0.7759361197099072,
                "support": 62751
            },
            "weighted avg": {
                "precision": 0.7769122764880693,
                "recall": 0.7770553457315421,
                "f1-score": 0.7768413426500659,
                "support": 62751
            },
            "roc_auc": 0.8637671926573397,
            "score": 0.8637671926573397
        },
        "val": {
            "0": {
                "precision": 0.7360912981455064,
                "recall": 0.6976744186046512,
                "f1-score": 0.7163681799250312,
                "support": 7396
            },
            "1": {
                "precision": 0.7423369439963126,
                "recall": 0.7768933912204534,
                "f1-score": 0.759222156747201,
                "support": 8292
            },
            "accuracy": 0.7395461499235084,
            "macro avg": {
                "precision": 0.7392141210709096,
                "recall": 0.7372839049125524,
                "f1-score": 0.7377951683361161,
                "support": 15688
            },
            "weighted avg": {
                "precision": 0.7393924770972456,
                "recall": 0.7395461499235084,
                "f1-score": 0.7390189432989114,
                "support": 15688
            },
            "roc_auc": 0.8210426500732981,
            "score": 0.8210426500732981
        },
        "test": {
            "0": {
                "precision": 0.7243267404179238,
                "recall": 0.7011357490535425,
                "f1-score": 0.7125425964603715,
                "support": 9245
            },
            "1": {
                "precision": 0.7408310665040803,
                "recall": 0.7619874577906416,
                "f1-score": 0.7512603443355845,
                "support": 10365
            },
            "accuracy": 0.7332993370729219,
            "macro avg": {
                "precision": 0.732578903461002,
                "recall": 0.731561603422092,
                "f1-score": 0.731901470397978,
                "support": 19610
            },
            "weighted avg": {
                "precision": 0.7330502151697347,
                "recall": 0.7332993370729219,
                "f1-score": 0.7330071276549959,
                "support": 19610
            },
            "roc_auc": 0.812916310220489,
            "score": 0.812916310220489
        }
    }
}
