{
    "program": "bin/ensemble.py",
    "single_program": "/slot/sandbox/d/in/script/0_script_unpacked/pretrains/bin/archive/catboost____c90bc492017f42cc9625d4ef1ccf589e.py",
    "config": {
        "seeds": [
            "5",
            "6",
            "7",
            "8",
            "9"
        ]
    },
    "prediction_type": "probs",
    "metrics": {
        "train": {
            "0": {
                "precision": 0.8799216105469446,
                "recall": 0.9691915227629513,
                "f1-score": 0.9224017181809693,
                "support": 5096
            },
            "1": {
                "precision": 0.8005082592121983,
                "recall": 0.4831288343558282,
                "f1-score": 0.6025824964131995,
                "support": 1304
            },
            "accuracy": 0.87015625,
            "macro avg": {
                "precision": 0.8402149348795714,
                "recall": 0.7261601785593897,
                "f1-score": 0.7624921072970844,
                "support": 6400
            },
            "weighted avg": {
                "precision": 0.86374114021249,
                "recall": 0.87015625,
                "f1-score": 0.8572385517457861,
                "support": 6400
            },
            "roc_auc": 0.8882890225462532,
            "score": 0.8882890225462532
        },
        "val": {
            "0": {
                "precision": 0.8772919605077574,
                "recall": 0.9764521193092621,
                "f1-score": 0.924219910846954,
                "support": 1274
            },
            "1": {
                "precision": 0.8351648351648352,
                "recall": 0.4662576687116564,
                "f1-score": 0.5984251968503936,
                "support": 326
            },
            "accuracy": 0.8725,
            "macro avg": {
                "precision": 0.8562283978362963,
                "recall": 0.7213548940104593,
                "f1-score": 0.7613225538486739,
                "support": 1600
            },
            "weighted avg": {
                "precision": 0.868708558719137,
                "recall": 0.8725,
                "f1-score": 0.8578392378701548,
                "support": 1600
            },
            "roc_auc": 0.870905606225501,
            "score": 0.870905606225501
        },
        "test": {
            "0": {
                "precision": 0.8694428812605515,
                "recall": 0.9698681732580038,
                "f1-score": 0.916913946587537,
                "support": 1593
            },
            "1": {
                "precision": 0.7847533632286996,
                "recall": 0.42997542997543,
                "f1-score": 0.5555555555555556,
                "support": 407
            },
            "accuracy": 0.86,
            "macro avg": {
                "precision": 0.8270981222446255,
                "recall": 0.6999218016167169,
                "f1-score": 0.7362347510715463,
                "support": 2000
            },
            "weighted avg": {
                "precision": 0.8522085643410696,
                "recall": 0.86,
                "f1-score": 0.8433775140125288,
                "support": 2000
            },
            "roc_auc": 0.8641677116253387,
            "score": 0.8641677116253387
        }
    }
}
