{
    "program": "bin/ensemble.py",
    "single_program": "/slot/sandbox/d/in/script/0_script_unpacked/pretrains/bin/pretrain_ae_mask___46f7983f6604493d82329a68fe9c2bf9.py",
    "config": {
        "seeds": [
            "5",
            "6",
            "7",
            "8",
            "9"
        ]
    },
    "prediction_type": null,
    "metrics": {
        "train": {
            "rmse": 4.151346090798986,
            "score": -4.151346090798986
        },
        "val": {
            "rmse": 5.34208106167211,
            "score": -5.34208106167211
        },
        "test": {
            "rmse": 5.5704630880566715,
            "score": -5.5704630880566715
        }
    }
}
