{
    "program": "bin/ensemble.py",
    "single_program": "/slot/sandbox/d/in/script/0_script_unpacked/pretrains/bin/pretrain_ae_supervised___03dc91bf82f7418aa7eee7a82e199408.py",
    "config": {
        "seeds": [
            "0",
            "1",
            "2",
            "3",
            "4"
        ]
    },
    "prediction_type": null,
    "metrics": {
        "train": {
            "rmse": 0.3000346072599619,
            "score": -0.3000346072599619
        },
        "val": {
            "rmse": 0.4295832434067756,
            "score": -0.4295832434067756
        },
        "test": {
            "rmse": 0.4246547342629726,
            "score": -0.4246547342629726
        }
    }
}
