{
    "program": "bin/ensemble.py",
    "single_program": "/slot/sandbox/d/in/script/0_script_unpacked/pretrains/bin/pretrain_mask___b70e305d68e54bb382c58a04a4d13e50.py",
    "config": {
        "seeds": [
            "0",
            "1",
            "2",
            "3",
            "4"
        ]
    },
    "prediction_type": null,
    "metrics": {
        "train": {
            "rmse": 4.04993264327593,
            "score": -4.04993264327593
        },
        "val": {
            "rmse": 5.329012879892226,
            "score": -5.329012879892226
        },
        "test": {
            "rmse": 5.570935980515579,
            "score": -5.570935980515579
        }
    }
}
