{
    "program": "bin/ensemble.py",
    "single_program": "/slot/sandbox/d/in/script/0_script_unpacked/pretrains/bin/pretrain_ae_supervised___e42dc13142e948dfb979adafab2b48bb.py",
    "config": {
        "seeds": [
            "5",
            "6",
            "7",
            "8",
            "9"
        ]
    },
    "prediction_type": "probs",
    "metrics": {
        "train": {
            "0": {
                "precision": 0.997155858930603,
                "recall": 0.999429874572406,
                "f1-score": 0.9982915717539863,
                "support": 1754
            },
            "1": {
                "precision": 1.0,
                "recall": 1.0,
                "f1-score": 1.0,
                "support": 638
            },
            "2": {
                "precision": 1.0,
                "recall": 0.996274217585693,
                "f1-score": 0.9981336319522209,
                "support": 1342
            },
            "3": {
                "precision": 1.0,
                "recall": 1.0,
                "f1-score": 1.0,
                "support": 696
            },
            "4": {
                "precision": 0.9994706193753309,
                "recall": 1.0,
                "f1-score": 0.9997352396081546,
                "support": 1888
            },
            "accuracy": 0.9990503323836657,
            "macro avg": {
                "precision": 0.9993252956611867,
                "recall": 0.9991408184316197,
                "f1-score": 0.9992320886628724,
                "support": 6318
            },
            "weighted avg": {
                "precision": 0.9990522168320517,
                "recall": 0.9990503323836657,
                "f1-score": 0.9990501556373169,
                "support": 6318
            },
            "score": 0.9990503323836657
        },
        "val": {
            "0": {
                "precision": 0.7738589211618258,
                "recall": 0.8496583143507973,
                "f1-score": 0.8099891422366993,
                "support": 439
            },
            "1": {
                "precision": 0.7304964539007093,
                "recall": 0.64375,
                "f1-score": 0.6843853820598007,
                "support": 160
            },
            "2": {
                "precision": 0.7402597402597403,
                "recall": 0.6805970149253732,
                "f1-score": 0.7091757387247278,
                "support": 335
            },
            "3": {
                "precision": 0.7101449275362319,
                "recall": 0.5632183908045977,
                "f1-score": 0.6282051282051283,
                "support": 174
            },
            "4": {
                "precision": 0.7338551859099804,
                "recall": 0.7944915254237288,
                "f1-score": 0.7629704984740591,
                "support": 472
            },
            "accuracy": 0.7449367088607595,
            "macro avg": {
                "precision": 0.7377230457536975,
                "recall": 0.7063430491008994,
                "f1-score": 0.7189451779400831,
                "support": 1580
            },
            "weighted avg": {
                "precision": 0.7433768209759387,
                "recall": 0.7449367088607595,
                "f1-score": 0.7418294522985515,
                "support": 1580
            },
            "score": 0.7449367088607595
        },
        "test": {
            "0": {
                "precision": 0.8052631578947368,
                "recall": 0.8375912408759124,
                "f1-score": 0.8211091234347048,
                "support": 548
            },
            "1": {
                "precision": 0.75,
                "recall": 0.645,
                "f1-score": 0.6935483870967742,
                "support": 200
            },
            "2": {
                "precision": 0.7005208333333334,
                "recall": 0.6404761904761904,
                "f1-score": 0.6691542288557213,
                "support": 420
            },
            "3": {
                "precision": 0.7267080745341615,
                "recall": 0.5391705069124424,
                "f1-score": 0.619047619047619,
                "support": 217
            },
            "4": {
                "precision": 0.7078488372093024,
                "recall": 0.8254237288135593,
                "f1-score": 0.7621283255086072,
                "support": 590
            },
            "accuracy": 0.739746835443038,
            "macro avg": {
                "precision": 0.7380681805943068,
                "recall": 0.6975323334156209,
                "f1-score": 0.7129975367886854,
                "support": 1975
            },
            "weighted avg": {
                "precision": 0.7396604691917554,
                "recall": 0.739746835443038,
                "f1-score": 0.7360563537034873,
                "support": 1975
            },
            "score": 0.739746835443038
        }
    }
}
