{
    "program": "bin/ensemble.py",
    "single_program": "/slot/sandbox/d/in/script/0_script_unpacked/pretrains/bin/pretrain_mask___4e9617f8d1c44e5eaad9c2bbaf99ec8b.py",
    "config": {
        "seeds": [
            "5",
            "6",
            "7",
            "8",
            "9"
        ]
    },
    "prediction_type": "probs",
    "metrics": {
        "train": {
            "0": {
                "precision": 0.8049658898084981,
                "recall": 0.7857818943952404,
                "f1-score": 0.7952582151593425,
                "support": 29582
            },
            "1": {
                "precision": 0.8129243667709748,
                "recall": 0.8302029002984714,
                "f1-score": 0.8214727861223393,
                "support": 33169
            },
            "accuracy": 0.8092620037927682,
            "macro avg": {
                "precision": 0.8089451282897364,
                "recall": 0.8079923973468559,
                "f1-score": 0.8083655006408409,
                "support": 62751
            },
            "weighted avg": {
                "precision": 0.8091725912533897,
                "recall": 0.8092620037927682,
                "f1-score": 0.8091147450038333,
                "support": 62751
            },
            "roc_auc": 0.8942331091510407,
            "score": 0.8942331091510407
        },
        "val": {
            "0": {
                "precision": 0.7408295711060948,
                "recall": 0.7099783666846944,
                "f1-score": 0.7250759458713062,
                "support": 7396
            },
            "1": {
                "precision": 0.7505813953488372,
                "recall": 0.7784611673902556,
                "f1-score": 0.7642671086905044,
                "support": 8292
            },
            "accuracy": 0.7461754207037226,
            "macro avg": {
                "precision": 0.745705483227466,
                "recall": 0.744219767037475,
                "f1-score": 0.7446715272809052,
                "support": 15688
            },
            "weighted avg": {
                "precision": 0.7459839646948774,
                "recall": 0.7461754207037226,
                "f1-score": 0.7457907037816066,
                "support": 15688
            },
            "roc_auc": 0.8306308891887427,
            "score": 0.8306308891887427
        },
        "test": {
            "0": {
                "precision": 0.7302973361335249,
                "recall": 0.7146565711195241,
                "f1-score": 0.7223923026459654,
                "support": 9245
            },
            "1": {
                "precision": 0.7502603427056708,
                "recall": 0.7645923781958515,
                "f1-score": 0.7573585626911316,
                "support": 10365
            },
            "accuracy": 0.7410504844467108,
            "macro avg": {
                "precision": 0.7402788394195978,
                "recall": 0.7396244746576878,
                "f1-score": 0.7398754326685485,
                "support": 19610
            },
            "weighted avg": {
                "precision": 0.7408489201784149,
                "recall": 0.7410504844467108,
                "f1-score": 0.7408739592175181,
                "support": 19610
            },
            "roc_auc": 0.8243352777749515,
            "score": 0.8243352777749515
        }
    }
}
