{
    "program": "bin/ensemble.py",
    "single_program": "/slot/sandbox/d/in/script/0_script_unpacked/pretrains/bin/pretrain_mask___73ea565df5164612a3cafca6a80edca8.py",
    "config": {
        "seeds": [
            "5",
            "6",
            "7",
            "8",
            "9"
        ]
    },
    "prediction_type": null,
    "metrics": {
        "train": {
            "rmse": 15945.429510354224,
            "score": -15945.429510354224
        },
        "val": {
            "rmse": 26158.929265598174,
            "score": -26158.929265598174
        },
        "test": {
            "rmse": 29133.20258308116,
            "score": -29133.20258308116
        }
    }
}
