{
    "program": "bin/ensemble.py",
    "single_program": "/slot/sandbox/d/in/script/0_script_unpacked/pretrains/bin/pretrain_contrastive___985c33b1e2224f25a667ee03e82a45d0.py",
    "config": {
        "seeds": [
            "10",
            "11",
            "12",
            "13",
            "14"
        ]
    },
    "prediction_type": "probs",
    "metrics": {
        "train": {
            "0": {
                "precision": 0.9859434038997626,
                "recall": 0.9834781454218235,
                "f1-score": 0.9847092316952039,
                "support": 135578
            },
            "1": {
                "precision": 0.987762980119668,
                "recall": 0.9878882809742323,
                "f1-score": 0.9878256265734999,
                "support": 181312
            },
            "2": {
                "precision": 0.9924402250351617,
                "recall": 0.986801852984879,
                "f1-score": 0.9896130078450277,
                "support": 22882
            },
            "3": {
                "precision": 0.9662542182227222,
                "recall": 0.9766913018760659,
                "f1-score": 0.971444727169918,
                "support": 1759
            },
            "4": {
                "precision": 0.9465086483023702,
                "recall": 0.9728395061728395,
                "f1-score": 0.9594934653786833,
                "support": 6075
            },
            "5": {
                "precision": 0.9766263775328831,
                "recall": 0.988663967611336,
                "f1-score": 0.9826083068806725,
                "support": 11115
            },
            "6": {
                "precision": 0.9797690043028611,
                "recall": 0.9888008532683225,
                "f1-score": 0.9842642096083116,
                "support": 13126
            },
            "accuracy": 0.9859700360632195,
            "macro avg": {
                "precision": 0.9764721224879185,
                "recall": 0.983594844044214,
                "f1-score": 0.9799940821644738,
                "support": 371847
            },
            "weighted avg": {
                "precision": 0.9859965653607043,
                "recall": 0.9859700360632195,
                "f1-score": 0.9859773253223539,
                "support": 371847
            },
            "score": 0.9859700360632195
        },
        "val": {
            "0": {
                "precision": 0.9647514563680989,
                "recall": 0.9625597450876261,
                "f1-score": 0.9636543545361906,
                "support": 33894
            },
            "1": {
                "precision": 0.9706479519774012,
                "recall": 0.9703053300388281,
                "f1-score": 0.9704766107678728,
                "support": 45328
            },
            "2": {
                "precision": 0.970541820094687,
                "recall": 0.967488201363398,
                "f1-score": 0.9690126050420168,
                "support": 5721
            },
            "3": {
                "precision": 0.9160997732426304,
                "recall": 0.9202733485193622,
                "f1-score": 0.9181818181818182,
                "support": 439
            },
            "4": {
                "precision": 0.8782831518257527,
                "recall": 0.9025674786043449,
                "f1-score": 0.8902597402597403,
                "support": 1519
            },
            "5": {
                "precision": 0.9393617021276596,
                "recall": 0.9532205829435049,
                "f1-score": 0.9462404000714414,
                "support": 2779
            },
            "6": {
                "precision": 0.9579806529625151,
                "recall": 0.965569774527727,
                "f1-score": 0.9617602427921093,
                "support": 3282
            },
            "accuracy": 0.9652868914179987,
            "macro avg": {
                "precision": 0.9425237869426779,
                "recall": 0.948854923012113,
                "f1-score": 0.9456551102358841,
                "support": 92962
            },
            "weighted avg": {
                "precision": 0.9653422319167646,
                "recall": 0.9652868914179987,
                "f1-score": 0.9653091711802649,
                "support": 92962
            },
            "score": 0.9652868914179987
        },
        "test": {
            "0": {
                "precision": 0.964597995308168,
                "recall": 0.9607958836858006,
                "f1-score": 0.9626931854462036,
                "support": 42368
            },
            "1": {
                "precision": 0.9687158325397666,
                "recall": 0.9694851838124989,
                "f1-score": 0.969100355482636,
                "support": 56661
            },
            "2": {
                "precision": 0.967479674796748,
                "recall": 0.9651796951475318,
                "f1-score": 0.9663283164158207,
                "support": 7151
            },
            "3": {
                "precision": 0.8833922261484098,
                "recall": 0.9107468123861566,
                "f1-score": 0.8968609865470851,
                "support": 549
            },
            "4": {
                "precision": 0.8774025974025974,
                "recall": 0.8894154818325435,
                "f1-score": 0.8833682008368201,
                "support": 1899
            },
            "5": {
                "precision": 0.9371802160318363,
                "recall": 0.9493233515692485,
                "f1-score": 0.943212702045487,
                "support": 3473
            },
            "6": {
                "precision": 0.9566578377076812,
                "recall": 0.9685519258898099,
                "f1-score": 0.9625681405208963,
                "support": 4102
            },
            "accuracy": 0.963830537937919,
            "macro avg": {
                "precision": 0.9364894828478868,
                "recall": 0.9447854763319414,
                "f1-score": 0.9405902696135641,
                "support": 116203
            },
            "weighted avg": {
                "precision": 0.9638748570381332,
                "recall": 0.963830537937919,
                "f1-score": 0.9638470524452906,
                "support": 116203
            },
            "score": 0.963830537937919
        }
    }
}
