{
    "program": "bin/ensemble.py",
    "single_program": "/slot/sandbox/d/in/script/0_script_unpacked/pretrains/bin/pretrain_ae___daab580a30594a3b8864da68a4570cb7.py",
    "config": {
        "seeds": [
            "5",
            "6",
            "7",
            "8",
            "9"
        ]
    },
    "prediction_type": "probs",
    "metrics": {
        "train": {
            "0": {
                "precision": 1.0,
                "recall": 1.0,
                "f1-score": 1.0,
                "support": 1754
            },
            "1": {
                "precision": 1.0,
                "recall": 1.0,
                "f1-score": 1.0,
                "support": 638
            },
            "2": {
                "precision": 1.0,
                "recall": 1.0,
                "f1-score": 1.0,
                "support": 1342
            },
            "3": {
                "precision": 1.0,
                "recall": 1.0,
                "f1-score": 1.0,
                "support": 696
            },
            "4": {
                "precision": 1.0,
                "recall": 1.0,
                "f1-score": 1.0,
                "support": 1888
            },
            "accuracy": 1.0,
            "macro avg": {
                "precision": 1.0,
                "recall": 1.0,
                "f1-score": 1.0,
                "support": 6318
            },
            "weighted avg": {
                "precision": 1.0,
                "recall": 1.0,
                "f1-score": 1.0,
                "support": 6318
            },
            "score": 1.0
        },
        "val": {
            "0": {
                "precision": 0.7720739219712526,
                "recall": 0.856492027334852,
                "f1-score": 0.8120950323974083,
                "support": 439
            },
            "1": {
                "precision": 0.632258064516129,
                "recall": 0.6125,
                "f1-score": 0.6222222222222223,
                "support": 160
            },
            "2": {
                "precision": 0.7237762237762237,
                "recall": 0.6179104477611941,
                "f1-score": 0.6666666666666666,
                "support": 335
            },
            "3": {
                "precision": 0.6510067114093959,
                "recall": 0.5574712643678161,
                "f1-score": 0.6006191950464396,
                "support": 174
            },
            "4": {
                "precision": 0.7196819085487077,
                "recall": 0.7669491525423728,
                "f1-score": 0.7425641025641024,
                "support": 472
            },
            "accuracy": 0.7215189873417721,
            "macro avg": {
                "precision": 0.6997593660443419,
                "recall": 0.6822645784012471,
                "f1-score": 0.6888334437793678,
                "support": 1580
            },
            "weighted avg": {
                "precision": 0.7186910162362156,
                "recall": 0.7215189873417721,
                "f1-score": 0.7179725344681569,
                "support": 1580
            },
            "score": 0.7215189873417721
        },
        "test": {
            "0": {
                "precision": 0.7479131886477463,
                "recall": 0.8175182481751825,
                "f1-score": 0.7811682650392328,
                "support": 548
            },
            "1": {
                "precision": 0.6277777777777778,
                "recall": 0.565,
                "f1-score": 0.5947368421052631,
                "support": 200
            },
            "2": {
                "precision": 0.6640419947506562,
                "recall": 0.6023809523809524,
                "f1-score": 0.6317103620474407,
                "support": 420
            },
            "3": {
                "precision": 0.601123595505618,
                "recall": 0.4930875576036866,
                "f1-score": 0.5417721518987342,
                "support": 217
            },
            "4": {
                "precision": 0.7048665620094191,
                "recall": 0.7610169491525424,
                "f1-score": 0.7318663406682966,
                "support": 590
            },
            "accuracy": 0.6936708860759494,
            "macro avg": {
                "precision": 0.6691446237382435,
                "recall": 0.6478007414624728,
                "f1-score": 0.6562507923517934,
                "support": 1975
            },
            "weighted avg": {
                "precision": 0.688923905083581,
                "recall": 0.6936708860759494,
                "f1-score": 0.6894742418626822,
                "support": 1975
            },
            "score": 0.6936708860759494
        }
    }
}
