{
    "program": "bin/ensemble.py",
    "single_program": "/slot/sandbox/d/in/script/0_script_unpacked/pretrains/bin/pretrain_mask_supervised___4339a10b6d354fe58a1acfa0d4cda9d4.py",
    "config": {
        "seeds": [
            "5",
            "6",
            "7",
            "8",
            "9"
        ]
    },
    "prediction_type": "probs",
    "metrics": {
        "train": {
            "0": {
                "precision": 0.9859075535512966,
                "recall": 0.9971493728620296,
                "f1-score": 0.9914965986394558,
                "support": 1754
            },
            "1": {
                "precision": 0.998422712933754,
                "recall": 0.9921630094043887,
                "f1-score": 0.9952830188679246,
                "support": 638
            },
            "2": {
                "precision": 1.0,
                "recall": 0.9903129657228018,
                "f1-score": 0.9951329090228379,
                "support": 1342
            },
            "3": {
                "precision": 1.0,
                "recall": 0.9956896551724138,
                "f1-score": 0.9978401727861772,
                "support": 696
            },
            "4": {
                "precision": 0.9973516949152542,
                "recall": 0.9973516949152542,
                "f1-score": 0.9973516949152542,
                "support": 1888
            },
            "accuracy": 0.9950933839822729,
            "macro avg": {
                "precision": 0.9963363922800609,
                "recall": 0.9945333396153776,
                "f1-score": 0.9954208788463299,
                "support": 6318
            },
            "weighted avg": {
                "precision": 0.9951369958500647,
                "recall": 0.9950933839822729,
                "f1-score": 0.9950998297276306,
                "support": 6318
            },
            "score": 0.9950933839822729
        },
        "val": {
            "0": {
                "precision": 0.7621951219512195,
                "recall": 0.8542141230068337,
                "f1-score": 0.8055853920515574,
                "support": 439
            },
            "1": {
                "precision": 0.7014925373134329,
                "recall": 0.5875,
                "f1-score": 0.6394557823129252,
                "support": 160
            },
            "2": {
                "precision": 0.7064516129032258,
                "recall": 0.6537313432835821,
                "f1-score": 0.6790697674418604,
                "support": 335
            },
            "3": {
                "precision": 0.6644295302013423,
                "recall": 0.5689655172413793,
                "f1-score": 0.6130030959752323,
                "support": 174
            },
            "4": {
                "precision": 0.7353535353535353,
                "recall": 0.7711864406779662,
                "f1-score": 0.7528438469493278,
                "support": 472
            },
            "accuracy": 0.7284810126582278,
            "macro avg": {
                "precision": 0.7139844675445512,
                "recall": 0.6871194848419523,
                "f1-score": 0.6979915769461806,
                "support": 1580
            },
            "weighted avg": {
                "precision": 0.725443899855201,
                "recall": 0.7284810126582278,
                "f1-score": 0.7249734929325938,
                "support": 1580
            },
            "score": 0.7284810126582278
        },
        "test": {
            "0": {
                "precision": 0.7689713322091062,
                "recall": 0.8321167883211679,
                "f1-score": 0.7992988606485538,
                "support": 548
            },
            "1": {
                "precision": 0.6964285714285714,
                "recall": 0.585,
                "f1-score": 0.6358695652173912,
                "support": 200
            },
            "2": {
                "precision": 0.6805194805194805,
                "recall": 0.6238095238095238,
                "f1-score": 0.6509316770186335,
                "support": 420
            },
            "3": {
                "precision": 0.6630434782608695,
                "recall": 0.5622119815668203,
                "f1-score": 0.6084788029925187,
                "support": 217
            },
            "4": {
                "precision": 0.7023255813953488,
                "recall": 0.7677966101694915,
                "f1-score": 0.7336032388663967,
                "support": 590
            },
            "accuracy": 0.7139240506329114,
            "macro avg": {
                "precision": 0.7022576887626754,
                "recall": 0.6741869807734007,
                "f1-score": 0.6856364289486988,
                "support": 1975
            },
            "weighted avg": {
                "precision": 0.7112671969419497,
                "recall": 0.7139240506329114,
                "f1-score": 0.7106059768138039,
                "support": 1975
            },
            "score": 0.7139240506329114
        }
    }
}
