{
    "program": "bin/ensemble.py",
    "single_program": "/slot/sandbox/d/in/script/0_script_unpacked/pretrains/bin/pretrain_mask_fast___044e2528c9724db6abb61cb6cf975e2e.py",
    "config": {
        "seeds": [
            "0",
            "1",
            "2",
            "3",
            "4"
        ]
    },
    "prediction_type": null,
    "metrics": {
        "train": {
            "rmse": 0.710646039719459,
            "score": -0.710646039719459
        },
        "val": {
            "rmse": 0.7412390030790121,
            "score": -0.7412390030790121
        },
        "test": {
            "rmse": 0.7444221602345987,
            "score": -0.7444221602345987
        }
    }
}
