{
    "program": "bin/ensemble.py",
    "single_program": "/slot/sandbox/d/in/script/0_script_unpacked/pretrains/bin/pretrain_mask_supervised___d14c02fdb00e4c8987338bfb75cda94f.py",
    "config": {
        "seeds": [
            "0",
            "1",
            "2",
            "3",
            "4"
        ]
    },
    "prediction_type": "probs",
    "metrics": {
        "train": {
            "0": {
                "precision": 0.8912095895386851,
                "recall": 0.9629120879120879,
                "f1-score": 0.9256744010564045,
                "support": 5096
            },
            "1": {
                "precision": 0.7885906040268457,
                "recall": 0.5406441717791411,
                "f1-score": 0.6414922656960874,
                "support": 1304
            },
            "accuracy": 0.876875,
            "macro avg": {
                "precision": 0.8399000967827654,
                "recall": 0.7517781298456145,
                "f1-score": 0.783583333376246,
                "support": 6400
            },
            "weighted avg": {
                "precision": 0.8703009712406478,
                "recall": 0.876875,
                "f1-score": 0.8677722909767399,
                "support": 6400
            },
            "roc_auc": 0.8994095573576291,
            "score": 0.8994095573576291
        },
        "val": {
            "0": {
                "precision": 0.8822254335260116,
                "recall": 0.9583987441130298,
                "f1-score": 0.9187358916478556,
                "support": 1274
            },
            "1": {
                "precision": 0.7546296296296297,
                "recall": 0.5,
                "f1-score": 0.6014760147601476,
                "support": 326
            },
            "accuracy": 0.865,
            "macro avg": {
                "precision": 0.8184275315778207,
                "recall": 0.7291993720565149,
                "f1-score": 0.7601059532040015,
                "support": 1600
            },
            "weighted avg": {
                "precision": 0.8562277884821238,
                "recall": 0.865,
                "f1-score": 0.8540941917319852,
                "support": 1600
            },
            "roc_auc": 0.8704216467143724,
            "score": 0.8704216467143724
        },
        "test": {
            "0": {
                "precision": 0.8760757314974182,
                "recall": 0.9585687382297552,
                "f1-score": 0.9154676258992805,
                "support": 1593
            },
            "1": {
                "precision": 0.7431906614785992,
                "recall": 0.4692874692874693,
                "f1-score": 0.575301204819277,
                "support": 407
            },
            "accuracy": 0.859,
            "macro avg": {
                "precision": 0.8096331964880088,
                "recall": 0.7139281037586123,
                "f1-score": 0.7453844153592788,
                "support": 2000
            },
            "weighted avg": {
                "precision": 0.8490336197485885,
                "recall": 0.859,
                "f1-score": 0.8462437592094998,
                "support": 2000
            },
            "roc_auc": 0.8579133833371122,
            "score": 0.8579133833371122
        }
    }
}
