{
    "program": "bin/ensemble.py",
    "single_program": "/slot/sandbox/d/in/script/0_script_unpacked/pretrains/bin/finetune___d56323c6e08e42bdb7f6479812e6d192.py",
    "config": {
        "seeds": [
            "0",
            "1",
            "2",
            "3",
            "4"
        ]
    },
    "prediction_type": "probs",
    "metrics": {
        "train": {
            "0": {
                "precision": 0.8849809885931559,
                "recall": 0.7538461538461538,
                "f1-score": 0.8141670310450372,
                "support": 1235
            },
            "1": {
                "precision": 0.8041199855439104,
                "recall": 0.8625702655553402,
                "f1-score": 0.8323202094828392,
                "support": 10318
            },
            "2": {
                "precision": 0.6792567158149869,
                "recall": 0.656579461147989,
                "f1-score": 0.667725603097389,
                "support": 5122
            },
            "3": {
                "precision": 0.8398133748055988,
                "recall": 0.627177700348432,
                "f1-score": 0.7180851063829788,
                "support": 1722
            },
            "4": {
                "precision": 0.9806598407281001,
                "recall": 0.9834569309754706,
                "f1-score": 0.9820563941896896,
                "support": 1753
            },
            "5": {
                "precision": 0.972760491639907,
                "recall": 0.9711474684943622,
                "f1-score": 0.9719533108369751,
                "support": 9046
            },
            "6": {
                "precision": 0.8561030235162373,
                "recall": 0.8414969730324711,
                "f1-score": 0.8487371634748822,
                "support": 1817
            },
            "7": {
                "precision": 0.9577981651376147,
                "recall": 0.9636330071995569,
                "f1-score": 0.9607067267875219,
                "support": 5417
            },
            "8": {
                "precision": 0.9192295744019882,
                "recall": 0.9331441185745821,
                "f1-score": 0.9261345852895148,
                "support": 3171
            },
            "accuracy": 0.8709628544733719,
            "macro avg": {
                "precision": 0.8771913511312777,
                "recall": 0.8436724532415953,
                "f1-score": 0.8579873478429809,
                "support": 39601
            },
            "weighted avg": {
                "precision": 0.8710050252380837,
                "recall": 0.8709628544733719,
                "f1-score": 0.8698497598768111,
                "support": 39601
            },
            "logloss": 0.3309223882938018,
            "score": -0.3309223882938018
        },
        "val": {
            "0": {
                "precision": 0.690677966101695,
                "recall": 0.5292207792207793,
                "f1-score": 0.599264705882353,
                "support": 308
            },
            "1": {
                "precision": 0.7599856063332134,
                "recall": 0.8186046511627907,
                "f1-score": 0.7882067549916029,
                "support": 2580
            },
            "2": {
                "precision": 0.6009654062751408,
                "recall": 0.5831381733021077,
                "f1-score": 0.5919175911251982,
                "support": 1281
            },
            "3": {
                "precision": 0.7289719626168224,
                "recall": 0.54292343387471,
                "f1-score": 0.6223404255319149,
                "support": 431
            },
            "4": {
                "precision": 0.9747126436781609,
                "recall": 0.9680365296803652,
                "f1-score": 0.9713631156930125,
                "support": 438
            },
            "5": {
                "precision": 0.9533423059668013,
                "recall": 0.9394341290893015,
                "f1-score": 0.946337118681808,
                "support": 2262
            },
            "6": {
                "precision": 0.7396061269146609,
                "recall": 0.7444933920704846,
                "f1-score": 0.7420417124039517,
                "support": 454
            },
            "7": {
                "precision": 0.9188405797101449,
                "recall": 0.9364844903988183,
                "f1-score": 0.9275786393562546,
                "support": 1354
            },
            "8": {
                "precision": 0.8550548112058465,
                "recall": 0.8852459016393442,
                "f1-score": 0.8698884758364311,
                "support": 793
            },
            "accuracy": 0.8194121805878194,
            "macro avg": {
                "precision": 0.8024619343113873,
                "recall": 0.7719534978265225,
                "f1-score": 0.7843265043891697,
                "support": 9901
            },
            "weighted avg": {
                "precision": 0.8179829820307329,
                "recall": 0.8194121805878194,
                "f1-score": 0.817426896123177,
                "support": 9901
            },
            "logloss": 0.4721786171915387,
            "score": -0.4721786171915387
        },
        "test": {
            "0": {
                "precision": 0.6983050847457627,
                "recall": 0.533678756476684,
                "f1-score": 0.604992657856094,
                "support": 386
            },
            "1": {
                "precision": 0.7603567318757192,
                "recall": 0.8197890818858561,
                "f1-score": 0.7889552238805969,
                "support": 3224
            },
            "2": {
                "precision": 0.5885486018641811,
                "recall": 0.5521549031855091,
                "f1-score": 0.5697711891717693,
                "support": 1601
            },
            "3": {
                "precision": 0.7023809523809523,
                "recall": 0.5483271375464684,
                "f1-score": 0.615866388308977,
                "support": 538
            },
            "4": {
                "precision": 0.9744525547445255,
                "recall": 0.9744525547445255,
                "f1-score": 0.9744525547445255,
                "support": 548
            },
            "5": {
                "precision": 0.9520596590909091,
                "recall": 0.9483551467987266,
                "f1-score": 0.9502037923090555,
                "support": 2827
            },
            "6": {
                "precision": 0.7415329768270945,
                "recall": 0.7323943661971831,
                "f1-score": 0.7369353410097431,
                "support": 568
            },
            "7": {
                "precision": 0.9194395796847635,
                "recall": 0.9303012404016539,
                "f1-score": 0.9248385202583677,
                "support": 1693
            },
            "8": {
                "precision": 0.8526315789473684,
                "recall": 0.8990918264379415,
                "f1-score": 0.8752455795677799,
                "support": 991
            },
            "accuracy": 0.8181157078215902,
            "macro avg": {
                "precision": 0.798856413351253,
                "recall": 0.7709494459638386,
                "f1-score": 0.7823623607896566,
                "support": 12376
            },
            "weighted avg": {
                "precision": 0.8152323545956389,
                "recall": 0.8181157078215902,
                "f1-score": 0.8154964428893059,
                "support": 12376
            },
            "logloss": 0.465642955363893,
            "score": -0.465642955363893
        }
    }
}
