{
    "program": "bin/ensemble.py",
    "single_program": "/slot/sandbox/d/in/script/0_script_unpacked/pretrains/bin/finetune___18bcb02b7abb43d0b94cee846877f710.py",
    "config": {
        "seeds": [
            "0",
            "1",
            "2",
            "3",
            "4"
        ]
    },
    "prediction_type": null,
    "metrics": {
        "train": {
            "rmse": 0.3253499122346988,
            "score": -0.3253499122346988
        },
        "val": {
            "rmse": 0.45561454091424136,
            "score": -0.45561454091424136
        },
        "test": {
            "rmse": 0.4526328915468384,
            "score": -0.4526328915468384
        }
    }
}
