{
    "program": "bin/ensemble.py",
    "single_program": "/slot/sandbox/d/in/script/0_script_unpacked/pretrains/bin/pretrain_contrastive___01f49e5fcfc7438fb2df88229f76e18c.py",
    "config": {
        "seeds": [
            "5",
            "6",
            "7",
            "8",
            "9"
        ]
    },
    "prediction_type": null,
    "metrics": {
        "train": {
            "rmse": 4.375554340907489,
            "score": -4.375554340907489
        },
        "val": {
            "rmse": 5.456842027229725,
            "score": -5.456842027229725
        },
        "test": {
            "rmse": 5.644165228064566,
            "score": -5.644165228064566
        }
    }
}
