{
    "program": "bin/ensemble.py",
    "single_program": "/slot/sandbox/d/in/script/0_script_unpacked/pretrains/bin/augmented_supervised___6f0c7e2b4d514fe88e048f770e64c481.py",
    "config": {
        "seeds": [
            "5",
            "6",
            "7",
            "8",
            "9"
        ]
    },
    "prediction_type": null,
    "metrics": {
        "train": {
            "rmse": 0.7141508856211739,
            "score": -0.7141508856211739
        },
        "val": {
            "rmse": 0.7455006733849251,
            "score": -0.7455006733849251
        },
        "test": {
            "rmse": 0.7496421449808377,
            "score": -0.7496421449808377
        }
    }
}
