{
    "program": "bin/ensemble.py",
    "single_program": "/slot/sandbox/d/in/script/0_script_unpacked/pretrains/bin/augmented_supervised___d1e0b8f35d2c4f3abec54e7dfe088a03.py",
    "config": {
        "seeds": [
            "5",
            "6",
            "7",
            "8",
            "9"
        ]
    },
    "prediction_type": null,
    "metrics": {
        "train": {
            "rmse": 4.854167526227784,
            "score": -4.854167526227784
        },
        "val": {
            "rmse": 5.588946277922158,
            "score": -5.588946277922158
        },
        "test": {
            "rmse": 5.8265484295221155,
            "score": -5.8265484295221155
        }
    }
}
