{
    "program": "bin/ensemble.py",
    "single_program": "/slot/sandbox/d/in/script/0_script_unpacked/pretrains/bin/pretrain_mask___00725c5b1bf1408397954f54f0c4caee.py",
    "config": {
        "seeds": [
            "10",
            "11",
            "12",
            "13",
            "14"
        ]
    },
    "prediction_type": null,
    "metrics": {
        "train": {
            "rmse": 15228.732143776595,
            "score": -15228.732143776595
        },
        "val": {
            "rmse": 26239.94042069125,
            "score": -26239.94042069125
        },
        "test": {
            "rmse": 29447.85057892959,
            "score": -29447.85057892959
        }
    }
}
