{
    "program": "bin/ensemble.py",
    "single_program": "/slot/sandbox/d/in/script/0_script_unpacked/pretrains/bin/pretrain_ae___35abb6d3ea33456d891fb938786040ea.py",
    "config": {
        "seeds": [
            "10",
            "11",
            "12",
            "13",
            "14"
        ]
    },
    "prediction_type": "probs",
    "metrics": {
        "train": {
            "0": {
                "precision": 0.912937861341884,
                "recall": 0.9502402022756005,
                "f1-score": 0.9312156201992169,
                "support": 19775
            },
            "1": {
                "precision": 0.8199451052150045,
                "recall": 0.7143312609596684,
                "f1-score": 0.7635031521553927,
                "support": 6273
            },
            "accuracy": 0.8934275184275184,
            "macro avg": {
                "precision": 0.8664414832784443,
                "recall": 0.8322857316176344,
                "f1-score": 0.8473593861773048,
                "support": 26048
            },
            "weighted avg": {
                "precision": 0.8905429151201427,
                "recall": 0.8934275184275184,
                "f1-score": 0.8908263268930549,
                "support": 26048
            },
            "roc_auc": 0.950180842464333,
            "score": 0.950180842464333
        },
        "val": {
            "0": {
                "precision": 0.8980817670993994,
                "recall": 0.9373104145601617,
                "f1-score": 0.917276865228577,
                "support": 4945
            },
            "1": {
                "precision": 0.7707100591715976,
                "recall": 0.6645408163265306,
                "f1-score": 0.7136986301369863,
                "support": 1568
            },
            "accuracy": 0.871641332719177,
            "macro avg": {
                "precision": 0.8343959131354985,
                "recall": 0.8009256154433462,
                "f1-score": 0.8154877476827816,
                "support": 6513
            },
            "weighted avg": {
                "precision": 0.867417121309319,
                "recall": 0.871641332719177,
                "f1-score": 0.8682655536020433,
                "support": 6513
            },
            "roc_auc": 0.9306480984709354,
            "score": 0.9306480984709354
        },
        "test": {
            "0": {
                "precision": 0.8986637831157798,
                "recall": 0.9356654603940491,
                "f1-score": 0.9167914269955088,
                "support": 12435
            },
            "1": {
                "precision": 0.7600479904019196,
                "recall": 0.6588663546541862,
                "f1-score": 0.7058495821727019,
                "support": 3846
            },
            "accuracy": 0.8702782384374425,
            "macro avg": {
                "precision": 0.8293558867588497,
                "recall": 0.7972659075241176,
                "f1-score": 0.8113205045841053,
                "support": 16281
            },
            "weighted avg": {
                "precision": 0.8659190906044164,
                "recall": 0.8702782384374425,
                "f1-score": 0.8669614205346946,
                "support": 16281
            },
            "roc_auc": 0.9246092891564477,
            "score": 0.9246092891564477
        }
    }
}
