{
    "program": "bin/ensemble.py",
    "single_program": "/slot/sandbox/d/in/script/0_script_unpacked/pretrains/bin/pretrain_mask___b44a634b009a42cf92bbbfc0cdbafadd.py",
    "config": {
        "seeds": [
            "10",
            "11",
            "12",
            "13",
            "14"
        ]
    },
    "prediction_type": "probs",
    "metrics": {
        "train": {
            "0": {
                "precision": 0.8945832573408717,
                "recall": 0.9625196232339089,
                "f1-score": 0.9273088193591077,
                "support": 5096
            },
            "1": {
                "precision": 0.7917121046892039,
                "recall": 0.5567484662576687,
                "f1-score": 0.6537595677622692,
                "support": 1304
            },
            "accuracy": 0.87984375,
            "macro avg": {
                "precision": 0.8431476810150378,
                "recall": 0.7596340447457888,
                "f1-score": 0.7905341935606884,
                "support": 6400
            },
            "weighted avg": {
                "precision": 0.8736232599880944,
                "recall": 0.87984375,
                "f1-score": 0.8715731593462519,
                "support": 6400
            },
            "roc_auc": 0.9054709395556241,
            "score": 0.9054709395556241
        },
        "val": {
            "0": {
                "precision": 0.8827785817655571,
                "recall": 0.957613814756672,
                "f1-score": 0.9186746987951807,
                "support": 1274
            },
            "1": {
                "precision": 0.7522935779816514,
                "recall": 0.5030674846625767,
                "f1-score": 0.6029411764705882,
                "support": 326
            },
            "accuracy": 0.865,
            "macro avg": {
                "precision": 0.8175360798736042,
                "recall": 0.7303406497096243,
                "f1-score": 0.7608079376328845,
                "support": 1600
            },
            "weighted avg": {
                "precision": 0.8561922622445863,
                "recall": 0.865,
                "f1-score": 0.8543439936215449,
                "support": 1600
            },
            "roc_auc": 0.8742692452157833,
            "score": 0.8742692452157833
        },
        "test": {
            "0": {
                "precision": 0.8789808917197452,
                "recall": 0.9529190207156308,
                "f1-score": 0.9144578313253011,
                "support": 1593
            },
            "1": {
                "precision": 0.7252747252747253,
                "recall": 0.4864864864864865,
                "f1-score": 0.5823529411764706,
                "support": 407
            },
            "accuracy": 0.858,
            "macro avg": {
                "precision": 0.8021278084972352,
                "recall": 0.7197027536010587,
                "f1-score": 0.7484053862508859,
                "support": 2000
            },
            "weighted avg": {
                "precision": 0.8477016868481837,
                "recall": 0.858,
                "f1-score": 0.846874486180014,
                "support": 2000
            },
            "roc_auc": 0.8593832661629272,
            "score": 0.8593832661629272
        }
    }
}
