{
    "program": "bin/ensemble.py",
    "single_program": "/slot/sandbox/d/in/script/0_script_unpacked/pretrains/bin/pretrain_mask_supervised___3f712eab3c264f36b364c0af9a60e042.py",
    "config": {
        "seeds": [
            "5",
            "6",
            "7",
            "8",
            "9"
        ]
    },
    "prediction_type": "probs",
    "metrics": {
        "train": {
            "0": {
                "precision": 0.763164255377922,
                "recall": 0.7471435332296666,
                "f1-score": 0.7550689236971114,
                "support": 29582
            },
            "1": {
                "precision": 0.7786327315773898,
                "recall": 0.7932105279025596,
                "f1-score": 0.7858540300781075,
                "support": 33169
            },
            "accuracy": 0.7714936813755956,
            "macro avg": {
                "precision": 0.7708984934776559,
                "recall": 0.7701770305661131,
                "f1-score": 0.7704614768876095,
                "support": 62751
            },
            "weighted avg": {
                "precision": 0.7713406013653986,
                "recall": 0.7714936813755956,
                "f1-score": 0.7713413527189797,
                "support": 62751
            },
            "roc_auc": 0.8568672456230105,
            "score": 0.8568672456230105
        },
        "val": {
            "0": {
                "precision": 0.7376230560707662,
                "recall": 0.6990265008112493,
                "f1-score": 0.7178063172509545,
                "support": 7396
            },
            "1": {
                "precision": 0.7435188385758728,
                "recall": 0.7782199710564399,
                "f1-score": 0.7604737493371044,
                "support": 8292
            },
            "accuracy": 0.7408847526772055,
            "macro avg": {
                "precision": 0.7405709473233195,
                "recall": 0.7386232359338446,
                "f1-score": 0.7391400332940294,
                "support": 15688
            },
            "weighted avg": {
                "precision": 0.7407393123515122,
                "recall": 0.7408847526772055,
                "f1-score": 0.7403584811251485,
                "support": 15688
            },
            "roc_auc": 0.8219188293459627,
            "score": 0.8219188293459627
        },
        "test": {
            "0": {
                "precision": 0.724527049452373,
                "recall": 0.7083829096809086,
                "f1-score": 0.7163640341281995,
                "support": 9245
            },
            "1": {
                "precision": 0.7449626336202819,
                "recall": 0.7597684515195369,
                "f1-score": 0.7522927015666795,
                "support": 10365
            },
            "accuracy": 0.7355430902600714,
            "macro avg": {
                "precision": 0.7347448415363275,
                "recall": 0.7340756806002227,
                "f1-score": 0.7343283678474395,
                "support": 19610
            },
            "weighted avg": {
                "precision": 0.735328417626793,
                "recall": 0.7355430902600714,
                "f1-score": 0.7353543777283955,
                "support": 19610
            },
            "roc_auc": 0.8161590586116223,
            "score": 0.8161590586116223
        }
    }
}
