{
    "program": "bin/ensemble.py",
    "single_program": "/slot/sandbox/d/in/script/0_script_unpacked/pretrains/bin/pretrain_mask___046bd19321fc4fb8bfbb3ff881be1101.py",
    "config": {
        "seeds": [
            "0",
            "1",
            "2",
            "3",
            "4"
        ]
    },
    "prediction_type": null,
    "metrics": {
        "train": {
            "rmse": 0.3224017691778042,
            "score": -0.3224017691778042
        },
        "val": {
            "rmse": 0.4461919049102452,
            "score": -0.4461919049102452
        },
        "test": {
            "rmse": 0.45122905472764646,
            "score": -0.45122905472764646
        }
    }
}
