{
    "program": "bin/ensemble.py",
    "single_program": "/slot/sandbox/d/in/script/0_script_unpacked/pretrains/bin/pretrain_ae_mask___6677757038bd45d9a53eb52ed7d75968.py",
    "config": {
        "seeds": [
            "0",
            "1",
            "2",
            "3",
            "4"
        ]
    },
    "prediction_type": null,
    "metrics": {
        "train": {
            "rmse": 0.28610723508776886,
            "score": -0.28610723508776886
        },
        "val": {
            "rmse": 0.41778551123641544,
            "score": -0.41778551123641544
        },
        "test": {
            "rmse": 0.4111965698970047,
            "score": -0.4111965698970047
        }
    }
}
