{
    "program": "bin/ensemble.py",
    "single_program": "/slot/sandbox/d/in/script/0_script_unpacked/pretrains/bin/pretrain_mask___7c3dc8337fe44ce3839340d80b6863ed.py",
    "config": {
        "seeds": [
            "0",
            "1",
            "2",
            "3",
            "4"
        ]
    },
    "prediction_type": "probs",
    "metrics": {
        "train": {
            "0": {
                "precision": 0.7900839259833496,
                "recall": 0.7924075451287945,
                "f1-score": 0.7912440296366307,
                "support": 29582
            },
            "1": {
                "precision": 0.8143703524575298,
                "recall": 0.8122343151738068,
                "f1-score": 0.8133009313066972,
                "support": 33169
            },
            "accuracy": 0.8028876033848066,
            "macro avg": {
                "precision": 0.8022271392204396,
                "recall": 0.8023209301513007,
                "f1-score": 0.8022724804716639,
                "support": 62751
            },
            "weighted avg": {
                "precision": 0.802921274865791,
                "recall": 0.8028876033848066,
                "f1-score": 0.8029028935829334,
                "support": 62751
            },
            "roc_auc": 0.8877240089428863,
            "score": 0.8877240089428863
        },
        "val": {
            "0": {
                "precision": 0.7327302631578947,
                "recall": 0.722823147647377,
                "f1-score": 0.7277429893819766,
                "support": 7396
            },
            "1": {
                "precision": 0.755719733079123,
                "recall": 0.7648335745296672,
                "f1-score": 0.7602493406856871,
                "support": 8292
            },
            "accuracy": 0.7450280469148394,
            "macro avg": {
                "precision": 0.7442249981185088,
                "recall": 0.7438283610885221,
                "f1-score": 0.7439961650338318,
                "support": 15688
            },
            "weighted avg": {
                "precision": 0.7448815051636841,
                "recall": 0.7450280469148394,
                "f1-score": 0.7449244443163447,
                "support": 15688
            },
            "roc_auc": 0.8333858626727997,
            "score": 0.8333858626727997
        },
        "test": {
            "0": {
                "precision": 0.7299881809390781,
                "recall": 0.7348837209302326,
                "f1-score": 0.7324277705907718,
                "support": 9245
            },
            "1": {
                "precision": 0.7621081238474231,
                "recall": 0.7575494452484323,
                "f1-score": 0.7598219469711631,
                "support": 10365
            },
            "accuracy": 0.7468638449770525,
            "macro avg": {
                "precision": 0.7460481523932506,
                "recall": 0.7462165830893324,
                "f1-score": 0.7461248587809675,
                "support": 19610
            },
            "weighted avg": {
                "precision": 0.7469653970657989,
                "recall": 0.7468638449770525,
                "f1-score": 0.7469071504063126,
                "support": 19610
            },
            "roc_auc": 0.829162611724516,
            "score": 0.829162611724516
        }
    }
}
