{
    "program": "bin/ensemble.py",
    "single_program": "/slot/sandbox/d/in/script/0_script_unpacked/pretrains/bin/pretrain_ae_ddp___7be139f1917541c8b0c195cd3e5f5fbb.py",
    "config": {
        "seeds": [
            "0",
            "1",
            "2",
            "3",
            "4"
        ]
    },
    "prediction_type": null,
    "metrics": {
        "train": {
            "rmse": 0.7061807891851238,
            "score": -0.7061807891851238
        },
        "val": {
            "rmse": 0.7402893893675994,
            "score": -0.7402893893675994
        },
        "test": {
            "rmse": 0.7430099206229164,
            "score": -0.7430099206229164
        }
    }
}
