{
    "program": "bin/ensemble.py",
    "single_program": "/slot/sandbox/d/in/script/0_script_unpacked/pretrains/bin/pretrain_mask_supervised___31b1df9bd247498ca8e7f5e0203f94fb.py",
    "config": {
        "seeds": [
            "5",
            "6",
            "7",
            "8",
            "9"
        ]
    },
    "prediction_type": "probs",
    "metrics": {
        "train": {
            "0": {
                "precision": 0.9982925441092771,
                "recall": 1.0,
                "f1-score": 0.9991455425804614,
                "support": 1754
            },
            "1": {
                "precision": 1.0,
                "recall": 1.0,
                "f1-score": 1.0,
                "support": 638
            },
            "2": {
                "precision": 1.0,
                "recall": 0.9977645305514158,
                "f1-score": 0.9988810145468109,
                "support": 1342
            },
            "3": {
                "precision": 1.0,
                "recall": 1.0,
                "f1-score": 1.0,
                "support": 696
            },
            "4": {
                "precision": 1.0,
                "recall": 1.0,
                "f1-score": 1.0,
                "support": 1888
            },
            "accuracy": 0.9995251661918328,
            "macro avg": {
                "precision": 0.9996585088218554,
                "recall": 0.9995529061102832,
                "f1-score": 0.9996053114254544,
                "support": 6318
            },
            "weighted avg": {
                "precision": 0.9995259769496156,
                "recall": 0.9995251661918328,
                "f1-score": 0.9995251033884059,
                "support": 6318
            },
            "score": 0.9995251661918328
        },
        "val": {
            "0": {
                "precision": 0.7541666666666667,
                "recall": 0.8246013667425968,
                "f1-score": 0.7878128400435255,
                "support": 439
            },
            "1": {
                "precision": 0.7480314960629921,
                "recall": 0.59375,
                "f1-score": 0.662020905923345,
                "support": 160
            },
            "2": {
                "precision": 0.6656346749226006,
                "recall": 0.6417910447761194,
                "f1-score": 0.6534954407294833,
                "support": 335
            },
            "3": {
                "precision": 0.64,
                "recall": 0.45977011494252873,
                "f1-score": 0.5351170568561873,
                "support": 174
            },
            "4": {
                "precision": 0.7085714285714285,
                "recall": 0.788135593220339,
                "f1-score": 0.7462387161484453,
                "support": 472
            },
            "accuracy": 0.7113924050632912,
            "macro avg": {
                "precision": 0.7032808532447377,
                "recall": 0.6616096239363167,
                "f1-score": 0.6769369919401973,
                "support": 1580
            },
            "weighted avg": {
                "precision": 0.7085807192541335,
                "recall": 0.7113924050632912,
                "f1-score": 0.7063475925862421,
                "support": 1580
            },
            "score": 0.7113924050632912
        },
        "test": {
            "0": {
                "precision": 0.7768313458262351,
                "recall": 0.8321167883211679,
                "f1-score": 0.80352422907489,
                "support": 548
            },
            "1": {
                "precision": 0.7393939393939394,
                "recall": 0.61,
                "f1-score": 0.6684931506849314,
                "support": 200
            },
            "2": {
                "precision": 0.639686684073107,
                "recall": 0.5833333333333334,
                "f1-score": 0.6102117061021171,
                "support": 420
            },
            "3": {
                "precision": 0.6308724832214765,
                "recall": 0.43317972350230416,
                "f1-score": 0.5136612021857925,
                "support": 217
            },
            "4": {
                "precision": 0.6642547033285094,
                "recall": 0.7779661016949152,
                "f1-score": 0.7166276346604216,
                "support": 590
            },
            "accuracy": 0.6967088607594937,
            "macro avg": {
                "precision": 0.6902078311686535,
                "recall": 0.6473191893703442,
                "f1-score": 0.6625035845416305,
                "support": 1975
            },
            "weighted avg": {
                "precision": 0.6942077855823549,
                "recall": 0.6967088607594937,
                "f1-score": 0.6909334731933574,
                "support": 1975
            },
            "score": 0.6967088607594937
        }
    }
}
