{
    "program": "bin/ensemble.py",
    "single_program": "/slot/sandbox/d/in/script/0_script_unpacked/pretrains/bin/pretrain_mask___24db7f7f626b4089a83939431901f41e.py",
    "config": {
        "seeds": [
            "5",
            "6",
            "7",
            "8",
            "9"
        ]
    },
    "prediction_type": "probs",
    "metrics": {
        "train": {
            "0": {
                "precision": 0.7905584654105163,
                "recall": 0.785748090054763,
                "f1-score": 0.7881459378814594,
                "support": 29582
            },
            "1": {
                "precision": 0.8099493238178056,
                "recall": 0.8143447194669722,
                "f1-score": 0.8121410745963499,
                "support": 33169
            },
            "accuracy": 0.8008637312552788,
            "macro avg": {
                "precision": 0.800253894614161,
                "recall": 0.8000464047608675,
                "f1-score": 0.8001435062389046,
                "support": 62751
            },
            "weighted avg": {
                "precision": 0.8008081089621948,
                "recall": 0.8008637312552788,
                "f1-score": 0.8008293164681943,
                "support": 62751
            },
            "roc_auc": 0.8855788300740199,
            "score": 0.8855788300740199
        },
        "val": {
            "0": {
                "precision": 0.7419399666481379,
                "recall": 0.7218766901027582,
                "f1-score": 0.7317708333333334,
                "support": 7396
            },
            "1": {
                "precision": 0.7577720207253886,
                "recall": 0.7760492040520984,
                "f1-score": 0.7668017159199239,
                "support": 8292
            },
            "accuracy": 0.7505099439061703,
            "macro avg": {
                "precision": 0.7498559936867633,
                "recall": 0.7489629470774284,
                "f1-score": 0.7492862746266287,
                "support": 15688
            },
            "weighted avg": {
                "precision": 0.7503081074186989,
                "recall": 0.7505099439061703,
                "f1-score": 0.7502866465923854,
                "support": 15688
            },
            "roc_auc": 0.8332002693337319,
            "score": 0.8332002693337319
        },
        "test": {
            "0": {
                "precision": 0.733777583570024,
                "recall": 0.7265548945375879,
                "f1-score": 0.730148377629219,
                "support": 9245
            },
            "1": {
                "precision": 0.7582249426166794,
                "recall": 0.7648818137964303,
                "f1-score": 0.7615388309879447,
                "support": 10365
            },
            "accuracy": 0.7468128505864355,
            "macro avg": {
                "precision": 0.7460012630933517,
                "recall": 0.7457183541670092,
                "f1-score": 0.7458436043085819,
                "support": 19610
            },
            "weighted avg": {
                "precision": 0.7466994028723485,
                "recall": 0.7468128505864355,
                "f1-score": 0.7467400170511054,
                "support": 19610
            },
            "roc_auc": 0.8275608854423077,
            "score": 0.8275608854423077
        }
    }
}
