{
    "program": "bin/ensemble.py",
    "single_program": "/slot/sandbox/d/in/script/0_script_unpacked/pretrains/bin/pretrain_ae_supervised___16ef8699e4aa4c6883233d3fa6df125e.py",
    "config": {
        "seeds": [
            "10",
            "11",
            "12",
            "13",
            "14"
        ]
    },
    "prediction_type": null,
    "metrics": {
        "train": {
            "rmse": 1.483200115013081,
            "score": -1.483200115013081
        },
        "val": {
            "rmse": 1.796746255730191,
            "score": -1.796746255730191
        },
        "test": {
            "rmse": 1.7972062436493217,
            "score": -1.7972062436493217
        }
    }
}
