{
    "program": "bin/ensemble.py",
    "single_program": "/slot/sandbox/d/in/script/0_script_unpacked/pretrains/bin/pretrain_mask_supervised_fast___47ef61bccac74dc1a0ab6c0a8fb257c0.py",
    "config": {
        "seeds": [
            "5",
            "6",
            "7",
            "8",
            "9"
        ]
    },
    "prediction_type": "probs",
    "metrics": {
        "train": {
            "0": {
                "precision": 0.9978098475742403,
                "recall": 0.9980232781129682,
                "f1-score": 0.9979165514316796,
                "support": 135578
            },
            "1": {
                "precision": 0.9986424215667338,
                "recall": 0.9980530797740911,
                "f1-score": 0.9983476636957715,
                "support": 181312
            },
            "2": {
                "precision": 0.9982959014244517,
                "recall": 0.9984704134253999,
                "f1-score": 0.9983831497989861,
                "support": 22882
            },
            "3": {
                "precision": 0.9904063205417607,
                "recall": 0.9977259806708357,
                "f1-score": 0.994052676295667,
                "support": 1759
            },
            "4": {
                "precision": 0.9893547330494595,
                "recall": 0.9944032921810699,
                "f1-score": 0.9918725884574336,
                "support": 6075
            },
            "5": {
                "precision": 0.9978395895220091,
                "recall": 0.9973009446693657,
                "f1-score": 0.9975701943844493,
                "support": 11115
            },
            "6": {
                "precision": 0.994909588208479,
                "recall": 0.997638275179034,
                "f1-score": 0.9962720632988435,
                "support": 13126
            },
            "accuracy": 0.9979695950216083,
            "macro avg": {
                "precision": 0.9953226288410192,
                "recall": 0.9973736091446808,
                "f1-score": 0.9963449839089759,
                "support": 371847
            },
            "weighted avg": {
                "precision": 0.9979710743488378,
                "recall": 0.9979695950216083,
                "f1-score": 0.9979700508263859,
                "support": 371847
            },
            "score": 0.9979695950216083
        },
        "val": {
            "0": {
                "precision": 0.9761427898209236,
                "recall": 0.9778131822741488,
                "f1-score": 0.9769772720573062,
                "support": 33894
            },
            "1": {
                "precision": 0.9816718622183901,
                "recall": 0.9795711260148253,
                "f1-score": 0.9806203690411777,
                "support": 45328
            },
            "2": {
                "precision": 0.9714633721941883,
                "recall": 0.9758783429470372,
                "f1-score": 0.973665852807813,
                "support": 5721
            },
            "3": {
                "precision": 0.8997722095671982,
                "recall": 0.8997722095671982,
                "f1-score": 0.8997722095671982,
                "support": 439
            },
            "4": {
                "precision": 0.9165023011176857,
                "recall": 0.9177090190915076,
                "f1-score": 0.9171052631578949,
                "support": 1519
            },
            "5": {
                "precision": 0.9574007220216606,
                "recall": 0.9543001079525009,
                "f1-score": 0.9558479005226166,
                "support": 2779
            },
            "6": {
                "precision": 0.970321017565112,
                "recall": 0.9762340036563071,
                "f1-score": 0.9732685297691374,
                "support": 3282
            },
            "accuracy": 0.9764419870484714,
            "macro avg": {
                "precision": 0.9533248963578799,
                "recall": 0.9544682845005036,
                "f1-score": 0.9538939138461633,
                "support": 92962
            },
            "weighted avg": {
                "precision": 0.9764497861781501,
                "recall": 0.9764419870484714,
                "f1-score": 0.9764443709893703,
                "support": 92962
            },
            "score": 0.9764419870484714
        },
        "test": {
            "0": {
                "precision": 0.9763348512375245,
                "recall": 0.9766805135951662,
                "f1-score": 0.9765076518271171,
                "support": 42368
            },
            "1": {
                "precision": 0.9802875613805773,
                "recall": 0.9794744180300383,
                "f1-score": 0.9798808210108144,
                "support": 56661
            },
            "2": {
                "precision": 0.9695071010860484,
                "recall": 0.9737099706334779,
                "f1-score": 0.9716039907904835,
                "support": 7151
            },
            "3": {
                "precision": 0.9047619047619048,
                "recall": 0.8998178506375227,
                "f1-score": 0.902283105022831,
                "support": 549
            },
            "4": {
                "precision": 0.9214323890967397,
                "recall": 0.9078462348604529,
                "f1-score": 0.9145888594164456,
                "support": 1899
            },
            "5": {
                "precision": 0.9530800230282096,
                "recall": 0.9533544486035128,
                "f1-score": 0.9532172160644883,
                "support": 3473
            },
            "6": {
                "precision": 0.970965400435519,
                "recall": 0.9783032666991711,
                "f1-score": 0.9746205221615057,
                "support": 4102
            },
            "accuracy": 0.9757321239554917,
            "macro avg": {
                "precision": 0.9537670330037891,
                "recall": 0.9527409575799061,
                "f1-score": 0.9532431666133837,
                "support": 116203
            },
            "weighted avg": {
                "precision": 0.9757220997534928,
                "recall": 0.9757321239554917,
                "f1-score": 0.9757253941123346,
                "support": 116203
            },
            "score": 0.9757321239554917
        }
    }
}
