{
    "program": "bin/ensemble.py",
    "single_program": "/slot/sandbox/d/in/script/0_script_unpacked/pretrains/bin/pretrain_ae___a6ec0f95357a4c90af8c7ce250c090eb.py",
    "config": {
        "seeds": [
            "10",
            "11",
            "12",
            "13",
            "14"
        ]
    },
    "prediction_type": "probs",
    "metrics": {
        "train": {
            "0": {
                "precision": 0.914933098935443,
                "recall": 0.9474589127686472,
                "f1-score": 0.9309119817156485,
                "support": 19775
            },
            "1": {
                "precision": 0.8134649910233394,
                "recall": 0.7223019289016419,
                "f1-score": 0.7651777421261504,
                "support": 6273
            },
            "accuracy": 0.8932355651105651,
            "macro avg": {
                "precision": 0.8641990449793912,
                "recall": 0.8348804208351446,
                "f1-score": 0.8480448619208995,
                "support": 26048
            },
            "weighted avg": {
                "precision": 0.8904970792436192,
                "recall": 0.8932355651105651,
                "f1-score": 0.8909990945479227,
                "support": 26048
            },
            "roc_auc": 0.9484969617748531,
            "score": 0.9484969617748531
        },
        "val": {
            "0": {
                "precision": 0.8991270611057226,
                "recall": 0.9373104145601617,
                "f1-score": 0.9178217821782179,
                "support": 4945
            },
            "1": {
                "precision": 0.7717231222385862,
                "recall": 0.6683673469387755,
                "f1-score": 0.7163362952836638,
                "support": 1568
            },
            "accuracy": 0.8725625671733456,
            "macro avg": {
                "precision": 0.8354250916721544,
                "recall": 0.8028388807494686,
                "f1-score": 0.8170790387309408,
                "support": 6513
            },
            "weighted avg": {
                "precision": 0.8684546557405037,
                "recall": 0.8725625671733456,
                "f1-score": 0.8693142981538573,
                "support": 6513
            },
            "roc_auc": 0.9322256556818885,
            "score": 0.9322256556818885
        },
        "test": {
            "0": {
                "precision": 0.9019303822001705,
                "recall": 0.9355850422195416,
                "f1-score": 0.918449514486461,
                "support": 12435
            },
            "1": {
                "precision": 0.7631578947368421,
                "recall": 0.6710868434737389,
                "f1-score": 0.7141671278361926,
                "support": 3846
            },
            "accuracy": 0.8731036177138997,
            "macro avg": {
                "precision": 0.8325441384685064,
                "recall": 0.8033359428466402,
                "f1-score": 0.8163083211613268,
                "support": 16281
            },
            "weighted avg": {
                "precision": 0.8691486742716673,
                "recall": 0.8731036177138997,
                "f1-score": 0.870192647030105,
                "support": 16281
            },
            "roc_auc": 0.9286461727869999,
            "score": 0.9286461727869999
        }
    }
}
