{
    "program": "bin/ensemble.py",
    "single_program": "/slot/sandbox/d/in/script/0_script_unpacked/pretrains/bin/pretrain_mask_fast___141472e5cb2a421a8912256ecef5b2f9.py",
    "config": {
        "seeds": [
            "10",
            "11",
            "12",
            "13",
            "14"
        ]
    },
    "prediction_type": null,
    "metrics": {
        "train": {
            "rmse": 1.6401148462202109,
            "score": -1.6401148462202109
        },
        "val": {
            "rmse": 1.8361036970312998,
            "score": -1.8361036970312998
        },
        "test": {
            "rmse": 1.832020476717303,
            "score": -1.832020476717303
        }
    }
}
