{
    "program": "bin/ensemble.py",
    "single_program": "/slot/sandbox/d/in/script/0_script_unpacked/pretrains/bin/augmented_supervised___61b66b50313046938ce98c0625bc2265.py",
    "config": {
        "seeds": [
            "0",
            "1",
            "2",
            "3",
            "4"
        ]
    },
    "prediction_type": null,
    "metrics": {
        "train": {
            "rmse": 18856.039069432103,
            "score": -18856.039069432103
        },
        "val": {
            "rmse": 29206.276632812525,
            "score": -29206.276632812525
        },
        "test": {
            "rmse": 31818.88251690248,
            "score": -31818.88251690248
        }
    }
}
