{
    "program": "bin/ensemble.py",
    "single_program": "/slot/sandbox/d/in/script/0_script_unpacked/pretrains/bin/pretrain_ae_supervised___cdd26ba53aea441a88f60f5a0e29bf00.py",
    "config": {
        "seeds": [
            "0",
            "1",
            "2",
            "3",
            "4"
        ]
    },
    "prediction_type": "probs",
    "metrics": {
        "train": {
            "0": {
                "precision": 0.8862738052461373,
                "recall": 0.9680141287284144,
                "f1-score": 0.9253423372725568,
                "support": 5096
            },
            "1": {
                "precision": 0.8045563549160671,
                "recall": 0.5145705521472392,
                "f1-score": 0.627689429373246,
                "support": 1304
            },
            "accuracy": 0.875625,
            "macro avg": {
                "precision": 0.8454150800811022,
                "recall": 0.7412923404378269,
                "f1-score": 0.7765158833229013,
                "support": 6400
            },
            "weighted avg": {
                "precision": 0.8696238747413855,
                "recall": 0.875625,
                "f1-score": 0.8646955572880722,
                "support": 6400
            },
            "roc_auc": 0.8970970555518101,
            "score": 0.8970970555518101
        },
        "val": {
            "0": {
                "precision": 0.8804270462633452,
                "recall": 0.9709576138147566,
                "f1-score": 0.9234789100410602,
                "support": 1274
            },
            "1": {
                "precision": 0.8102564102564103,
                "recall": 0.48466257668711654,
                "f1-score": 0.6065259117082533,
                "support": 326
            },
            "accuracy": 0.871875,
            "macro avg": {
                "precision": 0.8453417282598777,
                "recall": 0.7278100952509365,
                "f1-score": 0.7650024108746567,
                "support": 1600
            },
            "weighted avg": {
                "precision": 0.8661297791769321,
                "recall": 0.871875,
                "f1-score": 0.8588997366307508,
                "support": 1600
            },
            "roc_auc": 0.8781023971646232,
            "score": 0.8781023971646232
        },
        "test": {
            "0": {
                "precision": 0.8774341351660939,
                "recall": 0.9617074701820465,
                "f1-score": 0.9176400119796346,
                "support": 1593
            },
            "1": {
                "precision": 0.7598425196850394,
                "recall": 0.4742014742014742,
                "f1-score": 0.583963691376702,
                "support": 407
            },
            "accuracy": 0.8625,
            "macro avg": {
                "precision": 0.8186383274255666,
                "recall": 0.7179544721917603,
                "f1-score": 0.7508018516781683,
                "support": 2000
            },
            "weighted avg": {
                "precision": 0.8535042414156994,
                "recall": 0.8625,
                "f1-score": 0.8497368807369378,
                "support": 2000
            },
            "roc_auc": 0.8643497118073389,
            "score": 0.8643497118073389
        }
    }
}
