{
    "program": "bin/ensemble.py",
    "single_program": "/slot/sandbox/d/in/script/0_script_unpacked/pretrains/bin/pretrain_ae_ddp___7be139f1917541c8b0c195cd3e5f5fbb.py",
    "config": {
        "seeds": [
            "5",
            "6",
            "7",
            "8",
            "9"
        ]
    },
    "prediction_type": null,
    "metrics": {
        "train": {
            "rmse": 0.7086655732774699,
            "score": -0.7086655732774699
        },
        "val": {
            "rmse": 0.7402441107737768,
            "score": -0.7402441107737768
        },
        "test": {
            "rmse": 0.7427432978707559,
            "score": -0.7427432978707559
        }
    }
}
