{
    "program": "bin/ensemble.py",
    "single_program": "/slot/sandbox/d/in/script/0_script_unpacked/pretrains/bin/pretrain_contrastive___01f49e5fcfc7438fb2df88229f76e18c.py",
    "config": {
        "seeds": [
            "10",
            "11",
            "12",
            "13",
            "14"
        ]
    },
    "prediction_type": null,
    "metrics": {
        "train": {
            "rmse": 4.319036025528134,
            "score": -4.319036025528134
        },
        "val": {
            "rmse": 5.4286270500418645,
            "score": -5.4286270500418645
        },
        "test": {
            "rmse": 5.643909842253991,
            "score": -5.643909842253991
        }
    }
}
