{
    "program": "bin/ensemble.py",
    "single_program": "/slot/sandbox/d/in/script/0_script_unpacked/pretrains/bin/pretrain_mask_supervised___f4e9a6c24e054a84a5b5841e29de67ba.py",
    "config": {
        "seeds": [
            "10",
            "11",
            "12",
            "13",
            "14"
        ]
    },
    "prediction_type": "probs",
    "metrics": {
        "train": {
            "0": {
                "precision": 0.925513698630137,
                "recall": 0.8753036437246964,
                "f1-score": 0.8997086974615065,
                "support": 1235
            },
            "1": {
                "precision": 0.816829052258636,
                "recall": 0.8937778639271177,
                "f1-score": 0.8535727508330249,
                "support": 10318
            },
            "2": {
                "precision": 0.7412753123653597,
                "recall": 0.6718078875439282,
                "f1-score": 0.7048340843916427,
                "support": 5122
            },
            "3": {
                "precision": 0.8821774794929157,
                "recall": 0.6869918699186992,
                "f1-score": 0.772445315050604,
                "support": 1722
            },
            "4": {
                "precision": 0.9840728100113766,
                "recall": 0.9868796349115802,
                "f1-score": 0.9854742238678439,
                "support": 1753
            },
            "5": {
                "precision": 0.9858265972760492,
                "recall": 0.9841919080256467,
                "f1-score": 0.9850085744315982,
                "support": 9046
            },
            "6": {
                "precision": 0.9108138238573021,
                "recall": 0.899284534947716,
                "f1-score": 0.9050124619219052,
                "support": 1817
            },
            "7": {
                "precision": 0.9742925836878121,
                "recall": 0.9724940003692081,
                "f1-score": 0.9733924611973392,
                "support": 5417
            },
            "8": {
                "precision": 0.9561514195583596,
                "recall": 0.9558498896247241,
                "f1-score": 0.9560006308153288,
                "support": 3171
            },
            "accuracy": 0.8962652458271255,
            "macro avg": {
                "precision": 0.9085503085708831,
                "recall": 0.8807312481103685,
                "f1-score": 0.8928276888856437,
                "support": 39601
            },
            "weighted avg": {
                "precision": 0.8963028251495982,
                "recall": 0.8962652458271255,
                "f1-score": 0.8950605131666702,
                "support": 39601
            },
            "logloss": 0.27385752475569175,
            "score": -0.27385752475569175
        },
        "val": {
            "0": {
                "precision": 0.7103174603174603,
                "recall": 0.5811688311688312,
                "f1-score": 0.6392857142857143,
                "support": 308
            },
            "1": {
                "precision": 0.75697350069735,
                "recall": 0.8414728682170542,
                "f1-score": 0.7969897209985315,
                "support": 2580
            },
            "2": {
                "precision": 0.6327241079199304,
                "recall": 0.5675253708040593,
                "f1-score": 0.5983539094650205,
                "support": 1281
            },
            "3": {
                "precision": 0.7643312101910829,
                "recall": 0.5568445475638051,
                "f1-score": 0.6442953020134229,
                "support": 431
            },
            "4": {
                "precision": 0.9701149425287356,
                "recall": 0.9634703196347032,
                "f1-score": 0.9667812142038946,
                "support": 438
            },
            "5": {
                "precision": 0.9514260249554367,
                "recall": 0.9438549955791335,
                "f1-score": 0.9476253883710609,
                "support": 2262
            },
            "6": {
                "precision": 0.7562076749435666,
                "recall": 0.737885462555066,
                "f1-score": 0.7469342251950947,
                "support": 454
            },
            "7": {
                "precision": 0.9231884057971015,
                "recall": 0.9409158050221565,
                "f1-score": 0.9319678127286027,
                "support": 1354
            },
            "8": {
                "precision": 0.8676470588235294,
                "recall": 0.89281210592686,
                "f1-score": 0.8800497203231822,
                "support": 793
            },
            "accuracy": 0.8272901727098273,
            "macro avg": {
                "precision": 0.8147700429082436,
                "recall": 0.7806611451635188,
                "f1-score": 0.794698111953836,
                "support": 9901
            },
            "weighted avg": {
                "precision": 0.8251804121010227,
                "recall": 0.8272901727098273,
                "f1-score": 0.8244790322770142,
                "support": 9901
            },
            "logloss": 0.44383102672242397,
            "score": -0.44383102672242397
        },
        "test": {
            "0": {
                "precision": 0.7508305647840532,
                "recall": 0.5854922279792746,
                "f1-score": 0.6579330422125181,
                "support": 386
            },
            "1": {
                "precision": 0.7682584269662921,
                "recall": 0.8483250620347395,
                "f1-score": 0.8063089622641509,
                "support": 3224
            },
            "2": {
                "precision": 0.6321279554937413,
                "recall": 0.5677701436602124,
                "f1-score": 0.59822309970385,
                "support": 1601
            },
            "3": {
                "precision": 0.7437810945273632,
                "recall": 0.5557620817843866,
                "f1-score": 0.6361702127659574,
                "support": 538
            },
            "4": {
                "precision": 0.9744525547445255,
                "recall": 0.9744525547445255,
                "f1-score": 0.9744525547445255,
                "support": 548
            },
            "5": {
                "precision": 0.9481847021501586,
                "recall": 0.9515387336399009,
                "f1-score": 0.9498587570621468,
                "support": 2827
            },
            "6": {
                "precision": 0.7608286252354048,
                "recall": 0.7112676056338029,
                "f1-score": 0.7352138307552321,
                "support": 568
            },
            "7": {
                "precision": 0.9177215189873418,
                "recall": 0.9421145894861194,
                "f1-score": 0.9297580880209853,
                "support": 1693
            },
            "8": {
                "precision": 0.871694417238002,
                "recall": 0.8980827447023209,
                "f1-score": 0.8846918489065607,
                "support": 991
            },
            "accuracy": 0.8308015513897867,
            "macro avg": {
                "precision": 0.8186533177918759,
                "recall": 0.7816450826294757,
                "f1-score": 0.796956710715103,
                "support": 12376
            },
            "weighted avg": {
                "precision": 0.8276581579983687,
                "recall": 0.8308015513897867,
                "f1-score": 0.8275031700951192,
                "support": 12376
            },
            "logloss": 0.44112573880809053,
            "score": -0.44112573880809053
        }
    }
}
