{
    "program": "bin/ensemble.py",
    "single_program": "/slot/sandbox/d/in/script/0_script_unpacked/pretrains/bin/pretrain_mask___f26f547a1e344fb0b52d2d0829c93526.py",
    "config": {
        "seeds": [
            "0",
            "1",
            "2",
            "3",
            "4"
        ]
    },
    "prediction_type": "probs",
    "metrics": {
        "train": {
            "0": {
                "precision": 0.9909297052154195,
                "recall": 0.9965792474344356,
                "f1-score": 0.9937464468447982,
                "support": 1754
            },
            "1": {
                "precision": 0.9953051643192489,
                "recall": 0.9968652037617555,
                "f1-score": 0.9960845732184809,
                "support": 638
            },
            "2": {
                "precision": 1.0,
                "recall": 0.992548435171386,
                "f1-score": 0.9962602842183994,
                "support": 1342
            },
            "3": {
                "precision": 1.0,
                "recall": 0.9956896551724138,
                "f1-score": 0.9978401727861772,
                "support": 696
            },
            "4": {
                "precision": 0.9973544973544973,
                "recall": 0.9984110169491526,
                "f1-score": 0.9978824775013234,
                "support": 1888
            },
            "accuracy": 0.9962013295346629,
            "macro avg": {
                "precision": 0.9967178733778331,
                "recall": 0.9960187116978286,
                "f1-score": 0.9963627909138358,
                "support": 6318
            },
            "weighted avg": {
                "precision": 0.996217266348341,
                "recall": 0.9962013295346629,
                "f1-score": 0.9962034512000533,
                "support": 6318
            },
            "score": 0.9962013295346629
        },
        "val": {
            "0": {
                "precision": 0.8137044967880086,
                "recall": 0.8656036446469249,
                "f1-score": 0.8388520971302429,
                "support": 439
            },
            "1": {
                "precision": 0.7218543046357616,
                "recall": 0.68125,
                "f1-score": 0.7009646302250805,
                "support": 160
            },
            "2": {
                "precision": 0.7484662576687117,
                "recall": 0.7283582089552239,
                "f1-score": 0.7382753403933434,
                "support": 335
            },
            "3": {
                "precision": 0.7428571428571429,
                "recall": 0.5977011494252874,
                "f1-score": 0.6624203821656051,
                "support": 174
            },
            "4": {
                "precision": 0.7560483870967742,
                "recall": 0.7944915254237288,
                "f1-score": 0.7747933884297521,
                "support": 472
            },
            "accuracy": 0.7670886075949367,
            "macro avg": {
                "precision": 0.7565861178092798,
                "recall": 0.7334809056902329,
                "f1-score": 0.7430611676688048,
                "support": 1580
            },
            "weighted avg": {
                "precision": 0.7655450257705673,
                "recall": 0.7670886075949367,
                "f1-score": 0.7649976432554543,
                "support": 1580
            },
            "score": 0.7670886075949367
        },
        "test": {
            "0": {
                "precision": 0.7918088737201365,
                "recall": 0.8467153284671532,
                "f1-score": 0.818342151675485,
                "support": 548
            },
            "1": {
                "precision": 0.711864406779661,
                "recall": 0.63,
                "f1-score": 0.6684350132625995,
                "support": 200
            },
            "2": {
                "precision": 0.7220779220779221,
                "recall": 0.6619047619047619,
                "f1-score": 0.6906832298136647,
                "support": 420
            },
            "3": {
                "precision": 0.6875,
                "recall": 0.5576036866359447,
                "f1-score": 0.6157760814249363,
                "support": 217
            },
            "4": {
                "precision": 0.7219662058371735,
                "recall": 0.7966101694915254,
                "f1-score": 0.757453666398066,
                "support": 590
            },
            "accuracy": 0.7387341772151899,
            "macro avg": {
                "precision": 0.7270434816829787,
                "recall": 0.6985667892998771,
                "f1-score": 0.7101380285149503,
                "support": 1975
            },
            "weighted avg": {
                "precision": 0.7365592065170767,
                "recall": 0.7387341772151899,
                "f1-score": 0.7355678638665798,
                "support": 1975
            },
            "score": 0.7387341772151899
        }
    }
}
