{
    "program": "bin/ensemble.py",
    "single_program": "/slot/sandbox/d/in/script/0_script_unpacked/pretrains/bin/pretrain_mask___00725c5b1bf1408397954f54f0c4caee.py",
    "config": {
        "seeds": [
            "5",
            "6",
            "7",
            "8",
            "9"
        ]
    },
    "prediction_type": null,
    "metrics": {
        "train": {
            "rmse": 15335.7033736615,
            "score": -15335.7033736615
        },
        "val": {
            "rmse": 26559.724272452677,
            "score": -26559.724272452677
        },
        "test": {
            "rmse": 29452.795581006045,
            "score": -29452.795581006045
        }
    }
}
