{
    "program": "bin/ensemble.py",
    "single_program": "/slot/sandbox/d/in/script/0_script_unpacked/pretrains/bin/pretrain_ae_supervised___4b67cff011c8479cba85f8ec6cdc62b9.py",
    "config": {
        "seeds": [
            "5",
            "6",
            "7",
            "8",
            "9"
        ]
    },
    "prediction_type": "probs",
    "metrics": {
        "train": {
            "0": {
                "precision": 0.9965831435079726,
                "recall": 0.9977194982896237,
                "f1-score": 0.9971509971509971,
                "support": 1754
            },
            "1": {
                "precision": 0.9968701095461658,
                "recall": 0.9984326018808778,
                "f1-score": 0.9976507439310884,
                "support": 638
            },
            "2": {
                "precision": 1.0,
                "recall": 0.9970193740685543,
                "f1-score": 0.9985074626865672,
                "support": 1342
            },
            "3": {
                "precision": 1.0,
                "recall": 0.9956896551724138,
                "f1-score": 0.9978401727861772,
                "support": 696
            },
            "4": {
                "precision": 0.9978858350951374,
                "recall": 1.0,
                "f1-score": 0.9989417989417989,
                "support": 1888
            },
            "accuracy": 0.9981006647673314,
            "macro avg": {
                "precision": 0.9982678176298551,
                "recall": 0.997772225882294,
                "f1-score": 0.9980182350993259,
                "support": 6318
            },
            "weighted avg": {
                "precision": 0.9981035802885497,
                "recall": 0.9981006647673314,
                "f1-score": 0.9981006513481406,
                "support": 6318
            },
            "score": 0.9981006647673314
        },
        "val": {
            "0": {
                "precision": 0.7682926829268293,
                "recall": 0.8610478359908884,
                "f1-score": 0.8120300751879699,
                "support": 439
            },
            "1": {
                "precision": 0.7410071942446043,
                "recall": 0.64375,
                "f1-score": 0.6889632107023411,
                "support": 160
            },
            "2": {
                "precision": 0.7484276729559748,
                "recall": 0.7104477611940299,
                "f1-score": 0.7289433384379785,
                "support": 335
            },
            "3": {
                "precision": 0.6875,
                "recall": 0.5689655172413793,
                "f1-score": 0.6226415094339622,
                "support": 174
            },
            "4": {
                "precision": 0.7618069815195072,
                "recall": 0.7860169491525424,
                "f1-score": 0.7737226277372263,
                "support": 472
            },
            "accuracy": 0.7525316455696203,
            "macro avg": {
                "precision": 0.7414069063293832,
                "recall": 0.714045612715768,
                "f1-score": 0.7252601522998956,
                "support": 1580
            },
            "weighted avg": {
                "precision": 0.7504827877224518,
                "recall": 0.7525316455696203,
                "f1-score": 0.7496506569810738,
                "support": 1580
            },
            "score": 0.7525316455696203
        },
        "test": {
            "0": {
                "precision": 0.7952218430034129,
                "recall": 0.8503649635036497,
                "f1-score": 0.821869488536155,
                "support": 548
            },
            "1": {
                "precision": 0.7441860465116279,
                "recall": 0.64,
                "f1-score": 0.6881720430107526,
                "support": 200
            },
            "2": {
                "precision": 0.6923076923076923,
                "recall": 0.6428571428571429,
                "f1-score": 0.6666666666666666,
                "support": 420
            },
            "3": {
                "precision": 0.6666666666666666,
                "recall": 0.5622119815668203,
                "f1-score": 0.61,
                "support": 217
            },
            "4": {
                "precision": 0.7158385093167702,
                "recall": 0.7813559322033898,
                "f1-score": 0.7471636952998381,
                "support": 590
            },
            "accuracy": 0.7326582278481013,
            "macro avg": {
                "precision": 0.722844151561234,
                "recall": 0.6953580040262006,
                "f1-score": 0.7067743787026824,
                "support": 1975
            },
            "weighted avg": {
                "precision": 0.7303288087093609,
                "recall": 0.7326582278481013,
                "f1-score": 0.7297293511629711,
                "support": 1975
            },
            "score": 0.7326582278481013
        }
    }
}
