{
    "program": "bin/ensemble.py",
    "single_program": "/slot/sandbox/d/in/script/0_script_unpacked/pretrains/bin/pretrain_ae_supervised___cad0d007fe534418afce9faa9b6e67d2.py",
    "config": {
        "seeds": [
            "0",
            "1",
            "2",
            "3",
            "4"
        ]
    },
    "prediction_type": "probs",
    "metrics": {
        "train": {
            "0": {
                "precision": 0.8065729699034639,
                "recall": 0.7682374416875126,
                "f1-score": 0.7869386059074066,
                "support": 29582
            },
            "1": {
                "precision": 0.801706435285611,
                "recall": 0.8356899514607012,
                "f1-score": 0.8183455361360417,
                "support": 33169
            },
            "accuracy": 0.8038915714490605,
            "macro avg": {
                "precision": 0.8041397025945375,
                "recall": 0.8019636965741069,
                "f1-score": 0.8026420710217241,
                "support": 62751
            },
            "weighted avg": {
                "precision": 0.8040006111085514,
                "recall": 0.8038915714490605,
                "f1-score": 0.8035397193359352,
                "support": 62751
            },
            "roc_auc": 0.8899890821835483,
            "score": 0.8899890821835483
        },
        "val": {
            "0": {
                "precision": 0.7525698566671493,
                "recall": 0.7028123309897242,
                "f1-score": 0.7268405229672098,
                "support": 7396
            },
            "1": {
                "precision": 0.7496868238241658,
                "recall": 0.7938977327544622,
                "f1-score": 0.7711591401628302,
                "support": 8292
            },
            "accuracy": 0.7509561448240694,
            "macro avg": {
                "precision": 0.7511283402456576,
                "recall": 0.7483550318720932,
                "f1-score": 0.7489998315650199,
                "support": 15688
            },
            "weighted avg": {
                "precision": 0.7510460098840017,
                "recall": 0.7509561448240694,
                "f1-score": 0.7502654320560729,
                "support": 15688
            },
            "roc_auc": 0.8356544893173113,
            "score": 0.8356544893173113
        },
        "test": {
            "0": {
                "precision": 0.7464207994502348,
                "recall": 0.7049215792320173,
                "f1-score": 0.7250778816199376,
                "support": 9245
            },
            "1": {
                "precision": 0.7492416582406471,
                "recall": 0.786396526772793,
                "f1-score": 0.7673696102428922,
                "support": 10365
            },
            "accuracy": 0.7479857215706273,
            "macro avg": {
                "precision": 0.747831228845441,
                "recall": 0.7456590530024052,
                "f1-score": 0.7462237459314149,
                "support": 19610
            },
            "weighted avg": {
                "precision": 0.7479117837114598,
                "recall": 0.7479857215706273,
                "f1-score": 0.7474314648518052,
                "support": 19610
            },
            "roc_auc": 0.8307705368438163,
            "score": 0.8307705368438163
        }
    }
}
