{
    "program": "bin/ensemble.py",
    "single_program": "/slot/sandbox/d/in/script/0_script_unpacked/pretrains/bin/pretrain_ae_supervised___b942193ddaf746cfbe6684e7980efa5e.py",
    "config": {
        "seeds": [
            "5",
            "6",
            "7",
            "8",
            "9"
        ]
    },
    "prediction_type": null,
    "metrics": {
        "train": {
            "rmse": 16166.626375179607,
            "score": -16166.626375179607
        },
        "val": {
            "rmse": 28786.347731881582,
            "score": -28786.347731881582
        },
        "test": {
            "rmse": 30670.902773556347,
            "score": -30670.902773556347
        }
    }
}
