{
    "program": "bin/ensemble.py",
    "single_program": "/slot/sandbox/d/in/script/0_script_unpacked/pretrains/bin/pretrain_mask_fast___c1101de11ed2486cb13425fccc49d735.py",
    "config": {
        "seeds": [
            "10",
            "11",
            "12",
            "13",
            "14"
        ]
    },
    "prediction_type": "probs",
    "metrics": {
        "train": {
            "0": {
                "precision": 0.9981557437516598,
                "recall": 0.9979937748012214,
                "f1-score": 0.9980747527053044,
                "support": 135578
            },
            "1": {
                "precision": 0.9985931810658722,
                "recall": 0.9983067860924815,
                "f1-score": 0.9984499630418233,
                "support": 181312
            },
            "2": {
                "precision": 0.9990820875950694,
                "recall": 0.9989074381609999,
                "f1-score": 0.9989947552447552,
                "support": 22882
            },
            "3": {
                "precision": 0.9977272727272727,
                "recall": 0.9982944855031268,
                "f1-score": 0.9980107985223075,
                "support": 1759
            },
            "4": {
                "precision": 0.9893738760830473,
                "recall": 0.9962139917695473,
                "f1-score": 0.9927821522309712,
                "support": 6075
            },
            "5": {
                "precision": 0.9982017622729725,
                "recall": 0.9988304093567252,
                "f1-score": 0.9985159868687323,
                "support": 11115
            },
            "6": {
                "precision": 0.9961988748669606,
                "recall": 0.9983239372238306,
                "f1-score": 0.9972602739726028,
                "support": 13126
            },
            "accuracy": 0.9982116300521451,
            "macro avg": {
                "precision": 0.9967618283375507,
                "recall": 0.9981244032725619,
                "f1-score": 0.9974412403694994,
                "support": 371847
            },
            "weighted avg": {
                "precision": 0.9982128407361843,
                "recall": 0.9982116300521451,
                "f1-score": 0.9982119867322946,
                "support": 371847
            },
            "score": 0.9982116300521451
        },
        "val": {
            "0": {
                "precision": 0.9745224810320905,
                "recall": 0.9739186876733346,
                "f1-score": 0.9742204907993567,
                "support": 33894
            },
            "1": {
                "precision": 0.9783774242658253,
                "recall": 0.9782695022943876,
                "f1-score": 0.9783234603038025,
                "support": 45328
            },
            "2": {
                "precision": 0.9721351445489377,
                "recall": 0.9757035483307114,
                "f1-score": 0.9739160778155805,
                "support": 5721
            },
            "3": {
                "precision": 0.9339622641509434,
                "recall": 0.9020501138952164,
                "f1-score": 0.9177288528389339,
                "support": 439
            },
            "4": {
                "precision": 0.9086727989487516,
                "recall": 0.9104674127715603,
                "f1-score": 0.9095692206511017,
                "support": 1519
            },
            "5": {
                "precision": 0.9541218637992831,
                "recall": 0.9578985246491544,
                "f1-score": 0.9560064643562578,
                "support": 2779
            },
            "6": {
                "precision": 0.9698905109489051,
                "recall": 0.9716636197440585,
                "f1-score": 0.9707762557077626,
                "support": 3282
            },
            "accuracy": 0.9742152707557927,
            "macro avg": {
                "precision": 0.955954641099248,
                "recall": 0.9528530584797748,
                "f1-score": 0.9543629746389709,
                "support": 92962
            },
            "weighted avg": {
                "precision": 0.9742143107203525,
                "recall": 0.9742152707557927,
                "f1-score": 0.9742130897918649,
                "support": 92962
            },
            "score": 0.9742152707557927
        },
        "test": {
            "0": {
                "precision": 0.9738477166954098,
                "recall": 0.9729512839879154,
                "f1-score": 0.9733992939537409,
                "support": 42368
            },
            "1": {
                "precision": 0.9776016661959899,
                "recall": 0.9775153985986834,
                "f1-score": 0.9775585304941008,
                "support": 56661
            },
            "2": {
                "precision": 0.9693593314763231,
                "recall": 0.9732904488882673,
                "f1-score": 0.9713209127067196,
                "support": 7151
            },
            "3": {
                "precision": 0.9188191881918819,
                "recall": 0.907103825136612,
                "f1-score": 0.9129239230064162,
                "support": 549
            },
            "4": {
                "precision": 0.905412506568576,
                "recall": 0.9073196419167984,
                "f1-score": 0.9063650710152552,
                "support": 1899
            },
            "5": {
                "precision": 0.9520252800919277,
                "recall": 0.9542182551108551,
                "f1-score": 0.9531205061834914,
                "support": 3473
            },
            "6": {
                "precision": 0.9715466926070039,
                "recall": 0.9739151633349585,
                "f1-score": 0.9727294862429997,
                "support": 4102
            },
            "accuracy": 0.9732881250914348,
            "macro avg": {
                "precision": 0.9526589116895874,
                "recall": 0.9523305738534414,
                "f1-score": 0.9524882462289607,
                "support": 116203
            },
            "weighted avg": {
                "precision": 0.9732901479634224,
                "recall": 0.9732881250914348,
                "f1-score": 0.9732885330280341,
                "support": 116203
            },
            "score": 0.9732881250914348
        }
    }
}
