{
    "program": "bin/ensemble.py",
    "single_program": "/slot/sandbox/d/in/script/0_script_unpacked/pretrains/bin/pretrain_mask_pretrain_es___5cbc489ef20546a29c10e63012b184ee.py",
    "config": {
        "seeds": [
            "0",
            "1",
            "2",
            "3",
            "4"
        ]
    },
    "prediction_type": "probs",
    "metrics": {
        "train": {
            "0": {
                "precision": 0.9897314025112532,
                "recall": 0.9860375577158536,
                "f1-score": 0.9878810271568447,
                "support": 135578
            },
            "1": {
                "precision": 0.9895903863832786,
                "recall": 0.9914842922696788,
                "f1-score": 0.9905364340401851,
                "support": 181312
            },
            "2": {
                "precision": 0.9936996849842492,
                "recall": 0.9925705794947994,
                "f1-score": 0.9931348113166295,
                "support": 22882
            },
            "3": {
                "precision": 0.9774138904573687,
                "recall": 0.9840818646958499,
                "f1-score": 0.9807365439093484,
                "support": 1759
            },
            "4": {
                "precision": 0.9642510514396635,
                "recall": 0.9812345679012345,
                "f1-score": 0.9726686791221342,
                "support": 6075
            },
            "5": {
                "precision": 0.9859432357417853,
                "recall": 0.9907332433648223,
                "f1-score": 0.988332435828397,
                "support": 11115
            },
            "6": {
                "precision": 0.9876693560663724,
                "recall": 0.9885722992533902,
                "f1-score": 0.9881206213828815,
                "support": 13126
            },
            "accuracy": 0.9892375089754657,
            "macro avg": {
                "precision": 0.9840427153691386,
                "recall": 0.987816343527947,
                "f1-score": 0.9859157932509172,
                "support": 371847
            },
            "weighted avg": {
                "precision": 0.989246264246351,
                "recall": 0.9892375089754657,
                "f1-score": 0.9892387210008945,
                "support": 371847
            },
            "score": 0.9892375089754657
        },
        "val": {
            "0": {
                "precision": 0.9679810257930626,
                "recall": 0.9632973387620227,
                "f1-score": 0.9656335028983792,
                "support": 33894
            },
            "1": {
                "precision": 0.9711864406779661,
                "recall": 0.9733718672785033,
                "f1-score": 0.9722779259128672,
                "support": 45328
            },
            "2": {
                "precision": 0.971587937946662,
                "recall": 0.9743051914001049,
                "f1-score": 0.9729446674812358,
                "support": 5721
            },
            "3": {
                "precision": 0.9262672811059908,
                "recall": 0.9157175398633257,
                "f1-score": 0.9209621993127146,
                "support": 439
            },
            "4": {
                "precision": 0.8918393782383419,
                "recall": 0.9065174456879526,
                "f1-score": 0.8991185112634672,
                "support": 1519
            },
            "5": {
                "precision": 0.947481243301179,
                "recall": 0.9543001079525009,
                "f1-score": 0.9508784510577267,
                "support": 2779
            },
            "6": {
                "precision": 0.9635036496350365,
                "recall": 0.9652650822669104,
                "f1-score": 0.9643835616438358,
                "support": 3282
            },
            "accuracy": 0.9675351218777565,
            "macro avg": {
                "precision": 0.9485495652426056,
                "recall": 0.9503963676016172,
                "f1-score": 0.9494569742243181,
                "support": 92962
            },
            "weighted avg": {
                "precision": 0.9675539163255901,
                "recall": 0.9675351218777565,
                "f1-score": 0.9675402175575852,
                "support": 92962
            },
            "score": 0.9675351218777565
        },
        "test": {
            "0": {
                "precision": 0.9691868758915835,
                "recall": 0.9621412386706949,
                "f1-score": 0.9656512057611218,
                "support": 42368
            },
            "1": {
                "precision": 0.9692577953447519,
                "recall": 0.9737738479730326,
                "f1-score": 0.9715105734861691,
                "support": 56661
            },
            "2": {
                "precision": 0.969020373988278,
                "recall": 0.9710529995804783,
                "f1-score": 0.9700356219878467,
                "support": 7151
            },
            "3": {
                "precision": 0.9039855072463768,
                "recall": 0.9089253187613844,
                "f1-score": 0.9064486830154405,
                "support": 549
            },
            "4": {
                "precision": 0.8923482849604222,
                "recall": 0.8904686677198526,
                "f1-score": 0.8914074855034265,
                "support": 1899
            },
            "5": {
                "precision": 0.9447466361294017,
                "recall": 0.9501871580765908,
                "f1-score": 0.9474590869939707,
                "support": 3473
            },
            "6": {
                "precision": 0.9654669260700389,
                "recall": 0.9678205753291077,
                "f1-score": 0.9666423179936693,
                "support": 4102
            },
            "accuracy": 0.9667822689603539,
            "macro avg": {
                "precision": 0.9448589142329791,
                "recall": 0.9463385437301629,
                "f1-score": 0.9455935678202348,
                "support": 116203
            },
            "weighted avg": {
                "precision": 0.9667856942491037,
                "recall": 0.9667822689603539,
                "f1-score": 0.9667763393570624,
                "support": 116203
            },
            "score": 0.9667822689603539
        }
    }
}
