{
    "program": "bin/ensemble.py",
    "single_program": "/slot/sandbox/d/in/script/0_script_unpacked/pretrains/bin/finetune___34e818aed69d409eb5f060eb50bf3a9d.py",
    "config": {
        "seeds": [
            "5",
            "6",
            "7",
            "8",
            "9"
        ]
    },
    "prediction_type": null,
    "metrics": {
        "train": {
            "rmse": 14768.70877949549,
            "score": -14768.70877949549
        },
        "val": {
            "rmse": 27817.631643664557,
            "score": -27817.631643664557
        },
        "test": {
            "rmse": 30672.83154982157,
            "score": -30672.83154982157
        }
    }
}
