{
    "program": "bin/ensemble.py",
    "single_program": "/slot/sandbox/d/in/script/0_script_unpacked/pretrains/bin/augmented_supervised___52a0a4eaa40f4fcca507c473b29b0831.py",
    "config": {
        "seeds": [
            "5",
            "6",
            "7",
            "8",
            "9"
        ]
    },
    "prediction_type": "probs",
    "metrics": {
        "train": {
            "0": {
                "precision": 0.8950244736967162,
                "recall": 0.9524146649810367,
                "f1-score": 0.9228281640452741,
                "support": 19775
            },
            "1": {
                "precision": 0.811988011988012,
                "recall": 0.6478558903236091,
                "f1-score": 0.7206951587160844,
                "support": 6273
            },
            "accuracy": 0.8790694103194103,
            "macro avg": {
                "precision": 0.8535062428423641,
                "recall": 0.800135277652323,
                "f1-score": 0.8217616613806793,
                "support": 26048
            },
            "weighted avg": {
                "precision": 0.8750272484088361,
                "recall": 0.8790694103194103,
                "f1-score": 0.8741495575330656,
                "support": 26048
            },
            "roc_auc": 0.9369347894564691,
            "score": 0.9369347894564691
        },
        "val": {
            "0": {
                "precision": 0.8783579265985623,
                "recall": 0.938928210313448,
                "f1-score": 0.9076336623985924,
                "support": 4945
            },
            "1": {
                "precision": 0.7538712306438468,
                "recall": 0.5899234693877551,
                "f1-score": 0.661896243291592,
                "support": 1568
            },
            "accuracy": 0.8549055734684478,
            "macro avg": {
                "precision": 0.8161145786212045,
                "recall": 0.7644258398506015,
                "f1-score": 0.7847649528450922,
                "support": 6513
            },
            "weighted avg": {
                "precision": 0.8483878453369327,
                "recall": 0.8549055734684478,
                "f1-score": 0.8484725579674891,
                "support": 6513
            },
            "roc_auc": 0.9147247271001423,
            "score": 0.9147247271001423
        },
        "test": {
            "0": {
                "precision": 0.8814937509411234,
                "recall": 0.9415359871330921,
                "f1-score": 0.9105261111327138,
                "support": 12435
            },
            "1": {
                "precision": 0.7575858619539847,
                "recall": 0.5907436297451898,
                "f1-score": 0.6638422205989775,
                "support": 3846
            },
            "accuracy": 0.8586696148885203,
            "macro avg": {
                "precision": 0.8195398064475541,
                "recall": 0.7661398084391409,
                "f1-score": 0.7871841658658456,
                "support": 16281
            },
            "weighted avg": {
                "precision": 0.8522234517552911,
                "recall": 0.8586696148885203,
                "f1-score": 0.8522528943160103,
                "support": 16281
            },
            "roc_auc": 0.9117574361197205,
            "score": 0.9117574361197205
        }
    }
}
