{
    "program": "bin/ensemble.py",
    "single_program": "/slot/sandbox/d/in/script/0_script_unpacked/pretrains/bin/pretrain_mask_supervised_fast___47ef61bccac74dc1a0ab6c0a8fb257c0.py",
    "config": {
        "seeds": [
            "10",
            "11",
            "12",
            "13",
            "14"
        ]
    },
    "prediction_type": "probs",
    "metrics": {
        "train": {
            "0": {
                "precision": 0.997733865788755,
                "recall": 0.9969611588900854,
                "f1-score": 0.9973473626734453,
                "support": 135578
            },
            "1": {
                "precision": 0.9977170838227266,
                "recall": 0.997909680550653,
                "f1-score": 0.9978133728929931,
                "support": 181312
            },
            "2": {
                "precision": 0.997423355751594,
                "recall": 0.9981207936369199,
                "f1-score": 0.9977719528178245,
                "support": 22882
            },
            "3": {
                "precision": 0.9909245604083948,
                "recall": 0.9931779420125071,
                "f1-score": 0.9920499716070416,
                "support": 1759
            },
            "4": {
                "precision": 0.9860701409373975,
                "recall": 0.9904526748971193,
                "f1-score": 0.9882565492321589,
                "support": 6075
            },
            "5": {
                "precision": 0.9958662832494608,
                "recall": 0.9970310391363023,
                "f1-score": 0.9964483208200333,
                "support": 11115
            },
            "6": {
                "precision": 0.995584652862363,
                "recall": 0.9963431357610849,
                "f1-score": 0.9959637499048054,
                "support": 13126
            },
            "accuracy": 0.9973510610546811,
            "macro avg": {
                "precision": 0.9944742775458132,
                "recall": 0.9957137749835244,
                "f1-score": 0.9950930399926146,
                "support": 371847
            },
            "weighted avg": {
                "precision": 0.9973521192426567,
                "recall": 0.9973510610546811,
                "f1-score": 0.9973514228451474,
                "support": 371847
            },
            "score": 0.9973510610546811
        },
        "val": {
            "0": {
                "precision": 0.9780538302277433,
                "recall": 0.9756299049979348,
                "f1-score": 0.9768403639371382,
                "support": 33894
            },
            "1": {
                "precision": 0.9798422629538245,
                "recall": 0.9812257324391105,
                "f1-score": 0.9805335097001764,
                "support": 45328
            },
            "2": {
                "precision": 0.9720194647201946,
                "recall": 0.9776262891102954,
                "f1-score": 0.9748148148148148,
                "support": 5721
            },
            "3": {
                "precision": 0.9265402843601895,
                "recall": 0.8906605922551253,
                "f1-score": 0.9082462253193961,
                "support": 439
            },
            "4": {
                "precision": 0.9165571616294349,
                "recall": 0.9183673469387755,
                "f1-score": 0.9174613613942781,
                "support": 1519
            },
            "5": {
                "precision": 0.9557235421166307,
                "recall": 0.955379632961497,
                "f1-score": 0.9555515565952851,
                "support": 2779
            },
            "6": {
                "precision": 0.9741169305724726,
                "recall": 0.9747105423522242,
                "f1-score": 0.9744136460554371,
                "support": 3282
            },
            "accuracy": 0.9765065295497085,
            "macro avg": {
                "precision": 0.9575504966543559,
                "recall": 0.9533714344364234,
                "f1-score": 0.955408782545218,
                "support": 92962
            },
            "weighted avg": {
                "precision": 0.9764998491599205,
                "recall": 0.9765065295497085,
                "f1-score": 0.9765002155884759,
                "support": 92962
            },
            "score": 0.9765065295497085
        },
        "test": {
            "0": {
                "precision": 0.9775901728758093,
                "recall": 0.9729984894259819,
                "f1-score": 0.9752889267421365,
                "support": 42368
            },
            "1": {
                "precision": 0.977442286036036,
                "recall": 0.9803921568627451,
                "f1-score": 0.9789149991629439,
                "support": 56661
            },
            "2": {
                "precision": 0.9702571230020848,
                "recall": 0.9762271011047406,
                "f1-score": 0.97323295692179,
                "support": 7151
            },
            "3": {
                "precision": 0.9245283018867925,
                "recall": 0.8925318761384335,
                "f1-score": 0.9082483781278963,
                "support": 549
            },
            "4": {
                "precision": 0.9198088157195964,
                "recall": 0.9120589784096893,
                "f1-score": 0.9159175039661555,
                "support": 1899
            },
            "5": {
                "precision": 0.9545846507617132,
                "recall": 0.9562338036279874,
                "f1-score": 0.9554085155350979,
                "support": 3473
            },
            "6": {
                "precision": 0.9737545565006075,
                "recall": 0.976840565577767,
                "f1-score": 0.9752951198734332,
                "support": 4102
            },
            "accuracy": 0.9750608848308564,
            "macro avg": {
                "precision": 0.95685227239752,
                "recall": 0.9524689958781921,
                "f1-score": 0.9546152000470647,
                "support": 116203
            },
            "weighted avg": {
                "precision": 0.9750488641577784,
                "recall": 0.9750608848308564,
                "f1-score": 0.9750495507562479,
                "support": 116203
            },
            "score": 0.9750608848308564
        }
    }
}
