{
    "program": "bin/ensemble.py",
    "single_program": "/slot/sandbox/d/in/script/0_script_unpacked/pretrains/bin/pretrain_mask___334e273a2d4246b688f8e74b8a1cdf6f.py",
    "config": {
        "seeds": [
            "10",
            "11",
            "12",
            "13",
            "14"
        ]
    },
    "prediction_type": null,
    "metrics": {
        "train": {
            "rmse": 3.7932292169972994,
            "score": -3.7932292169972994
        },
        "val": {
            "rmse": 5.238239644894076,
            "score": -5.238239644894076
        },
        "test": {
            "rmse": 5.475706561396663,
            "score": -5.475706561396663
        }
    }
}
