{
    "program": "bin/ensemble.py",
    "single_program": "/slot/sandbox/d/in/script/0_script_unpacked/pretrains/bin/finetune_ddp___02d0c54707864669b49346ecb8d2afb1.py",
    "config": {
        "seeds": [
            "5",
            "6",
            "7",
            "8",
            "9"
        ]
    },
    "prediction_type": "probs",
    "metrics": {
        "train": {
            "0": {
                "precision": 0.995522079761571,
                "recall": 0.9953458525719512,
                "f1-score": 0.9954339583671422,
                "support": 135578
            },
            "1": {
                "precision": 0.9968037890832009,
                "recall": 0.9959241528415108,
                "f1-score": 0.9963637768164564,
                "support": 181312
            },
            "2": {
                "precision": 0.9986891549418858,
                "recall": 0.9988637356874399,
                "f1-score": 0.9987764376857193,
                "support": 22882
            },
            "3": {
                "precision": 0.9982925441092771,
                "recall": 0.9971574758385446,
                "f1-score": 0.9977246871444824,
                "support": 1759
            },
            "4": {
                "precision": 0.9799482535575679,
                "recall": 0.9975308641975309,
                "f1-score": 0.9886613916306387,
                "support": 6075
            },
            "5": {
                "precision": 0.9959641255605381,
                "recall": 0.9991003148897886,
                "f1-score": 0.9975297552211992,
                "support": 11115
            },
            "6": {
                "precision": 0.9949103615922212,
                "recall": 0.9977906445223221,
                "f1-score": 0.996348421453024,
                "support": 13126
            },
            "accuracy": 0.9960871003396559,
            "macro avg": {
                "precision": 0.9943043298008946,
                "recall": 0.9973875772212982,
                "f1-score": 0.9958340611883802,
                "support": 371847
            },
            "weighted avg": {
                "precision": 0.9960922187535817,
                "recall": 0.9960871003396559,
                "f1-score": 0.9960881358324518,
                "support": 371847
            },
            "score": 0.9960871003396559
        },
        "val": {
            "0": {
                "precision": 0.9734207495348631,
                "recall": 0.972473004071517,
                "f1-score": 0.9729466460039848,
                "support": 33894
            },
            "1": {
                "precision": 0.9778715134383075,
                "recall": 0.9768575714789975,
                "f1-score": 0.9773642794865852,
                "support": 45328
            },
            "2": {
                "precision": 0.9674233235141223,
                "recall": 0.9758783429470372,
                "f1-score": 0.9716324399582318,
                "support": 5721
            },
            "3": {
                "precision": 0.9287410926365796,
                "recall": 0.8906605922551253,
                "f1-score": 0.9093023255813955,
                "support": 439
            },
            "4": {
                "precision": 0.8998708010335917,
                "recall": 0.9170506912442397,
                "f1-score": 0.9083795239647865,
                "support": 1519
            },
            "5": {
                "precision": 0.9466002135991456,
                "recall": 0.9568189996401584,
                "f1-score": 0.9516821760916249,
                "support": 2779
            },
            "6": {
                "precision": 0.972791195353103,
                "recall": 0.9695307739183425,
                "f1-score": 0.9711582481306272,
                "support": 3282
            },
            "accuracy": 0.9729566919816699,
            "macro avg": {
                "precision": 0.952388412729959,
                "recall": 0.9513242822222026,
                "f1-score": 0.9517808056024623,
                "support": 92962
            },
            "weighted avg": {
                "precision": 0.9729850418759163,
                "recall": 0.9729566919816699,
                "f1-score": 0.9729653968802751,
                "support": 92962
            },
            "score": 0.9729566919816699
        },
        "test": {
            "0": {
                "precision": 0.9733308114242482,
                "recall": 0.9716767371601208,
                "f1-score": 0.9725030709628649,
                "support": 42368
            },
            "1": {
                "precision": 0.9767507546736809,
                "recall": 0.9765094156474471,
                "f1-score": 0.9766300702509972,
                "support": 56661
            },
            "2": {
                "precision": 0.9666805497709288,
                "recall": 0.9737099706334779,
                "f1-score": 0.9701825275184618,
                "support": 7151
            },
            "3": {
                "precision": 0.9226415094339623,
                "recall": 0.8907103825136612,
                "f1-score": 0.9063948100092679,
                "support": 549
            },
            "4": {
                "precision": 0.9009287925696594,
                "recall": 0.919431279620853,
                "f1-score": 0.910086004691165,
                "support": 1899
            },
            "5": {
                "precision": 0.9470823798627003,
                "recall": 0.9533544486035128,
                "f1-score": 0.9502080642846894,
                "support": 3473
            },
            "6": {
                "precision": 0.9733691668702663,
                "recall": 0.9712335446123842,
                "f1-score": 0.972300183038438,
                "support": 4102
            },
            "accuracy": 0.9723587170727089,
            "macro avg": {
                "precision": 0.9515405663722065,
                "recall": 0.950946539827351,
                "f1-score": 0.9511863901079834,
                "support": 116203
            },
            "weighted avg": {
                "precision": 0.9723833148363975,
                "recall": 0.9723587170727089,
                "f1-score": 0.9723667530702216,
                "support": 116203
            },
            "score": 0.9723587170727089
        }
    }
}
