{
    "program": "bin/ensemble.py",
    "single_program": "/slot/sandbox/d/in/script/0_script_unpacked/pretrains/bin/pretrain_ae_supervised___4b67cff011c8479cba85f8ec6cdc62b9.py",
    "config": {
        "seeds": [
            "10",
            "11",
            "12",
            "13",
            "14"
        ]
    },
    "prediction_type": "probs",
    "metrics": {
        "train": {
            "0": {
                "precision": 0.9977194982896237,
                "recall": 0.9977194982896237,
                "f1-score": 0.9977194982896237,
                "support": 1754
            },
            "1": {
                "precision": 1.0,
                "recall": 0.9984326018808778,
                "f1-score": 0.9992156862745099,
                "support": 638
            },
            "2": {
                "precision": 1.0,
                "recall": 0.9977645305514158,
                "f1-score": 0.9988810145468109,
                "support": 1342
            },
            "3": {
                "precision": 1.0,
                "recall": 1.0,
                "f1-score": 1.0,
                "support": 696
            },
            "4": {
                "precision": 0.9978858350951374,
                "recall": 1.0,
                "f1-score": 0.9989417989417989,
                "support": 1888
            },
            "accuracy": 0.9987337765115543,
            "macro avg": {
                "precision": 0.9991210666769522,
                "recall": 0.9987833261443836,
                "f1-score": 0.9989515996105487,
                "support": 6318
            },
            "weighted avg": {
                "precision": 0.9987351150141848,
                "recall": 0.9987337765115543,
                "f1-score": 0.9987337837554723,
                "support": 6318
            },
            "score": 0.9987337765115543
        },
        "val": {
            "0": {
                "precision": 0.7780040733197556,
                "recall": 0.8701594533029613,
                "f1-score": 0.8215053763440862,
                "support": 439
            },
            "1": {
                "precision": 0.7241379310344828,
                "recall": 0.65625,
                "f1-score": 0.6885245901639345,
                "support": 160
            },
            "2": {
                "precision": 0.7368421052631579,
                "recall": 0.7104477611940299,
                "f1-score": 0.7234042553191489,
                "support": 335
            },
            "3": {
                "precision": 0.7089552238805971,
                "recall": 0.5459770114942529,
                "f1-score": 0.6168831168831169,
                "support": 174
            },
            "4": {
                "precision": 0.7535934291581109,
                "recall": 0.777542372881356,
                "f1-score": 0.7653806047966633,
                "support": 472
            },
            "accuracy": 0.7512658227848101,
            "macro avg": {
                "precision": 0.7403065525312209,
                "recall": 0.71207531977452,
                "f1-score": 0.72313958870139,
                "support": 1580
            },
            "weighted avg": {
                "precision": 0.7489254872999368,
                "recall": 0.7512658227848101,
                "f1-score": 0.7479383088448643,
                "support": 1580
            },
            "score": 0.7512658227848101
        },
        "test": {
            "0": {
                "precision": 0.7905405405405406,
                "recall": 0.8540145985401459,
                "f1-score": 0.8210526315789474,
                "support": 548
            },
            "1": {
                "precision": 0.7368421052631579,
                "recall": 0.63,
                "f1-score": 0.6792452830188679,
                "support": 200
            },
            "2": {
                "precision": 0.7042606516290727,
                "recall": 0.669047619047619,
                "f1-score": 0.6862026862026862,
                "support": 420
            },
            "3": {
                "precision": 0.6853932584269663,
                "recall": 0.5622119815668203,
                "f1-score": 0.6177215189873417,
                "support": 217
            },
            "4": {
                "precision": 0.7291338582677165,
                "recall": 0.7847457627118644,
                "f1-score": 0.7559183673469386,
                "support": 590
            },
            "accuracy": 0.739240506329114,
            "macro avg": {
                "precision": 0.7292340828254907,
                "recall": 0.7000039923732899,
                "f1-score": 0.7120280974269563,
                "support": 1975
            },
            "weighted avg": {
                "precision": 0.7368574300808419,
                "recall": 0.739240506329114,
                "f1-score": 0.736216928237525,
                "support": 1975
            },
            "score": 0.739240506329114
        }
    }
}
