{
    "program": "bin/ensemble.py",
    "single_program": "/slot/sandbox/d/in/script/0_script_unpacked/pretrains/bin/archive/xgboost____744b677dbc8440218cbffbe17cf45f71.py",
    "config": {
        "seeds": [
            "0",
            "1",
            "2",
            "3",
            "4"
        ]
    },
    "prediction_type": "probs",
    "metrics": {
        "train": {
            "0": {
                "precision": 0.0,
                "recall": 0.0,
                "f1-score": 0.0,
                "support": 5096
            },
            "1": {
                "precision": 0.20375,
                "recall": 1.0,
                "f1-score": 0.33852544132917967,
                "support": 1304
            },
            "accuracy": 0.20375,
            "macro avg": {
                "precision": 0.101875,
                "recall": 0.5,
                "f1-score": 0.16926272066458983,
                "support": 6400
            },
            "weighted avg": {
                "precision": 0.0415140625,
                "recall": 0.20375,
                "f1-score": 0.06897455867082035,
                "support": 6400
            },
            "roc_auc": 0.906943133553563,
            "score": 0.906943133553563
        },
        "val": {
            "0": {
                "precision": 0.0,
                "recall": 0.0,
                "f1-score": 0.0,
                "support": 1274
            },
            "1": {
                "precision": 0.20375,
                "recall": 1.0,
                "f1-score": 0.33852544132917967,
                "support": 326
            },
            "accuracy": 0.20375,
            "macro avg": {
                "precision": 0.101875,
                "recall": 0.5,
                "f1-score": 0.16926272066458983,
                "support": 1600
            },
            "weighted avg": {
                "precision": 0.0415140625,
                "recall": 0.20375,
                "f1-score": 0.06897455867082035,
                "support": 1600
            },
            "roc_auc": 0.8693646406179272,
            "score": 0.8693646406179272
        },
        "test": {
            "0": {
                "precision": 0.0,
                "recall": 0.0,
                "f1-score": 0.0,
                "support": 1593
            },
            "1": {
                "precision": 0.2035,
                "recall": 1.0,
                "f1-score": 0.3381803074366431,
                "support": 407
            },
            "accuracy": 0.2035,
            "macro avg": {
                "precision": 0.10175,
                "recall": 0.5,
                "f1-score": 0.16909015371832156,
                "support": 2000
            },
            "weighted avg": {
                "precision": 0.04141225,
                "recall": 0.2035,
                "f1-score": 0.06881969256335688,
                "support": 2000
            },
            "roc_auc": 0.8598567751110123,
            "score": 0.8598567751110123
        }
    }
}
