{
    "program": "bin/ensemble.py",
    "single_program": "/slot/sandbox/d/in/script/0_script_unpacked/pretrains/bin/pretrain_mask_fast___0dcd2fe0ecbe4394892c91e21eed73d2.py",
    "config": {
        "seeds": [
            "5",
            "6",
            "7",
            "8",
            "9"
        ]
    },
    "prediction_type": "probs",
    "metrics": {
        "train": {
            "0": {
                "precision": 0.997895793802559,
                "recall": 0.996902152266592,
                "f1-score": 0.997398725560012,
                "support": 135578
            },
            "1": {
                "precision": 0.9980360354396302,
                "recall": 0.9977828273914578,
                "f1-score": 0.9979094153533861,
                "support": 181312
            },
            "2": {
                "precision": 0.998339015648221,
                "recall": 0.9981644961104799,
                "f1-score": 0.9982517482517482,
                "support": 22882
            },
            "3": {
                "precision": 0.994895065229722,
                "recall": 0.9971574758385446,
                "f1-score": 0.9960249858035206,
                "support": 1759
            },
            "4": {
                "precision": 0.9829628427713776,
                "recall": 0.997201646090535,
                "f1-score": 0.9900310508252983,
                "support": 6075
            },
            "5": {
                "precision": 0.9965885627076039,
                "recall": 0.998740440845704,
                "f1-score": 0.9976633414217669,
                "support": 11115
            },
            "6": {
                "precision": 0.9934065934065934,
                "recall": 0.9986286759104068,
                "f1-score": 0.996010789863607,
                "support": 13126
            },
            "accuracy": 0.9975312426885251,
            "macro avg": {
                "precision": 0.9945891298579582,
                "recall": 0.9977968163505314,
                "f1-score": 0.996184293868477,
                "support": 371847
            },
            "weighted avg": {
                "precision": 0.9975357484529425,
                "recall": 0.9975312426885251,
                "f1-score": 0.9975322782904518,
                "support": 371847
            },
            "score": 0.9975312426885251
        },
        "val": {
            "0": {
                "precision": 0.9746947704496408,
                "recall": 0.9727680415412757,
                "f1-score": 0.9737304528875829,
                "support": 33894
            },
            "1": {
                "precision": 0.9785326206987941,
                "recall": 0.9774532297917402,
                "f1-score": 0.9779926274198176,
                "support": 45328
            },
            "2": {
                "precision": 0.9675459909753558,
                "recall": 0.9744799860164307,
                "f1-score": 0.9710006095967953,
                "support": 5721
            },
            "3": {
                "precision": 0.9252336448598131,
                "recall": 0.9020501138952164,
                "f1-score": 0.9134948096885813,
                "support": 439
            },
            "4": {
                "precision": 0.9069767441860465,
                "recall": 0.924292297564187,
                "f1-score": 0.9155526573198565,
                "support": 1519
            },
            "5": {
                "precision": 0.9465621660135376,
                "recall": 0.9560993163008277,
                "f1-score": 0.9513068385248837,
                "support": 2779
            },
            "6": {
                "precision": 0.9685990338164251,
                "recall": 0.9774527726995734,
                "f1-score": 0.9730057628146799,
                "support": 3282
            },
            "accuracy": 0.9736989307458962,
            "macro avg": {
                "precision": 0.9525921387142304,
                "recall": 0.9549422511156073,
                "f1-score": 0.9537262511788853,
                "support": 92962
            },
            "weighted avg": {
                "precision": 0.9737298608880431,
                "recall": 0.9736989307458962,
                "f1-score": 0.9737096835169327,
                "support": 92962
            },
            "score": 0.9736989307458962
        },
        "test": {
            "0": {
                "precision": 0.9744549763033176,
                "recall": 0.9705910120845922,
                "f1-score": 0.9725191561820076,
                "support": 42368
            },
            "1": {
                "precision": 0.9765062791025821,
                "recall": 0.9771094756534477,
                "f1-score": 0.976807784256817,
                "support": 56661
            },
            "2": {
                "precision": 0.9668147736739795,
                "recall": 0.9737099706334779,
                "f1-score": 0.9702501219257298,
                "support": 7151
            },
            "3": {
                "precision": 0.9257142857142857,
                "recall": 0.8852459016393442,
                "f1-score": 0.9050279329608938,
                "support": 549
            },
            "4": {
                "precision": 0.9008822003113648,
                "recall": 0.9141653501843076,
                "f1-score": 0.9074751698902247,
                "support": 1899
            },
            "5": {
                "precision": 0.9432401597261837,
                "recall": 0.952202706593723,
                "f1-score": 0.9477002435879066,
                "support": 3473
            },
            "6": {
                "precision": 0.9662406558958283,
                "recall": 0.976840565577767,
                "f1-score": 0.9715116983876834,
                "support": 4102
            },
            "accuracy": 0.9723070832938908,
            "macro avg": {
                "precision": 0.9505504758182203,
                "recall": 0.9499807117666658,
                "f1-score": 0.950184586741609,
                "support": 116203
            },
            "weighted avg": {
                "precision": 0.9723295254791627,
                "recall": 0.9723070832938908,
                "f1-score": 0.9723115213064193,
                "support": 116203
            },
            "score": 0.9723070832938908
        }
    }
}
