{
    "program": "bin/ensemble.py",
    "single_program": "/slot/sandbox/d/in/script/0_script_unpacked/pretrains/bin/pretrain_mask___b70e305d68e54bb382c58a04a4d13e50.py",
    "config": {
        "seeds": [
            "5",
            "6",
            "7",
            "8",
            "9"
        ]
    },
    "prediction_type": null,
    "metrics": {
        "train": {
            "rmse": 4.088741156994498,
            "score": -4.088741156994498
        },
        "val": {
            "rmse": 5.337534926972909,
            "score": -5.337534926972909
        },
        "test": {
            "rmse": 5.574584439839338,
            "score": -5.574584439839338
        }
    }
}
