{
    "program": "bin/ensemble.py",
    "single_program": "/slot/sandbox/d/in/script/0_script_unpacked/pretrains/bin/pretrain_ae_supervised___ef269d6e211b44cdb0602e251a3c0589.py",
    "config": {
        "seeds": [
            "10",
            "11",
            "12",
            "13",
            "14"
        ]
    },
    "prediction_type": "probs",
    "metrics": {
        "train": {
            "0": {
                "precision": 0.9134078212290503,
                "recall": 0.794331983805668,
                "f1-score": 0.8497184928540493,
                "support": 1235
            },
            "1": {
                "precision": 0.7996063696546788,
                "recall": 0.8662531498352394,
                "f1-score": 0.8315965761071827,
                "support": 10318
            },
            "2": {
                "precision": 0.6837033933808128,
                "recall": 0.6372510737992971,
                "f1-score": 0.6596604688763136,
                "support": 5122
            },
            "3": {
                "precision": 0.8507235338918507,
                "recall": 0.648664343786295,
                "f1-score": 0.7360790774299836,
                "support": 1722
            },
            "4": {
                "precision": 0.9796380090497737,
                "recall": 0.9880205362236166,
                "f1-score": 0.9838114172110195,
                "support": 1753
            },
            "5": {
                "precision": 0.9760591350397175,
                "recall": 0.9780013265531726,
                "f1-score": 0.9770292655991164,
                "support": 9046
            },
            "6": {
                "precision": 0.8625069022639426,
                "recall": 0.8596587782058338,
                "f1-score": 0.8610804851157663,
                "support": 1817
            },
            "7": {
                "precision": 0.9660391288298265,
                "recall": 0.9662174635407051,
                "f1-score": 0.966128287955699,
                "support": 5417
            },
            "8": {
                "precision": 0.9312714776632303,
                "recall": 0.9400819930621255,
                "f1-score": 0.935655994978029,
                "support": 3171
            },
            "accuracy": 0.8751294159238403,
            "macro avg": {
                "precision": 0.8847728634447649,
                "recall": 0.8531645165346614,
                "f1-score": 0.8667511184585732,
                "support": 39601
            },
            "weighted avg": {
                "precision": 0.8748586932390984,
                "recall": 0.8751294159238403,
                "f1-score": 0.8738167822083986,
                "support": 39601
            },
            "logloss": 0.31103301641577225,
            "score": -0.31103301641577225
        },
        "val": {
            "0": {
                "precision": 0.7231404958677686,
                "recall": 0.5681818181818182,
                "f1-score": 0.6363636363636364,
                "support": 308
            },
            "1": {
                "precision": 0.7630450321658327,
                "recall": 0.8275193798449613,
                "f1-score": 0.7939754555596876,
                "support": 2580
            },
            "2": {
                "precision": 0.6144380639868745,
                "recall": 0.5846994535519126,
                "f1-score": 0.5992000000000001,
                "support": 1281
            },
            "3": {
                "precision": 0.75,
                "recall": 0.54292343387471,
                "f1-score": 0.629878869448183,
                "support": 431
            },
            "4": {
                "precision": 0.976905311778291,
                "recall": 0.9657534246575342,
                "f1-score": 0.9712973593570609,
                "support": 438
            },
            "5": {
                "precision": 0.948604342046965,
                "recall": 0.9465075154730327,
                "f1-score": 0.9475547687541491,
                "support": 2262
            },
            "6": {
                "precision": 0.7456140350877193,
                "recall": 0.748898678414097,
                "f1-score": 0.7472527472527473,
                "support": 454
            },
            "7": {
                "precision": 0.9293598233995585,
                "recall": 0.9327917282127031,
                "f1-score": 0.9310726133431625,
                "support": 1354
            },
            "8": {
                "precision": 0.8593939393939394,
                "recall": 0.8940731399747793,
                "f1-score": 0.8763906056860321,
                "support": 793
            },
            "accuracy": 0.825068174931825,
            "macro avg": {
                "precision": 0.8122778937474389,
                "recall": 0.7790387302428388,
                "f1-score": 0.7925540061960732,
                "support": 9901
            },
            "weighted avg": {
                "precision": 0.823524647076422,
                "recall": 0.825068174931825,
                "f1-score": 0.8228673481895619,
                "support": 9901
            },
            "logloss": 0.4476847634339152,
            "score": -0.4476847634339152
        },
        "test": {
            "0": {
                "precision": 0.7363013698630136,
                "recall": 0.5569948186528497,
                "f1-score": 0.6342182890855457,
                "support": 386
            },
            "1": {
                "precision": 0.7689437428243399,
                "recall": 0.830955334987593,
                "f1-score": 0.798747763864043,
                "support": 3224
            },
            "2": {
                "precision": 0.6113333333333333,
                "recall": 0.5727670206121174,
                "f1-score": 0.5914221218961624,
                "support": 1601
            },
            "3": {
                "precision": 0.7299270072992701,
                "recall": 0.5576208178438662,
                "f1-score": 0.6322444678609063,
                "support": 538
            },
            "4": {
                "precision": 0.9744058500914077,
                "recall": 0.9726277372262774,
                "f1-score": 0.9735159817351599,
                "support": 548
            },
            "5": {
                "precision": 0.9492600422832981,
                "recall": 0.9529536611248673,
                "f1-score": 0.9511032656663725,
                "support": 2827
            },
            "6": {
                "precision": 0.7463503649635036,
                "recall": 0.7200704225352113,
                "f1-score": 0.7329749103942651,
                "support": 568
            },
            "7": {
                "precision": 0.9242865463016889,
                "recall": 0.9373892498523332,
                "f1-score": 0.9307917888563049,
                "support": 1693
            },
            "8": {
                "precision": 0.8594802694898941,
                "recall": 0.9011099899091827,
                "f1-score": 0.8798029556650246,
                "support": 991
            },
            "accuracy": 0.8263574660633484,
            "macro avg": {
                "precision": 0.8111431696055278,
                "recall": 0.778054339193811,
                "f1-score": 0.7916468383359759,
                "support": 12376
            },
            "weighted avg": {
                "precision": 0.8235903341034225,
                "recall": 0.8263574660633484,
                "f1-score": 0.8236333272366699,
                "support": 12376
            },
            "logloss": 0.44306673881181774,
            "score": -0.44306673881181774
        }
    }
}
