{
    "program": "bin/ensemble.py",
    "single_program": "/slot/sandbox/d/in/script/0_script_unpacked/pretrains/bin/finetune___05466d40af6f4c1b98b91333f496e20c.py",
    "config": {
        "seeds": [
            "5",
            "6",
            "7",
            "8",
            "9"
        ]
    },
    "prediction_type": null,
    "metrics": {
        "train": {
            "rmse": 2.0107736585197227,
            "score": -2.0107736585197227
        },
        "val": {
            "rmse": 5.002071230104558,
            "score": -5.002071230104558
        },
        "test": {
            "rmse": 5.286139455823399,
            "score": -5.286139455823399
        }
    }
}
