{
    "program": "bin/ensemble.py",
    "single_program": "/slot/sandbox/d/in/script/0_script_unpacked/pretrains/bin/finetune___019739d69a2d47cbbc6df38a604610dc.py",
    "config": {
        "seeds": [
            "5",
            "6",
            "7",
            "8",
            "9"
        ]
    },
    "prediction_type": "probs",
    "metrics": {
        "train": {
            "0": {
                "precision": 0.9891969273227713,
                "recall": 0.988751862396554,
                "f1-score": 0.9889743447868827,
                "support": 135578
            },
            "1": {
                "precision": 0.9917310664605873,
                "recall": 0.9908996646664313,
                "f1-score": 0.991315191242358,
                "support": 181312
            },
            "2": {
                "precision": 0.9969330529267437,
                "recall": 0.9944060833843196,
                "f1-score": 0.9956679648186233,
                "support": 22882
            },
            "3": {
                "precision": 0.9898190045248869,
                "recall": 0.9948834565093804,
                "f1-score": 0.9923447689254324,
                "support": 1759
            },
            "4": {
                "precision": 0.9593574297188755,
                "recall": 0.9830452674897119,
                "f1-score": 0.9710569105691058,
                "support": 6075
            },
            "5": {
                "precision": 0.9896252571326357,
                "recall": 0.9955015744489428,
                "f1-score": 0.9925547183351274,
                "support": 11115
            },
            "6": {
                "precision": 0.9854236258730641,
                "recall": 0.9888770379399665,
                "f1-score": 0.9871473115826298,
                "support": 13126
            },
            "accuracy": 0.9902890167192421,
            "macro avg": {
                "precision": 0.9860123377085092,
                "recall": 0.9909092781193295,
                "f1-score": 0.9884373157514513,
                "support": 371847
            },
            "weighted avg": {
                "precision": 0.9903036719739005,
                "recall": 0.9902890167192421,
                "f1-score": 0.9902933855306236,
                "support": 371847
            },
            "score": 0.9902890167192421
        },
        "val": {
            "0": {
                "precision": 0.967766692248657,
                "recall": 0.9673098483507405,
                "f1-score": 0.9675382163725432,
                "support": 33894
            },
            "1": {
                "precision": 0.9741272646928856,
                "recall": 0.9726659018708084,
                "f1-score": 0.9733960347948957,
                "support": 45328
            },
            "2": {
                "precision": 0.9737945492662474,
                "recall": 0.9743051914001049,
                "f1-score": 0.9740498034076015,
                "support": 5721
            },
            "3": {
                "precision": 0.9241379310344827,
                "recall": 0.9157175398633257,
                "f1-score": 0.9199084668192219,
                "support": 439
            },
            "4": {
                "precision": 0.885970531710442,
                "recall": 0.9104674127715603,
                "f1-score": 0.898051948051948,
                "support": 1519
            },
            "5": {
                "precision": 0.9456289978678039,
                "recall": 0.9575386829794891,
                "f1-score": 0.9515465760772394,
                "support": 2779
            },
            "6": {
                "precision": 0.9641337386018237,
                "recall": 0.9664838513101767,
                "f1-score": 0.9653073645769933,
                "support": 3282
            },
            "accuracy": 0.9688582431531163,
            "macro avg": {
                "precision": 0.9479371007746202,
                "recall": 0.9520697755066009,
                "f1-score": 0.9499712014429205,
                "support": 92962
            },
            "weighted avg": {
                "precision": 0.968906426733347,
                "recall": 0.9688582431531163,
                "f1-score": 0.9688780590746089,
                "support": 92962
            },
            "score": 0.9688582431531163
        },
        "test": {
            "0": {
                "precision": 0.9690228837825686,
                "recall": 0.9664841389728097,
                "f1-score": 0.9677518463810931,
                "support": 42368
            },
            "1": {
                "precision": 0.9725686665373013,
                "recall": 0.9730149485536789,
                "f1-score": 0.9727917563609416,
                "support": 56661
            },
            "2": {
                "precision": 0.9685973482205164,
                "recall": 0.970493637253531,
                "f1-score": 0.9695445655210952,
                "support": 7151
            },
            "3": {
                "precision": 0.9139194139194139,
                "recall": 0.9089253187613844,
                "f1-score": 0.9114155251141554,
                "support": 549
            },
            "4": {
                "precision": 0.8848547717842323,
                "recall": 0.8983675618746709,
                "f1-score": 0.8915599686438463,
                "support": 1899
            },
            "5": {
                "precision": 0.9462242562929062,
                "recall": 0.9524906420961704,
                "f1-score": 0.9493471086239059,
                "support": 3473
            },
            "6": {
                "precision": 0.9667798254122212,
                "recall": 0.9719648951730863,
                "f1-score": 0.9693654266958425,
                "support": 4102
            },
            "accuracy": 0.9683054654354879,
            "macro avg": {
                "precision": 0.9459953094213086,
                "recall": 0.9488201632407617,
                "f1-score": 0.9473965996201257,
                "support": 116203
            },
            "weighted avg": {
                "precision": 0.968329243201131,
                "recall": 0.9683054654354879,
                "f1-score": 0.9683152424204393,
                "support": 116203
            },
            "score": 0.9683054654354879
        }
    }
}
