{
    "program": "bin/ensemble.py",
    "single_program": "/slot/sandbox/d/in/script/0_script_unpacked/pretrains/bin/pretrain_mask___aadb22e2ec7a4a94aa75d9eff954f219.py",
    "config": {
        "seeds": [
            "0",
            "1",
            "2",
            "3",
            "4"
        ]
    },
    "prediction_type": "probs",
    "metrics": {
        "train": {
            "0": {
                "precision": 0.8741007194244604,
                "recall": 0.7870445344129555,
                "f1-score": 0.828291435875586,
                "support": 1235
            },
            "1": {
                "precision": 0.8181899162658115,
                "recall": 0.8901918976545842,
                "f1-score": 0.8526735982176012,
                "support": 10318
            },
            "2": {
                "precision": 0.7353128313891835,
                "recall": 0.6768840296759079,
                "f1-score": 0.7048897021449628,
                "support": 5122
            },
            "3": {
                "precision": 0.8440575321725965,
                "recall": 0.6475029036004646,
                "f1-score": 0.7328294446270129,
                "support": 1722
            },
            "4": {
                "precision": 0.9822958309537407,
                "recall": 0.9811751283513976,
                "f1-score": 0.9817351598173516,
                "support": 1753
            },
            "5": {
                "precision": 0.9689215901603339,
                "recall": 0.9753482202078266,
                "f1-score": 0.9721242838254739,
                "support": 9046
            },
            "6": {
                "precision": 0.8540601930721181,
                "recall": 0.8277380297193175,
                "f1-score": 0.8406931246506428,
                "support": 1817
            },
            "7": {
                "precision": 0.9542459736456809,
                "recall": 0.9625253830533506,
                "f1-score": 0.9583677970774745,
                "support": 5417
            },
            "8": {
                "precision": 0.9338632750397456,
                "recall": 0.9262062440870388,
                "f1-score": 0.9300189993666877,
                "support": 3171
            },
            "accuracy": 0.8822251963334259,
            "macro avg": {
                "precision": 0.8850053180137412,
                "recall": 0.8527351523069826,
                "f1-score": 0.8668470606225326,
                "support": 39601
            },
            "weighted avg": {
                "precision": 0.8815541246117642,
                "recall": 0.8822251963334259,
                "f1-score": 0.8806881009480946,
                "support": 39601
            },
            "logloss": 0.3210647312368809,
            "score": -0.3210647312368809
        },
        "val": {
            "0": {
                "precision": 0.6680327868852459,
                "recall": 0.5292207792207793,
                "f1-score": 0.5905797101449276,
                "support": 308
            },
            "1": {
                "precision": 0.7609909281228192,
                "recall": 0.8453488372093023,
                "f1-score": 0.8009548292324642,
                "support": 2580
            },
            "2": {
                "precision": 0.6407766990291263,
                "recall": 0.5667447306791569,
                "f1-score": 0.6014913007456504,
                "support": 1281
            },
            "3": {
                "precision": 0.7350157728706624,
                "recall": 0.5406032482598608,
                "f1-score": 0.622994652406417,
                "support": 431
            },
            "4": {
                "precision": 0.9722863741339491,
                "recall": 0.9611872146118722,
                "f1-score": 0.9667049368541907,
                "support": 438
            },
            "5": {
                "precision": 0.9382988100484795,
                "recall": 0.9412024756852343,
                "f1-score": 0.9397483999117192,
                "support": 2262
            },
            "6": {
                "precision": 0.7096069868995634,
                "recall": 0.7158590308370044,
                "f1-score": 0.7127192982456141,
                "support": 454
            },
            "7": {
                "precision": 0.9175108538350217,
                "recall": 0.9364844903988183,
                "f1-score": 0.9269005847953217,
                "support": 1354
            },
            "8": {
                "precision": 0.8648310387984981,
                "recall": 0.8713745271122321,
                "f1-score": 0.8680904522613065,
                "support": 793
            },
            "accuracy": 0.8218361781638218,
            "macro avg": {
                "precision": 0.8008166945137074,
                "recall": 0.7675583704460289,
                "f1-score": 0.781131573844179,
                "support": 9901
            },
            "weighted avg": {
                "precision": 0.8186358008881583,
                "recall": 0.8218361781638218,
                "f1-score": 0.8184531245721416,
                "support": 9901
            },
            "logloss": 0.4581340997163736,
            "score": -0.4581340997163736
        },
        "test": {
            "0": {
                "precision": 0.6762820512820513,
                "recall": 0.5466321243523317,
                "f1-score": 0.6045845272206305,
                "support": 386
            },
            "1": {
                "precision": 0.7636208853575482,
                "recall": 0.8346774193548387,
                "f1-score": 0.7975696502667456,
                "support": 3224
            },
            "2": {
                "precision": 0.6126564673157163,
                "recall": 0.5502810743285447,
                "f1-score": 0.5797959855215532,
                "support": 1601
            },
            "3": {
                "precision": 0.715962441314554,
                "recall": 0.5669144981412639,
                "f1-score": 0.6327800829875518,
                "support": 538
            },
            "4": {
                "precision": 0.9725274725274725,
                "recall": 0.968978102189781,
                "f1-score": 0.9707495429616088,
                "support": 548
            },
            "5": {
                "precision": 0.943217665615142,
                "recall": 0.9518924655111426,
                "f1-score": 0.9475352112676056,
                "support": 2827
            },
            "6": {
                "precision": 0.7462962962962963,
                "recall": 0.7095070422535211,
                "f1-score": 0.7274368231046932,
                "support": 568
            },
            "7": {
                "precision": 0.908881199538639,
                "recall": 0.9308919078558772,
                "f1-score": 0.9197548876568429,
                "support": 1693
            },
            "8": {
                "precision": 0.8624127617148555,
                "recall": 0.8728557013118062,
                "f1-score": 0.8676028084252758,
                "support": 991
            },
            "accuracy": 0.820458952811894,
            "macro avg": {
                "precision": 0.8002063601069195,
                "recall": 0.7702922594776785,
                "f1-score": 0.7830899466013898,
                "support": 12376
            },
            "weighted avg": {
                "precision": 0.816557370184308,
                "recall": 0.820458952811894,
                "f1-score": 0.8172430149246036,
                "support": 12376
            },
            "logloss": 0.4580325327195457,
            "score": -0.4580325327195457
        }
    }
}
