{
    "program": "bin/ensemble.py",
    "single_program": "/slot/sandbox/d/in/script/0_script_unpacked/pretrains/bin/pretrain_ae_supervised___05326fd5ee7b4d9ead8ed625dc2410b3.py",
    "config": {
        "seeds": [
            "10",
            "11",
            "12",
            "13",
            "14"
        ]
    },
    "prediction_type": null,
    "metrics": {
        "train": {
            "rmse": 3.4324457155458266,
            "score": -3.4324457155458266
        },
        "val": {
            "rmse": 5.12384617466974,
            "score": -5.12384617466974
        },
        "test": {
            "rmse": 5.421747232975257,
            "score": -5.421747232975257
        }
    }
}
