{
    "program": "bin/ensemble.py",
    "single_program": "/slot/sandbox/d/in/script/0_script_unpacked/pretrains/bin/pretrain_mask_fast___dbb056abbcc64b4f898148228348f545.py",
    "config": {
        "seeds": [
            "0",
            "1",
            "2",
            "3",
            "4"
        ]
    },
    "prediction_type": null,
    "metrics": {
        "train": {
            "rmse": 1.647899669781187,
            "score": -1.647899669781187
        },
        "val": {
            "rmse": 1.8526294452348842,
            "score": -1.8526294452348842
        },
        "test": {
            "rmse": 1.8545445949479151,
            "score": -1.8545445949479151
        }
    }
}
