{
    "program": "bin/ensemble.py",
    "single_program": "/slot/sandbox/d/in/script/0_script_unpacked/pretrains/bin/pretrain_ae___3b199548af6547d3858592c5a905797c.py",
    "config": {
        "seeds": [
            "10",
            "11",
            "12",
            "13",
            "14"
        ]
    },
    "prediction_type": "probs",
    "metrics": {
        "train": {
            "0": {
                "precision": 0.8951997068523269,
                "recall": 0.9587912087912088,
                "f1-score": 0.9259048701913966,
                "support": 5096
            },
            "1": {
                "precision": 0.7770700636942676,
                "recall": 0.5613496932515337,
                "f1-score": 0.6518254674977739,
                "support": 1304
            },
            "accuracy": 0.8778125,
            "macro avg": {
                "precision": 0.8361348852732973,
                "recall": 0.7600704510213713,
                "f1-score": 0.7888651688445852,
                "support": 6400
            },
            "weighted avg": {
                "precision": 0.8711307920588722,
                "recall": 0.8778125,
                "f1-score": 0.8700611918925709,
                "support": 6400
            },
            "roc_auc": 0.9016298119058855,
            "score": 0.9016298119058855
        },
        "val": {
            "0": {
                "precision": 0.8840262582056893,
                "recall": 0.9513343799058085,
                "f1-score": 0.9164461247637051,
                "support": 1274
            },
            "1": {
                "precision": 0.7292576419213974,
                "recall": 0.5122699386503068,
                "f1-score": 0.6018018018018019,
                "support": 326
            },
            "accuracy": 0.861875,
            "macro avg": {
                "precision": 0.8066419500635433,
                "recall": 0.7318021592780577,
                "f1-score": 0.7591239632827536,
                "support": 1600
            },
            "weighted avg": {
                "precision": 0.8524921526377648,
                "recall": 0.861875,
                "f1-score": 0.8523373439602173,
                "support": 1600
            },
            "roc_auc": 0.8768720324373261,
            "score": 0.8768720324373261
        },
        "test": {
            "0": {
                "precision": 0.8797909407665505,
                "recall": 0.9510357815442562,
                "f1-score": 0.9140271493212669,
                "support": 1593
            },
            "1": {
                "precision": 0.7194244604316546,
                "recall": 0.4914004914004914,
                "f1-score": 0.583941605839416,
                "support": 407
            },
            "accuracy": 0.8575,
            "macro avg": {
                "precision": 0.7996077005991026,
                "recall": 0.7212181364723738,
                "f1-score": 0.7489843775803415,
                "support": 2000
            },
            "weighted avg": {
                "precision": 0.8471563620183993,
                "recall": 0.8575,
                "f1-score": 0.8468547412227103,
                "support": 2000
            },
            "roc_auc": 0.859716419038453,
            "score": 0.859716419038453
        }
    }
}
