{
    "program": "bin/ensemble.py",
    "single_program": "/slot/sandbox/d/in/script/0_script_unpacked/pretrains/bin/pretrain_mask___5d05b070fa82407d9a53cee3dca54d05.py",
    "config": {
        "seeds": [
            "5",
            "6",
            "7",
            "8",
            "9"
        ]
    },
    "prediction_type": null,
    "metrics": {
        "train": {
            "rmse": 0.29249557520517844,
            "score": -0.29249557520517844
        },
        "val": {
            "rmse": 0.4154958301630255,
            "score": -0.4154958301630255
        },
        "test": {
            "rmse": 0.4063638532510575,
            "score": -0.4063638532510575
        }
    }
}
