{
    "program": "bin/ensemble.py",
    "single_program": "/slot/sandbox/d/in/script/0_script_unpacked/pretrains/bin/pretrain_ae_supervised___33fcd1a48f614a41a271e3899341af2d.py",
    "config": {
        "seeds": [
            "10",
            "11",
            "12",
            "13",
            "14"
        ]
    },
    "prediction_type": "probs",
    "metrics": {
        "train": {
            "0": {
                "precision": 0.9787472035794184,
                "recall": 0.9977194982896237,
                "f1-score": 0.9881422924901185,
                "support": 1754
            },
            "1": {
                "precision": 0.9968051118210862,
                "recall": 0.9780564263322884,
                "f1-score": 0.9873417721518987,
                "support": 638
            },
            "2": {
                "precision": 0.9992469879518072,
                "recall": 0.988822652757079,
                "f1-score": 0.9940074906367042,
                "support": 1342
            },
            "3": {
                "precision": 1.0,
                "recall": 0.9942528735632183,
                "f1-score": 0.9971181556195965,
                "support": 696
            },
            "4": {
                "precision": 0.9984076433121019,
                "recall": 0.996292372881356,
                "f1-score": 0.9973488865323435,
                "support": 1888
            },
            "accuracy": 0.9930357708135485,
            "macro avg": {
                "precision": 0.9946413893328827,
                "recall": 0.9910287647647131,
                "f1-score": 0.9927917194861322,
                "support": 6318
            },
            "weighted avg": {
                "precision": 0.9931413967750437,
                "recall": 0.9930357708135485,
                "f1-score": 0.9930472646690949,
                "support": 6318
            },
            "score": 0.9930357708135485
        },
        "val": {
            "0": {
                "precision": 0.7520161290322581,
                "recall": 0.8496583143507973,
                "f1-score": 0.7978609625668449,
                "support": 439
            },
            "1": {
                "precision": 0.6985294117647058,
                "recall": 0.59375,
                "f1-score": 0.6418918918918919,
                "support": 160
            },
            "2": {
                "precision": 0.6993670886075949,
                "recall": 0.6597014925373135,
                "f1-score": 0.6789554531490015,
                "support": 335
            },
            "3": {
                "precision": 0.673202614379085,
                "recall": 0.5919540229885057,
                "f1-score": 0.6299694189602446,
                "support": 174
            },
            "4": {
                "precision": 0.7453027139874739,
                "recall": 0.7563559322033898,
                "f1-score": 0.7507886435331229,
                "support": 472
            },
            "accuracy": 0.7272151898734177,
            "macro avg": {
                "precision": 0.7136835915542237,
                "recall": 0.6902839524160013,
                "f1-score": 0.6998932740202212,
                "support": 1580
            },
            "weighted avg": {
                "precision": 0.7247518336171564,
                "recall": 0.7272151898734177,
                "f1-score": 0.7243042156463163,
                "support": 1580
            },
            "score": 0.7272151898734177
        },
        "test": {
            "0": {
                "precision": 0.7789115646258503,
                "recall": 0.8357664233576643,
                "f1-score": 0.8063380281690142,
                "support": 548
            },
            "1": {
                "precision": 0.7204968944099379,
                "recall": 0.58,
                "f1-score": 0.6426592797783932,
                "support": 200
            },
            "2": {
                "precision": 0.66,
                "recall": 0.6285714285714286,
                "f1-score": 0.6439024390243901,
                "support": 420
            },
            "3": {
                "precision": 0.6470588235294118,
                "recall": 0.5576036866359447,
                "f1-score": 0.599009900990099,
                "support": 217
            },
            "4": {
                "precision": 0.7057902973395931,
                "recall": 0.764406779661017,
                "f1-score": 0.7339300244100895,
                "support": 590
            },
            "accuracy": 0.7139240506329114,
            "macro avg": {
                "precision": 0.7024515159809587,
                "recall": 0.6732696636452109,
                "f1-score": 0.6851679344743972,
                "support": 1975
            },
            "weighted avg": {
                "precision": 0.7113776994598459,
                "recall": 0.7139240506329114,
                "f1-score": 0.7108091051642261,
                "support": 1975
            },
            "score": 0.7139240506329114
        }
    }
}
