{
    "program": "bin/ensemble.py",
    "single_program": "/slot/sandbox/d/in/script/0_script_unpacked/pretrains/bin/pretrain_mask_pretrain_es___22980f9b94c44058b2d02b830337ad6d.py",
    "config": {
        "seeds": [
            "10",
            "11",
            "12",
            "13",
            "14"
        ]
    },
    "prediction_type": null,
    "metrics": {
        "train": {
            "rmse": 1.5791274494004452,
            "score": -1.5791274494004452
        },
        "val": {
            "rmse": 1.829588971922219,
            "score": -1.829588971922219
        },
        "test": {
            "rmse": 1.8278370163313207,
            "score": -1.8278370163313207
        }
    }
}
