{
    "program": "bin/ensemble.py",
    "single_program": "/slot/sandbox/d/in/script/0_script_unpacked/pretrains/bin/pretrain_ae___80480779d29142939fba0415d6f58729.py",
    "config": {
        "seeds": [
            "10",
            "11",
            "12",
            "13",
            "14"
        ]
    },
    "prediction_type": null,
    "metrics": {
        "train": {
            "rmse": 4.031681947720274,
            "score": -4.031681947720274
        },
        "val": {
            "rmse": 5.324403902927539,
            "score": -5.324403902927539
        },
        "test": {
            "rmse": 5.561091200443763,
            "score": -5.561091200443763
        }
    }
}
