{
    "program": "bin/ensemble.py",
    "single_program": "/slot/sandbox/d/in/script/0_script_unpacked/pretrains/bin/pretrain_mask_supervised___2ce16b2742a141469a2f8b9f798dabd8.py",
    "config": {
        "seeds": [
            "0",
            "1",
            "2",
            "3",
            "4"
        ]
    },
    "prediction_type": null,
    "metrics": {
        "train": {
            "rmse": 20400.855699481817,
            "score": -20400.855699481817
        },
        "val": {
            "rmse": 27403.48884096747,
            "score": -27403.48884096747
        },
        "test": {
            "rmse": 29961.68285945369,
            "score": -29961.68285945369
        }
    }
}
