{
    "program": "bin/ensemble.py",
    "single_program": "/slot/sandbox/d/in/script/0_script_unpacked/pretrains/bin/pretrain_mask___32b69f31134f43ffa741e2e53393c23c.py",
    "config": {
        "seeds": [
            "10",
            "11",
            "12",
            "13",
            "14"
        ]
    },
    "prediction_type": "probs",
    "metrics": {
        "train": {
            "0": {
                "precision": 0.8856382978723404,
                "recall": 0.8089068825910931,
                "f1-score": 0.845535336436733,
                "support": 1235
            },
            "1": {
                "precision": 0.8172615876398508,
                "recall": 0.8920333397945338,
                "f1-score": 0.8530120481927711,
                "support": 10318
            },
            "2": {
                "precision": 0.728165705744181,
                "recall": 0.6657555642327216,
                "f1-score": 0.6955634880163182,
                "support": 5122
            },
            "3": {
                "precision": 0.8689655172413793,
                "recall": 0.6585365853658537,
                "f1-score": 0.7492566897918731,
                "support": 1722
            },
            "4": {
                "precision": 0.9863325740318907,
                "recall": 0.9880205362236166,
                "f1-score": 0.987175833570818,
                "support": 1753
            },
            "5": {
                "precision": 0.9776869546006849,
                "recall": 0.9784435109440637,
                "f1-score": 0.9780650864688657,
                "support": 9046
            },
            "6": {
                "precision": 0.8599779492833517,
                "recall": 0.8585580627407815,
                "f1-score": 0.8592674194436795,
                "support": 1817
            },
            "7": {
                "precision": 0.9678729689807977,
                "recall": 0.967694295735647,
                "f1-score": 0.9677836241115112,
                "support": 5417
            },
            "8": {
                "precision": 0.9356155778894473,
                "recall": 0.9394512771996215,
                "f1-score": 0.9375295043273013,
                "support": 3171
            },
            "accuracy": 0.8866190247721017,
            "macro avg": {
                "precision": 0.8919463481426582,
                "recall": 0.8619333394253259,
                "f1-score": 0.8747987811510968,
                "support": 39601
            },
            "weighted avg": {
                "precision": 0.8862875614896504,
                "recall": 0.8866190247721017,
                "f1-score": 0.8851616251812748,
                "support": 39601
            },
            "logloss": 0.29866468375819966,
            "score": -0.29866468375819966
        },
        "val": {
            "0": {
                "precision": 0.6851851851851852,
                "recall": 0.6006493506493507,
                "f1-score": 0.6401384083044983,
                "support": 308
            },
            "1": {
                "precision": 0.7654929577464789,
                "recall": 0.8426356589147287,
                "f1-score": 0.8022140221402213,
                "support": 2580
            },
            "2": {
                "precision": 0.6294416243654822,
                "recall": 0.5807962529274004,
                "f1-score": 0.6041412911084044,
                "support": 1281
            },
            "3": {
                "precision": 0.7903225806451613,
                "recall": 0.568445475638051,
                "f1-score": 0.6612685560053981,
                "support": 431
            },
            "4": {
                "precision": 0.9792626728110599,
                "recall": 0.9703196347031964,
                "f1-score": 0.974770642201835,
                "support": 438
            },
            "5": {
                "precision": 0.9544439481911567,
                "recall": 0.9447391688771,
                "f1-score": 0.9495667629415685,
                "support": 2262
            },
            "6": {
                "precision": 0.7488789237668162,
                "recall": 0.73568281938326,
                "f1-score": 0.7422222222222223,
                "support": 454
            },
            "7": {
                "precision": 0.9316678912564291,
                "recall": 0.9364844903988183,
                "f1-score": 0.9340699815837937,
                "support": 1354
            },
            "8": {
                "precision": 0.8669108669108669,
                "recall": 0.8953341740226987,
                "f1-score": 0.880893300248139,
                "support": 793
            },
            "accuracy": 0.8304211695788304,
            "macro avg": {
                "precision": 0.8168451834309596,
                "recall": 0.7861207806127337,
                "f1-score": 0.79880946519512,
                "support": 9901
            },
            "weighted avg": {
                "precision": 0.8291840779925762,
                "recall": 0.8304211695788304,
                "f1-score": 0.8282904897016564,
                "support": 9901
            },
            "logloss": 0.4313137899954084,
            "score": -0.4313137899954084
        },
        "test": {
            "0": {
                "precision": 0.7064220183486238,
                "recall": 0.5984455958549223,
                "f1-score": 0.6479663394109398,
                "support": 386
            },
            "1": {
                "precision": 0.774009689370191,
                "recall": 0.8424317617866005,
                "f1-score": 0.8067726125055696,
                "support": 3224
            },
            "2": {
                "precision": 0.6311864406779661,
                "recall": 0.5815115552779513,
                "f1-score": 0.6053315994798439,
                "support": 1601
            },
            "3": {
                "precision": 0.7518610421836228,
                "recall": 0.5631970260223048,
                "f1-score": 0.6439957492029755,
                "support": 538
            },
            "4": {
                "precision": 0.9761467889908257,
                "recall": 0.9708029197080292,
                "f1-score": 0.9734675205855444,
                "support": 548
            },
            "5": {
                "precision": 0.9573105656350054,
                "recall": 0.9518924655111426,
                "f1-score": 0.9545938275984391,
                "support": 2827
            },
            "6": {
                "precision": 0.7419354838709677,
                "recall": 0.7288732394366197,
                "f1-score": 0.7353463587921848,
                "support": 568
            },
            "7": {
                "precision": 0.9255813953488372,
                "recall": 0.9403425871234495,
                "f1-score": 0.9329036038675652,
                "support": 1693
            },
            "8": {
                "precision": 0.8686770428015564,
                "recall": 0.9011099899091827,
                "f1-score": 0.8845963348192175,
                "support": 991
            },
            "accuracy": 0.8324983839689722,
            "macro avg": {
                "precision": 0.8147922741363995,
                "recall": 0.786511904514467,
                "f1-score": 0.7983304384735868,
                "support": 12376
            },
            "weighted avg": {
                "precision": 0.8301268492105723,
                "recall": 0.8324983839689722,
                "f1-score": 0.8300395900467251,
                "support": 12376
            },
            "logloss": 0.4268115763910668,
            "score": -0.4268115763910668
        }
    }
}
