{
    "program": "bin/ensemble.py",
    "single_program": "/slot/sandbox/d/in/script/0_script_unpacked/pretrains/bin/pretrain_mask___6922bb9e514d49998c508175b225e3b9.py",
    "config": {
        "seeds": [
            "5",
            "6",
            "7",
            "8",
            "9"
        ]
    },
    "prediction_type": null,
    "metrics": {
        "train": {
            "rmse": 0.3004967270466345,
            "score": -0.3004967270466345
        },
        "val": {
            "rmse": 0.41866465077771514,
            "score": -0.41866465077771514
        },
        "test": {
            "rmse": 0.41365630422641214,
            "score": -0.41365630422641214
        }
    }
}
