{
    "program": "bin/ensemble.py",
    "single_program": "/slot/sandbox/d/in/script/0_script_unpacked/pretrains/bin/pretrain_ae___99cee6f2788c400bbeefeb7e7ee1ab6c.py",
    "config": {
        "seeds": [
            "0",
            "1",
            "2",
            "3",
            "4"
        ]
    },
    "prediction_type": "probs",
    "metrics": {
        "train": {
            "0": {
                "precision": 0.9009737277236818,
                "recall": 0.9623233908948194,
                "f1-score": 0.9306385805104848,
                "support": 5096
            },
            "1": {
                "precision": 0.799373040752351,
                "recall": 0.5866564417177914,
                "f1-score": 0.6766917293233082,
                "support": 1304
            },
            "accuracy": 0.88578125,
            "macro avg": {
                "precision": 0.8501733842380164,
                "recall": 0.7744899163063055,
                "f1-score": 0.8036651549168965,
                "support": 6400
            },
            "weighted avg": {
                "precision": 0.8802725877532731,
                "recall": 0.88578125,
                "f1-score": 0.8788969095810976,
                "support": 6400
            },
            "roc_auc": 0.9114292395816278,
            "score": 0.9114292395816278
        },
        "val": {
            "0": {
                "precision": 0.8849235251274581,
                "recall": 0.9536891679748822,
                "f1-score": 0.9180204004533433,
                "support": 1274
            },
            "1": {
                "precision": 0.7400881057268722,
                "recall": 0.5153374233128835,
                "f1-score": 0.6075949367088608,
                "support": 326
            },
            "accuracy": 0.864375,
            "macro avg": {
                "precision": 0.8125058154271652,
                "recall": 0.7345132956438829,
                "f1-score": 0.762807668581102,
                "support": 1600
            },
            "weighted avg": {
                "precision": 0.8554133084245886,
                "recall": 0.864375,
                "f1-score": 0.854771212215405,
                "support": 1600
            },
            "roc_auc": 0.8735685874160897,
            "score": 0.8735685874160897
        },
        "test": {
            "0": {
                "precision": 0.8822157434402332,
                "recall": 0.9497802887633396,
                "f1-score": 0.914752116082225,
                "support": 1593
            },
            "1": {
                "precision": 0.7192982456140351,
                "recall": 0.5036855036855037,
                "f1-score": 0.5924855491329479,
                "support": 407
            },
            "accuracy": 0.859,
            "macro avg": {
                "precision": 0.8007569945271342,
                "recall": 0.7267328962244217,
                "f1-score": 0.7536188326075864,
                "support": 2000
            },
            "weighted avg": {
                "precision": 0.8490620326326019,
                "recall": 0.859,
                "f1-score": 0.8491708697080471,
                "support": 2000
            },
            "roc_auc": 0.8571213740705265,
            "score": 0.8571213740705265
        }
    }
}
