{
    "program": "bin/ensemble.py",
    "single_program": "/slot/sandbox/d/in/script/0_script_unpacked/pretrains/bin/pretrain_mask_supervised___31b1df9bd247498ca8e7f5e0203f94fb.py",
    "config": {
        "seeds": [
            "10",
            "11",
            "12",
            "13",
            "14"
        ]
    },
    "prediction_type": "probs",
    "metrics": {
        "train": {
            "0": {
                "precision": 0.9988610478359908,
                "recall": 1.0,
                "f1-score": 0.9994301994301994,
                "support": 1754
            },
            "1": {
                "precision": 1.0,
                "recall": 1.0,
                "f1-score": 1.0,
                "support": 638
            },
            "2": {
                "precision": 1.0,
                "recall": 0.9985096870342772,
                "f1-score": 0.9992542878448918,
                "support": 1342
            },
            "3": {
                "precision": 1.0,
                "recall": 1.0,
                "f1-score": 1.0,
                "support": 696
            },
            "4": {
                "precision": 1.0,
                "recall": 1.0,
                "f1-score": 1.0,
                "support": 1888
            },
            "accuracy": 0.9996834441278886,
            "macro avg": {
                "precision": 0.9997722095671981,
                "recall": 0.9997019374068554,
                "f1-score": 0.9997368974550183,
                "support": 6318
            },
            "weighted avg": {
                "precision": 0.9996838046698842,
                "recall": 0.9996834441278886,
                "f1-score": 0.9996834162849658,
                "support": 6318
            },
            "score": 0.9996834441278886
        },
        "val": {
            "0": {
                "precision": 0.7758985200845666,
                "recall": 0.835990888382688,
                "f1-score": 0.8048245614035088,
                "support": 439
            },
            "1": {
                "precision": 0.7575757575757576,
                "recall": 0.625,
                "f1-score": 0.6849315068493151,
                "support": 160
            },
            "2": {
                "precision": 0.6996699669966997,
                "recall": 0.6328358208955224,
                "f1-score": 0.664576802507837,
                "support": 335
            },
            "3": {
                "precision": 0.6754385964912281,
                "recall": 0.4425287356321839,
                "f1-score": 0.5347222222222222,
                "support": 174
            },
            "4": {
                "precision": 0.6845878136200717,
                "recall": 0.809322033898305,
                "f1-score": 0.741747572815534,
                "support": 472
            },
            "accuracy": 0.720253164556962,
            "macro avg": {
                "precision": 0.7186341309536648,
                "recall": 0.6691354957617398,
                "f1-score": 0.6861605331596834,
                "support": 1580
            },
            "weighted avg": {
                "precision": 0.7195397305641063,
                "recall": 0.720253164556962,
                "f1-score": 0.7143587173593385,
                "support": 1580
            },
            "score": 0.720253164556962
        },
        "test": {
            "0": {
                "precision": 0.7832764505119454,
                "recall": 0.8375912408759124,
                "f1-score": 0.8095238095238095,
                "support": 548
            },
            "1": {
                "precision": 0.7407407407407407,
                "recall": 0.6,
                "f1-score": 0.6629834254143647,
                "support": 200
            },
            "2": {
                "precision": 0.655440414507772,
                "recall": 0.6023809523809524,
                "f1-score": 0.6277915632754342,
                "support": 420
            },
            "3": {
                "precision": 0.6597222222222222,
                "recall": 0.4377880184331797,
                "f1-score": 0.5263157894736842,
                "support": 217
            },
            "4": {
                "precision": 0.6642754662840746,
                "recall": 0.7847457627118644,
                "f1-score": 0.7195027195027196,
                "support": 590
            },
            "accuracy": 0.7037974683544304,
            "macro avg": {
                "precision": 0.7006910588533509,
                "recall": 0.6525011948803818,
                "f1-score": 0.6692234614380024,
                "support": 1975
            },
            "weighted avg": {
                "precision": 0.7026586655452075,
                "recall": 0.7037974683544304,
                "f1-score": 0.6980280101772137,
                "support": 1975
            },
            "score": 0.7037974683544304
        }
    }
}
