{
    "program": "bin/ensemble.py",
    "single_program": "/slot/sandbox/d/in/script/0_script_unpacked/pretrains/bin/pretrain_mask_supervised___09e7e863c0ff405c99b73242c37e24be.py",
    "config": {
        "seeds": [
            "10",
            "11",
            "12",
            "13",
            "14"
        ]
    },
    "prediction_type": null,
    "metrics": {
        "train": {
            "rmse": 0.2991993226185837,
            "score": -0.2991993226185837
        },
        "val": {
            "rmse": 0.42895733008822023,
            "score": -0.42895733008822023
        },
        "test": {
            "rmse": 0.4202687448960001,
            "score": -0.4202687448960001
        }
    }
}
