{
    "program": "bin/ensemble.py",
    "single_program": "/slot/sandbox/d/in/script/0_script_unpacked/pretrains/bin/pretrain_ae___e8af1a736f244d9bb68259b3bd8d37e6.py",
    "config": {
        "seeds": [
            "5",
            "6",
            "7",
            "8",
            "9"
        ]
    },
    "prediction_type": "probs",
    "metrics": {
        "train": {
            "0": {
                "precision": 1.0,
                "recall": 1.0,
                "f1-score": 1.0,
                "support": 1754
            },
            "1": {
                "precision": 1.0,
                "recall": 1.0,
                "f1-score": 1.0,
                "support": 638
            },
            "2": {
                "precision": 1.0,
                "recall": 1.0,
                "f1-score": 1.0,
                "support": 1342
            },
            "3": {
                "precision": 1.0,
                "recall": 1.0,
                "f1-score": 1.0,
                "support": 696
            },
            "4": {
                "precision": 1.0,
                "recall": 1.0,
                "f1-score": 1.0,
                "support": 1888
            },
            "accuracy": 1.0,
            "macro avg": {
                "precision": 1.0,
                "recall": 1.0,
                "f1-score": 1.0,
                "support": 6318
            },
            "weighted avg": {
                "precision": 1.0,
                "recall": 1.0,
                "f1-score": 1.0,
                "support": 6318
            },
            "score": 1.0
        },
        "val": {
            "0": {
                "precision": 0.7677824267782427,
                "recall": 0.835990888382688,
                "f1-score": 0.8004362050163578,
                "support": 439
            },
            "1": {
                "precision": 0.6490066225165563,
                "recall": 0.6125,
                "f1-score": 0.6302250803858521,
                "support": 160
            },
            "2": {
                "precision": 0.6956521739130435,
                "recall": 0.6686567164179105,
                "f1-score": 0.6818873668188737,
                "support": 335
            },
            "3": {
                "precision": 0.6533333333333333,
                "recall": 0.5632183908045977,
                "f1-score": 0.6049382716049383,
                "support": 174
            },
            "4": {
                "precision": 0.7390396659707724,
                "recall": 0.75,
                "f1-score": 0.7444794952681388,
                "support": 472
            },
            "accuracy": 0.7221518987341772,
            "macro avg": {
                "precision": 0.7009628445023897,
                "recall": 0.6860731991210391,
                "f1-score": 0.6923932838188321,
                "support": 1580
            },
            "weighted avg": {
                "precision": 0.7192707250363112,
                "recall": 0.7221518987341772,
                "f1-score": 0.719818579603836,
                "support": 1580
            },
            "score": 0.7221518987341772
        },
        "test": {
            "0": {
                "precision": 0.7483108108108109,
                "recall": 0.8083941605839416,
                "f1-score": 0.7771929824561404,
                "support": 548
            },
            "1": {
                "precision": 0.5901639344262295,
                "recall": 0.54,
                "f1-score": 0.5639686684073107,
                "support": 200
            },
            "2": {
                "precision": 0.654228855721393,
                "recall": 0.6261904761904762,
                "f1-score": 0.6399026763990268,
                "support": 420
            },
            "3": {
                "precision": 0.5977653631284916,
                "recall": 0.4930875576036866,
                "f1-score": 0.5404040404040404,
                "support": 217
            },
            "4": {
                "precision": 0.715670436187399,
                "recall": 0.7508474576271187,
                "f1-score": 0.7328370554177007,
                "support": 590
            },
            "accuracy": 0.690632911392405,
            "macro avg": {
                "precision": 0.6612278800548648,
                "recall": 0.6437039304010446,
                "f1-score": 0.6508610846168438,
                "support": 1975
            },
            "weighted avg": {
                "precision": 0.6859968970946853,
                "recall": 0.690632911392405,
                "f1-score": 0.6871372919590576,
                "support": 1975
            },
            "score": 0.690632911392405
        }
    }
}
