{
    "program": "bin/ensemble.py",
    "single_program": "/slot/sandbox/d/in/script/0_script_unpacked/pretrains/bin/pretrain_mask_supervised___2b0121e384f142c8b38b2f740a98d256.py",
    "config": {
        "seeds": [
            "5",
            "6",
            "7",
            "8",
            "9"
        ]
    },
    "prediction_type": "probs",
    "metrics": {
        "train": {
            "0": {
                "precision": 0.7730767927915722,
                "recall": 0.7714826583733352,
                "f1-score": 0.7722789029321694,
                "support": 29582
            },
            "1": {
                "precision": 0.7965693650315979,
                "recall": 0.7980343091440804,
                "f1-score": 0.7973011641741594,
                "support": 33169
            },
            "accuracy": 0.7855173622731112,
            "macro avg": {
                "precision": 0.7848230789115851,
                "recall": 0.7847584837587078,
                "f1-score": 0.7847900335531643,
                "support": 62751
            },
            "weighted avg": {
                "precision": 0.7854945252361454,
                "recall": 0.7855173622731112,
                "f1-score": 0.7855052002523009,
                "support": 62751
            },
            "roc_auc": 0.8720689283068509,
            "score": 0.8720689283068509
        },
        "val": {
            "0": {
                "precision": 0.7333518312985572,
                "recall": 0.714710654407788,
                "f1-score": 0.7239112571898111,
                "support": 7396
            },
            "1": {
                "precision": 0.7511792452830188,
                "recall": 0.7682103232030874,
                "f1-score": 0.7595993322203674,
                "support": 8292
            },
            "accuracy": 0.7429882712901581,
            "macro avg": {
                "precision": 0.742265538290788,
                "recall": 0.7414604888054377,
                "f1-score": 0.7417552947050892,
                "support": 15688
            },
            "weighted avg": {
                "precision": 0.7427746332337406,
                "recall": 0.7429882712901581,
                "f1-score": 0.742774434022637,
                "support": 15688
            },
            "roc_auc": 0.8247345910893804,
            "score": 0.8247345910893804
        },
        "test": {
            "0": {
                "precision": 0.7229959425375589,
                "recall": 0.7131422390481341,
                "f1-score": 0.7180352864299717,
                "support": 9245
            },
            "1": {
                "precision": 0.7472118959107806,
                "recall": 0.7562952243125904,
                "f1-score": 0.7517261219792865,
                "support": 10365
            },
            "accuracy": 0.7359510453850077,
            "macro avg": {
                "precision": 0.7351039192241697,
                "recall": 0.7347187316803623,
                "f1-score": 0.734880704204629,
                "support": 19610
            },
            "weighted avg": {
                "precision": 0.7357954507840373,
                "recall": 0.7359510453850077,
                "f1-score": 0.73584280863643,
                "support": 19610
            },
            "roc_auc": 0.8182354342329734,
            "score": 0.8182354342329734
        }
    }
}
