{
    "program": "bin/ensemble.py",
    "single_program": "/slot/sandbox/d/in/script/0_script_unpacked/pretrains/bin/pretrain_mask___b949c7399e894a96aaf5d094d3482bf6.py",
    "config": {
        "seeds": [
            "0",
            "1",
            "2",
            "3",
            "4"
        ]
    },
    "prediction_type": null,
    "metrics": {
        "train": {
            "rmse": 11558.673437108397,
            "score": -11558.673437108397
        },
        "val": {
            "rmse": 26557.44954410991,
            "score": -26557.44954410991
        },
        "test": {
            "rmse": 29340.826013040598,
            "score": -29340.826013040598
        }
    }
}
