{
    "program": "bin/ensemble.py",
    "single_program": "/slot/sandbox/d/in/script/0_script_unpacked/pretrains/bin/finetune___40fa4be942264d7993206c780be98025.py",
    "config": {
        "seeds": [
            "0",
            "1",
            "2",
            "3",
            "4"
        ]
    },
    "prediction_type": null,
    "metrics": {
        "train": {
            "rmse": 0.4307911800228352,
            "score": -0.4307911800228352
        },
        "val": {
            "rmse": 0.4777373936684165,
            "score": -0.4777373936684165
        },
        "test": {
            "rmse": 0.4854158120739792,
            "score": -0.4854158120739792
        }
    }
}
