{
    "program": "bin/ensemble.py",
    "single_program": "/slot/sandbox/d/in/script/0_script_unpacked/pretrains/bin/pretrain_ae___f924a07b9f9e432a969fa1043a8b52df.py",
    "config": {
        "seeds": [
            "10",
            "11",
            "12",
            "13",
            "14"
        ]
    },
    "prediction_type": null,
    "metrics": {
        "train": {
            "rmse": 0.29162896016358586,
            "score": -0.29162896016358586
        },
        "val": {
            "rmse": 0.42743149362266375,
            "score": -0.42743149362266375
        },
        "test": {
            "rmse": 0.43163734462229314,
            "score": -0.43163734462229314
        }
    }
}
