{
    "program": "bin/ensemble.py",
    "single_program": "/slot/sandbox/d/in/script/0_script_unpacked/pretrains/bin/pretrain_mask___5af48931d1be4d2f8aaed8ca1e2cd27b.py",
    "config": {
        "seeds": [
            "5",
            "6",
            "7",
            "8",
            "9"
        ]
    },
    "prediction_type": "probs",
    "metrics": {
        "train": {
            "0": {
                "precision": 0.8863636363636364,
                "recall": 0.7578947368421053,
                "f1-score": 0.8171104321257093,
                "support": 1235
            },
            "1": {
                "precision": 0.8044563279857397,
                "recall": 0.874781934483427,
                "f1-score": 0.8381465317113939,
                "support": 10318
            },
            "2": {
                "precision": 0.6962886597938144,
                "recall": 0.6593127684498243,
                "f1-score": 0.6772964300040112,
                "support": 5122
            },
            "3": {
                "precision": 0.859504132231405,
                "recall": 0.6039488966318235,
                "f1-score": 0.7094133697135061,
                "support": 1722
            },
            "4": {
                "precision": 0.9796149490373726,
                "recall": 0.9868796349115802,
                "f1-score": 0.9832338732594487,
                "support": 1753
            },
            "5": {
                "precision": 0.9732921311113564,
                "recall": 0.9749060358169357,
                "f1-score": 0.9740984149776329,
                "support": 9046
            },
            "6": {
                "precision": 0.8652321630804077,
                "recall": 0.840946615299945,
                "f1-score": 0.8529165503767793,
                "support": 1817
            },
            "7": {
                "precision": 0.9584864070536371,
                "recall": 0.9632637991508215,
                "f1-score": 0.9608691649019427,
                "support": 5417
            },
            "8": {
                "precision": 0.919454770755886,
                "recall": 0.9359823399558499,
                "f1-score": 0.9276449445225816,
                "support": 3171
            },
            "accuracy": 0.87477588949774,
            "macro avg": {
                "precision": 0.8825214641570284,
                "recall": 0.8442129735047014,
                "f1-score": 0.8600810790658895,
                "support": 39601
            },
            "weighted avg": {
                "precision": 0.8748011546001808,
                "recall": 0.87477588949774,
                "f1-score": 0.8731974554708626,
                "support": 39601
            },
            "logloss": 0.32613155432009555,
            "score": -0.32613155432009555
        },
        "val": {
            "0": {
                "precision": 0.6956521739130435,
                "recall": 0.5194805194805194,
                "f1-score": 0.5947955390334573,
                "support": 308
            },
            "1": {
                "precision": 0.7567280453257791,
                "recall": 0.8282945736434109,
                "f1-score": 0.7908956328645448,
                "support": 2580
            },
            "2": {
                "precision": 0.616078753076292,
                "recall": 0.5862607338017174,
                "f1-score": 0.6008,
                "support": 1281
            },
            "3": {
                "precision": 0.7533783783783784,
                "recall": 0.5174013921113689,
                "f1-score": 0.6134800550206329,
                "support": 431
            },
            "4": {
                "precision": 0.9724770642201835,
                "recall": 0.9680365296803652,
                "f1-score": 0.9702517162471395,
                "support": 438
            },
            "5": {
                "precision": 0.9509366636931311,
                "recall": 0.9425287356321839,
                "f1-score": 0.9467140319715808,
                "support": 2262
            },
            "6": {
                "precision": 0.75,
                "recall": 0.7136563876651982,
                "f1-score": 0.7313769751693003,
                "support": 454
            },
            "7": {
                "precision": 0.9105225483178239,
                "recall": 0.9394387001477105,
                "f1-score": 0.9247546346782988,
                "support": 1354
            },
            "8": {
                "precision": 0.8569696969696969,
                "recall": 0.8915510718789408,
                "f1-score": 0.8739184177997528,
                "support": 793
            },
            "accuracy": 0.8211291788708212,
            "macro avg": {
                "precision": 0.8069714804327032,
                "recall": 0.7674054048934906,
                "f1-score": 0.7829985558649675,
                "support": 9901
            },
            "weighted avg": {
                "precision": 0.8191506290070846,
                "recall": 0.8211291788708212,
                "f1-score": 0.818236550041326,
                "support": 9901
            },
            "logloss": 0.46156384612248985,
            "score": -0.46156384612248985
        },
        "test": {
            "0": {
                "precision": 0.6946308724832215,
                "recall": 0.5362694300518135,
                "f1-score": 0.6052631578947368,
                "support": 386
            },
            "1": {
                "precision": 0.7644875820725093,
                "recall": 0.8306451612903226,
                "f1-score": 0.7961944403151481,
                "support": 3224
            },
            "2": {
                "precision": 0.6043882978723404,
                "recall": 0.5677701436602124,
                "f1-score": 0.5855072463768115,
                "support": 1601
            },
            "3": {
                "precision": 0.7237851662404092,
                "recall": 0.5260223048327137,
                "f1-score": 0.6092572658772875,
                "support": 538
            },
            "4": {
                "precision": 0.9710144927536232,
                "recall": 0.9781021897810219,
                "f1-score": 0.9745454545454545,
                "support": 548
            },
            "5": {
                "precision": 0.950709219858156,
                "recall": 0.9483551467987266,
                "f1-score": 0.9495307242783779,
                "support": 2827
            },
            "6": {
                "precision": 0.7618147448015122,
                "recall": 0.7095070422535211,
                "f1-score": 0.7347310847766637,
                "support": 568
            },
            "7": {
                "precision": 0.9192330040674027,
                "recall": 0.9344359125812167,
                "f1-score": 0.9267721148213239,
                "support": 1693
            },
            "8": {
                "precision": 0.8478260869565217,
                "recall": 0.905146316851665,
                "f1-score": 0.8755490483162519,
                "support": 991
            },
            "accuracy": 0.8222365869424693,
            "macro avg": {
                "precision": 0.8042099407895218,
                "recall": 0.7706948497890238,
                "f1-score": 0.7841500596891173,
                "support": 12376
            },
            "weighted avg": {
                "precision": 0.8192304763563774,
                "recall": 0.8222365869424693,
                "f1-score": 0.8191770996337748,
                "support": 12376
            },
            "logloss": 0.4573329846013008,
            "score": -0.4573329846013008
        }
    }
}
