{
    "program": "bin/ensemble.py",
    "single_program": "/slot/sandbox/d/in/script/0_script_unpacked/pretrains/bin/finetune___05466d40af6f4c1b98b91333f496e20c.py",
    "config": {
        "seeds": [
            "0",
            "1",
            "2",
            "3",
            "4"
        ]
    },
    "prediction_type": null,
    "metrics": {
        "train": {
            "rmse": 2.0662570289075672,
            "score": -2.0662570289075672
        },
        "val": {
            "rmse": 5.022460604376146,
            "score": -5.022460604376146
        },
        "test": {
            "rmse": 5.318202902996102,
            "score": -5.318202902996102
        }
    }
}
