{
    "program": "/slot/sandbox/d/in/script/0_script_unpacked/pretrains/bin/archive/xgboost____6f7f9dde77e84209931207c39ae18604.py",
    "environment": {
        "CUDA_VISIBLE_DEVICES": "0",
        "gpus": {
            "driver": "450.119.04",
            "devices": [
                {
                    "name": "A100-SXM-80GB",
                    "memory_total": 85199093760,
                    "memory_free": 85195948032,
                    "memory_used": 3145728,
                    "utilization": 0
                }
            ]
        },
        "torch.version.cuda": "11.1",
        "torch.backends.cudnn.version()": 8005,
        "torch.cuda.nccl.version()": [
            2,
            10,
            3
        ]
    },
    "config": {
        "seed": 13,
        "data": {
            "path": "data/higgs-small_roc",
            "T": {
                "seed": 0,
                "normalization": null,
                "num_nan_policy": null,
                "cat_nan_policy": null,
                "cat_min_frequency": null,
                "cat_encoding": null,
                "y_policy": "default"
            },
            "T_cache": false
        },
        "xgboost": {
            "booster": "gbtree",
            "n_estimators": 2000,
            "n_jobs": 1,
            "tree_method": "gpu_hist",
            "colsample_bytree": 0.9118030562356342,
            "gamma": 0,
            "lambda": 5.154249797397774,
            "learning_rate": 0.032358789684609084,
            "max_depth": 8,
            "min_child_weight": 0.0014302554765353716,
            "subsample": 0.8651687972804869,
            "random_state": 13
        },
        "xgboost_fit": {
            "early_stopping_rounds": 50,
            "verbose": true
        }
    },
    "prediction_type": "probs",
    "metrics": {
        "train": {
            "0": {
                "precision": 0.840879869340098,
                "recall": 0.8179974308701238,
                "f1-score": 0.8292808307201974,
                "support": 29582
            },
            "1": {
                "precision": 0.8415258727262024,
                "recall": 0.8619494105942296,
                "f1-score": 0.8516152093293418,
                "support": 33169
            },
            "accuracy": 0.8412296218386958,
            "macro avg": {
                "precision": 0.8412028710331502,
                "recall": 0.8399734207321767,
                "f1-score": 0.8404480200247696,
                "support": 62751
            },
            "weighted avg": {
                "precision": 0.8412213345966468,
                "recall": 0.8412296218386958,
                "f1-score": 0.8410863637648773,
                "support": 62751
            },
            "roc_auc": 0.9201702779531703,
            "score": 0.9201702779531703
        },
        "val": {
            "0": {
                "precision": 0.7218736930154747,
                "recall": 0.7001081665765279,
                "f1-score": 0.7108243530784543,
                "support": 7396
            },
            "1": {
                "precision": 0.7395184967704052,
                "recall": 0.7594066570188133,
                "f1-score": 0.7493306360445052,
                "support": 8292
            },
            "accuracy": 0.7314507904130546,
            "macro avg": {
                "precision": 0.73069609489294,
                "recall": 0.7297574117976706,
                "f1-score": 0.7300774945614797,
                "support": 15688
            },
            "weighted avg": {
                "precision": 0.7311999750613623,
                "recall": 0.7314507904130546,
                "f1-score": 0.731177113044957,
                "support": 15688
            },
            "roc_auc": 0.8093339475426019,
            "score": 0.8093339475426019
        },
        "test": {
            "0": {
                "precision": 0.7132604615214752,
                "recall": 0.6987560843699296,
                "f1-score": 0.7059337777292098,
                "support": 9245
            },
            "1": {
                "precision": 0.7360940017056761,
                "recall": 0.7494452484322238,
                "f1-score": 0.7427096280715174,
                "support": 10365
            },
            "accuracy": 0.7255481896991332,
            "macro avg": {
                "precision": 0.7246772316135757,
                "recall": 0.7241006664010767,
                "f1-score": 0.7243217029003637,
                "support": 19610
            },
            "weighted avg": {
                "precision": 0.7253292857952764,
                "recall": 0.7255481896991332,
                "f1-score": 0.7253719056638359,
                "support": 19610
            },
            "roc_auc": 0.8042459372962583,
            "score": 0.8042459372962583
        }
    },
    "time": "0:00:08"
}
