{
    "program": "bin/ensemble.py",
    "single_program": "/slot/sandbox/d/in/script/0_script_unpacked/pretrains/bin/augmented_supervised___61b66b50313046938ce98c0625bc2265.py",
    "config": {
        "seeds": [
            "10",
            "11",
            "12",
            "13",
            "14"
        ]
    },
    "prediction_type": null,
    "metrics": {
        "train": {
            "rmse": 17842.17075824544,
            "score": -17842.17075824544
        },
        "val": {
            "rmse": 29404.11319666365,
            "score": -29404.11319666365
        },
        "test": {
            "rmse": 31340.854289550174,
            "score": -31340.854289550174
        }
    }
}
