{
    "program": "bin/ensemble.py",
    "single_program": "/slot/sandbox/d/in/script/0_script_unpacked/pretrains/bin/pretrain_ae_mask___f3476364dfa7480d8c131a6bbc9bd2a8.py",
    "config": {
        "seeds": [
            "5",
            "6",
            "7",
            "8",
            "9"
        ]
    },
    "prediction_type": null,
    "metrics": {
        "train": {
            "rmse": 1.5611419921697551,
            "score": -1.5611419921697551
        },
        "val": {
            "rmse": 1.852156233806389,
            "score": -1.852156233806389
        },
        "test": {
            "rmse": 1.8521940909281138,
            "score": -1.8521940909281138
        }
    }
}
