{
    "program": "bin/ensemble.py",
    "single_program": "/slot/sandbox/d/in/script/0_script_unpacked/pretrains/bin/pretrain_ae_supervised_ddp___37383f828f5543958ae43a031b1b191c.py",
    "config": {
        "seeds": [
            "10",
            "11",
            "12",
            "13",
            "14"
        ]
    },
    "prediction_type": "probs",
    "metrics": {
        "train": {
            "0": {
                "precision": 0.9970439064665467,
                "recall": 0.9975881042647037,
                "f1-score": 0.9973159311285624,
                "support": 135578
            },
            "1": {
                "precision": 0.997865416436845,
                "recall": 0.9977993734557007,
                "f1-score": 0.9978323938534852,
                "support": 181312
            },
            "2": {
                "precision": 0.9982946346582711,
                "recall": 0.9977274713748798,
                "f1-score": 0.9980109724377609,
                "support": 22882
            },
            "3": {
                "precision": 0.9903791737408036,
                "recall": 0.9948834565093804,
                "f1-score": 0.9926262053318207,
                "support": 1759
            },
            "4": {
                "precision": 0.9886643666830951,
                "recall": 0.9906172839506173,
                "f1-score": 0.9896398618648248,
                "support": 6075
            },
            "5": {
                "precision": 0.9966726618705036,
                "recall": 0.9971210076473235,
                "f1-score": 0.9968967843489994,
                "support": 11115
            },
            "6": {
                "precision": 0.9983144345694146,
                "recall": 0.9926862715221697,
                "f1-score": 0.9954923981969592,
                "support": 13126
            },
            "accuracy": 0.9973860216702031,
            "macro avg": {
                "precision": 0.9953192277750686,
                "recall": 0.9954889955321108,
                "f1-score": 0.995402078166059,
                "support": 371847
            },
            "weighted avg": {
                "precision": 0.997386763548524,
                "recall": 0.9973860216702031,
                "f1-score": 0.9973860378301077,
                "support": 371847
            },
            "score": 0.9973860216702031
        },
        "val": {
            "0": {
                "precision": 0.9750855053661989,
                "recall": 0.9757184162388624,
                "f1-score": 0.9754018581330187,
                "support": 33894
            },
            "1": {
                "precision": 0.979049509317455,
                "recall": 0.979416696081892,
                "f1-score": 0.9792330682783189,
                "support": 45328
            },
            "2": {
                "precision": 0.9708079930495221,
                "recall": 0.9765775214123406,
                "f1-score": 0.9736842105263159,
                "support": 5721
            },
            "3": {
                "precision": 0.9186046511627907,
                "recall": 0.8997722095671982,
                "f1-score": 0.9090909090909091,
                "support": 439
            },
            "4": {
                "precision": 0.9221998658618377,
                "recall": 0.9052007899934167,
                "f1-score": 0.9136212624584716,
                "support": 1519
            },
            "5": {
                "precision": 0.9573545355981207,
                "recall": 0.9532205829435049,
                "f1-score": 0.9552830869094843,
                "support": 2779
            },
            "6": {
                "precision": 0.9754450583179864,
                "recall": 0.9683120048750762,
                "f1-score": 0.9718654434250765,
                "support": 3282
            },
            "accuracy": 0.9751296228566511,
            "macro avg": {
                "precision": 0.9569353026677015,
                "recall": 0.9511740315874703,
                "f1-score": 0.954025691260228,
                "support": 92962
            },
            "weighted avg": {
                "precision": 0.9751068692518584,
                "recall": 0.9751296228566511,
                "f1-score": 0.9751153176298822,
                "support": 92962
            },
            "score": 0.9751296228566511
        },
        "test": {
            "0": {
                "precision": 0.9747585653231329,
                "recall": 0.9743674471299094,
                "f1-score": 0.9745629669849739,
                "support": 42368
            },
            "1": {
                "precision": 0.9776187790779642,
                "recall": 0.9790508462610967,
                "f1-score": 0.9783342886116133,
                "support": 56661
            },
            "2": {
                "precision": 0.9712210114557139,
                "recall": 0.9721717242343728,
                "f1-score": 0.9716961352994619,
                "support": 7151
            },
            "3": {
                "precision": 0.9155722326454033,
                "recall": 0.8888888888888888,
                "f1-score": 0.9020332717190388,
                "support": 549
            },
            "4": {
                "precision": 0.9186295503211992,
                "recall": 0.9036334913112164,
                "f1-score": 0.9110698168303689,
                "support": 1899
            },
            "5": {
                "precision": 0.9527085124677558,
                "recall": 0.9570976101353297,
                "f1-score": 0.9548980178109737,
                "support": 3473
            },
            "6": {
                "precision": 0.9788177339901478,
                "recall": 0.9687957094100439,
                "f1-score": 0.973780936045087,
                "support": 4102
            },
            "accuracy": 0.9742433499995697,
            "macro avg": {
                "precision": 0.9556180550401882,
                "recall": 0.9491436739101226,
                "f1-score": 0.9523393476145026,
                "support": 116203
            },
            "weighted avg": {
                "precision": 0.9742229001856855,
                "recall": 0.9742433499995697,
                "f1-score": 0.9742298395017127,
                "support": 116203
            },
            "score": 0.9742433499995697
        }
    }
}
