{
    "program": "bin/ensemble.py",
    "single_program": "/slot/sandbox/d/in/script/0_script_unpacked/pretrains/bin/pretrain_mask_supervised_fast___22dabcdcee074414ba7dd8976913c958.py",
    "config": {
        "seeds": [
            "5",
            "6",
            "7",
            "8",
            "9"
        ]
    },
    "prediction_type": null,
    "metrics": {
        "train": {
            "rmse": 0.7088108623143715,
            "score": -0.7088108623143715
        },
        "val": {
            "rmse": 0.7408168278934952,
            "score": -0.7408168278934952
        },
        "test": {
            "rmse": 0.7438679520309991,
            "score": -0.7438679520309991
        }
    }
}
