{
    "program": "bin/ensemble.py",
    "single_program": "/slot/sandbox/d/in/script/0_script_unpacked/pretrains/bin/pretrain_ae___471bde81a00d48cda647c49c15e43e36.py",
    "config": {
        "seeds": [
            "5",
            "6",
            "7",
            "8",
            "9"
        ]
    },
    "prediction_type": null,
    "metrics": {
        "train": {
            "rmse": 16465.99963505443,
            "score": -16465.99963505443
        },
        "val": {
            "rmse": 26641.93319899618,
            "score": -26641.93319899618
        },
        "test": {
            "rmse": 29459.63532542419,
            "score": -29459.63532542419
        }
    }
}
