{
    "program": "bin/ensemble.py",
    "single_program": "/slot/sandbox/d/in/script/0_script_unpacked/pretrains/bin/pretrain_mask___f4a5e7f9becb4aceb4e3d834e2132827.py",
    "config": {
        "seeds": [
            "10",
            "11",
            "12",
            "13",
            "14"
        ]
    },
    "prediction_type": null,
    "metrics": {
        "train": {
            "rmse": 1.1836628856696927,
            "score": -1.1836628856696927
        },
        "val": {
            "rmse": 1.7565157213327642,
            "score": -1.7565157213327642
        },
        "test": {
            "rmse": 1.759239159146317,
            "score": -1.759239159146317
        }
    }
}
