{
    "program": "bin/ensemble.py",
    "single_program": "/slot/sandbox/d/in/script/0_script_unpacked/pretrains/bin/pretrain_ae_supervised___aef135d46b694739930e8e02dba4e68c.py",
    "config": {
        "seeds": [
            "5",
            "6",
            "7",
            "8",
            "9"
        ]
    },
    "prediction_type": "probs",
    "metrics": {
        "train": {
            "0": {
                "precision": 0.8974309907668756,
                "recall": 0.948621997471555,
                "f1-score": 0.9223167314027239,
                "support": 19775
            },
            "1": {
                "precision": 0.8025267249757045,
                "recall": 0.6582177586481747,
                "f1-score": 0.7232440007006481,
                "support": 6273
            },
            "accuracy": 0.8786855036855037,
            "macro avg": {
                "precision": 0.8499788578712901,
                "recall": 0.8034198780598648,
                "f1-score": 0.8227803660516859,
                "support": 26048
            },
            "weighted avg": {
                "precision": 0.874575705934719,
                "recall": 0.8786855036855037,
                "f1-score": 0.8743751143997248,
                "support": 26048
            },
            "roc_auc": 0.9363106347654537,
            "score": 0.9363106347654537
        },
        "val": {
            "0": {
                "precision": 0.8893356308634884,
                "recall": 0.9393326592517695,
                "f1-score": 0.9136506687647521,
                "support": 4945
            },
            "1": {
                "precision": 0.7674418604651163,
                "recall": 0.6313775510204082,
                "f1-score": 0.6927921623512947,
                "support": 1568
            },
            "accuracy": 0.8651926915399969,
            "macro avg": {
                "precision": 0.8283887456643024,
                "recall": 0.7853551051360887,
                "f1-score": 0.8032214155580234,
                "support": 6513
            },
            "weighted avg": {
                "precision": 0.8599897945385003,
                "recall": 0.8651926915399969,
                "f1-score": 0.8604791444201643,
                "support": 6513
            },
            "roc_auc": 0.9236290522275644,
            "score": 0.9236290522275644
        },
        "test": {
            "0": {
                "precision": 0.8895728834169326,
                "recall": 0.9412947326095698,
                "f1-score": 0.9147032391669597,
                "support": 12435
            },
            "1": {
                "precision": 0.766250400256164,
                "recall": 0.6222048881955278,
                "f1-score": 0.6867556320849476,
                "support": 3846
            },
            "accuracy": 0.8659173269455194,
            "macro avg": {
                "precision": 0.8279116418365483,
                "recall": 0.7817498104025488,
                "f1-score": 0.8007294356259537,
                "support": 16281
            },
            "weighted avg": {
                "precision": 0.8604408724694284,
                "recall": 0.8659173269455194,
                "f1-score": 0.8608560248166485,
                "support": 16281
            },
            "roc_auc": 0.9189747686409264,
            "score": 0.9189747686409264
        }
    }
}
