{
    "program": "bin/ensemble.py",
    "single_program": "/slot/sandbox/d/in/script/0_script_unpacked/pretrains/bin/pretrain_ae___b7c961460f3643f08508aaa3928fc18d.py",
    "config": {
        "seeds": [
            "0",
            "1",
            "2",
            "3",
            "4"
        ]
    },
    "prediction_type": "probs",
    "metrics": {
        "train": {
            "0": {
                "precision": 0.7698712294937379,
                "recall": 0.7376783178960179,
                "f1-score": 0.7534310425190326,
                "support": 29582
            },
            "1": {
                "precision": 0.7744579433819683,
                "recall": 0.803340468509753,
                "f1-score": 0.7886348501664817,
                "support": 33169
            },
            "accuracy": 0.7723860974327103,
            "macro avg": {
                "precision": 0.772164586437853,
                "recall": 0.7705093932028855,
                "f1-score": 0.7710329463427572,
                "support": 62751
            },
            "weighted avg": {
                "precision": 0.7722956803066128,
                "recall": 0.7723860974327103,
                "f1-score": 0.7720391140375462,
                "support": 62751
            },
            "roc_auc": 0.8599122116697614,
            "score": 0.8599122116697614
        },
        "val": {
            "0": {
                "precision": 0.7397022691140338,
                "recall": 0.6919956733369389,
                "f1-score": 0.7150541390150192,
                "support": 7396
            },
            "1": {
                "precision": 0.74022123389212,
                "recall": 0.7828027013989387,
                "f1-score": 0.7609167106265753,
                "support": 8292
            },
            "accuracy": 0.7399923508414075,
            "macro avg": {
                "precision": 0.739961751503077,
                "recall": 0.7373991873679389,
                "f1-score": 0.7379854248207973,
                "support": 15688
            },
            "weighted avg": {
                "precision": 0.7399765715069386,
                "recall": 0.7399923508414075,
                "f1-score": 0.7392951158000156,
                "support": 15688
            },
            "roc_auc": 0.8210036464476567,
            "score": 0.8210036464476567
        },
        "test": {
            "0": {
                "precision": 0.7284768211920529,
                "recall": 0.6901027582477015,
                "f1-score": 0.7087707604288174,
                "support": 9245
            },
            "1": {
                "precision": 0.7359933652782897,
                "recall": 0.7705740472744814,
                "f1-score": 0.7528868360277137,
                "support": 10365
            },
            "accuracy": 0.7326364099949005,
            "macro avg": {
                "precision": 0.7322350932351713,
                "recall": 0.7303384027610915,
                "f1-score": 0.7308287982282655,
                "support": 19610
            },
            "weighted avg": {
                "precision": 0.7324497421228966,
                "recall": 0.7326364099949005,
                "f1-score": 0.7320886147675507,
                "support": 19610
            },
            "roc_auc": 0.8115638471089182,
            "score": 0.8115638471089182
        }
    }
}
