{
    "program": "bin/ensemble.py",
    "single_program": "/slot/sandbox/d/in/script/0_script_unpacked/pretrains/bin/pretrain_mask_supervised_fast___6464b25d48344f2584cce10509cb114c.py",
    "config": {
        "seeds": [
            "5",
            "6",
            "7",
            "8",
            "9"
        ]
    },
    "prediction_type": "probs",
    "metrics": {
        "train": {
            "0": {
                "precision": 0.9972794833230116,
                "recall": 0.9977061175116907,
                "f1-score": 0.9974927547987937,
                "support": 135578
            },
            "1": {
                "precision": 0.9980582738495825,
                "recall": 0.9978931344864101,
                "f1-score": 0.9979756973364149,
                "support": 181312
            },
            "2": {
                "precision": 0.998819568924059,
                "recall": 0.9984267109518399,
                "f1-score": 0.9986231013004043,
                "support": 22882
            },
            "3": {
                "precision": 0.9954648526077098,
                "recall": 0.9982944855031268,
                "f1-score": 0.9968776610843032,
                "support": 1759
            },
            "4": {
                "precision": 0.9935675408213755,
                "recall": 0.9916049382716049,
                "f1-score": 0.9925852694018784,
                "support": 6075
            },
            "5": {
                "precision": 0.997122819636756,
                "recall": 0.9977507872244714,
                "f1-score": 0.9974367045914467,
                "support": 11115
            },
            "6": {
                "precision": 0.9983215075913634,
                "recall": 0.9968764284625933,
                "f1-score": 0.9975984447070484,
                "support": 13126
            },
            "accuracy": 0.9977168028786033,
            "macro avg": {
                "precision": 0.9969477209648369,
                "recall": 0.9969360860588196,
                "f1-score": 0.9969413761743271,
                "support": 371847
            },
            "weighted avg": {
                "precision": 0.9977168637892379,
                "recall": 0.9977168028786033,
                "f1-score": 0.9977167642168663,
                "support": 371847
            },
            "score": 0.9977168028786033
        },
        "val": {
            "0": {
                "precision": 0.9758254716981132,
                "recall": 0.9765740249011624,
                "f1-score": 0.9761996048013684,
                "support": 33894
            },
            "1": {
                "precision": 0.9796170475602224,
                "recall": 0.979703494528768,
                "f1-score": 0.9796602691374365,
                "support": 45328
            },
            "2": {
                "precision": 0.9701025551885972,
                "recall": 0.9755287537143856,
                "f1-score": 0.9728080878507932,
                "support": 5721
            },
            "3": {
                "precision": 0.9187935034802784,
                "recall": 0.9020501138952164,
                "f1-score": 0.9103448275862069,
                "support": 439
            },
            "4": {
                "precision": 0.927891156462585,
                "recall": 0.8979591836734694,
                "f1-score": 0.9126798260287722,
                "support": 1519
            },
            "5": {
                "precision": 0.9546762589928057,
                "recall": 0.9550197912918316,
                "f1-score": 0.954847994243569,
                "support": 2779
            },
            "6": {
                "precision": 0.9752747252747253,
                "recall": 0.973491773308958,
                "f1-score": 0.9743824336688014,
                "support": 3282
            },
            "accuracy": 0.9756459628665476,
            "macro avg": {
                "precision": 0.9574543883796183,
                "recall": 0.9514753050448272,
                "f1-score": 0.9544175776167069,
                "support": 92962
            },
            "weighted avg": {
                "precision": 0.9756177876397532,
                "recall": 0.9756459628665476,
                "f1-score": 0.9756269541699365,
                "support": 92962
            },
            "score": 0.9756459628665476
        },
        "test": {
            "0": {
                "precision": 0.9747889250507051,
                "recall": 0.9755711858006042,
                "f1-score": 0.975179898549015,
                "support": 42368
            },
            "1": {
                "precision": 0.9786911271829247,
                "recall": 0.9791920368507439,
                "f1-score": 0.9789415179398505,
                "support": 56661
            },
            "2": {
                "precision": 0.9719665271966528,
                "recall": 0.9745490141238987,
                "f1-score": 0.9732560575378815,
                "support": 7151
            },
            "3": {
                "precision": 0.9237918215613383,
                "recall": 0.9052823315118397,
                "f1-score": 0.9144434222631095,
                "support": 549
            },
            "4": {
                "precision": 0.9315068493150684,
                "recall": 0.8952080042127436,
                "f1-score": 0.9129967776584318,
                "support": 1899
            },
            "5": {
                "precision": 0.95276266819353,
                "recall": 0.9582493521451195,
                "f1-score": 0.9554981337927075,
                "support": 3473
            },
            "6": {
                "precision": 0.9760097919216646,
                "recall": 0.9719648951730863,
                "f1-score": 0.9739831440087945,
                "support": 4102
            },
            "accuracy": 0.9749834341626292,
            "macro avg": {
                "precision": 0.9585025300602691,
                "recall": 0.9514309742597195,
                "f1-score": 0.95489985024997,
                "support": 116203
            },
            "weighted avg": {
                "precision": 0.9749545011731929,
                "recall": 0.9749834341626292,
                "f1-score": 0.9749620539241661,
                "support": 116203
            },
            "score": 0.9749834341626292
        }
    }
}
