{
    "program": "bin/ensemble.py",
    "single_program": "/slot/sandbox/d/in/script/0_script_unpacked/pretrains/bin/pretrain_supervised_contrastive___902690bb764844279612a4a6bb2d6d2c.py",
    "config": {
        "seeds": [
            "10",
            "11",
            "12",
            "13",
            "14"
        ]
    },
    "prediction_type": null,
    "metrics": {
        "train": {
            "rmse": 1.5625577318094954,
            "score": -1.5625577318094954
        },
        "val": {
            "rmse": 1.8237815962687867,
            "score": -1.8237815962687867
        },
        "test": {
            "rmse": 1.8269701915353294,
            "score": -1.8269701915353294
        }
    }
}
