{
    "program": "bin/ensemble.py",
    "single_program": "/slot/sandbox/d/in/script/0_script_unpacked/pretrains/bin/pretrain_mask___e621f735f80c428ea269650eb0b01ad4.py",
    "config": {
        "seeds": [
            "0",
            "1",
            "2",
            "3",
            "4"
        ]
    },
    "prediction_type": "probs",
    "metrics": {
        "train": {
            "0": {
                "precision": 0.9230769230769231,
                "recall": 0.7967611336032389,
                "f1-score": 0.8552803129074315,
                "support": 1235
            },
            "1": {
                "precision": 0.8009255216973719,
                "recall": 0.889028881566195,
                "f1-score": 0.8426806301961326,
                "support": 10318
            },
            "2": {
                "precision": 0.7212270488132557,
                "recall": 0.6288559156579461,
                "f1-score": 0.6718815185648728,
                "support": 5122
            },
            "3": {
                "precision": 0.8429319371727748,
                "recall": 0.6544715447154471,
                "f1-score": 0.7368421052631577,
                "support": 1722
            },
            "4": {
                "precision": 0.9796380090497737,
                "recall": 0.9880205362236166,
                "f1-score": 0.9838114172110195,
                "support": 1753
            },
            "5": {
                "precision": 0.9759955752212389,
                "recall": 0.9753482202078266,
                "f1-score": 0.9756717903350657,
                "support": 9046
            },
            "6": {
                "precision": 0.8703284258210645,
                "recall": 0.8458998348926803,
                "f1-score": 0.8579402735138151,
                "support": 1817
            },
            "7": {
                "precision": 0.9644239631336405,
                "recall": 0.9658482554919697,
                "f1-score": 0.9651355838406198,
                "support": 5417
            },
            "8": {
                "precision": 0.9192073170731707,
                "recall": 0.9508041627246925,
                "f1-score": 0.9347388001860177,
                "support": 3171
            },
            "accuracy": 0.8798767707886165,
            "macro avg": {
                "precision": 0.8886394134510237,
                "recall": 0.8550042761204014,
                "f1-score": 0.869331381335348,
                "support": 39601
            },
            "weighted avg": {
                "precision": 0.8791758399149746,
                "recall": 0.8798767707886165,
                "f1-score": 0.877828622305695,
                "support": 39601
            },
            "logloss": 0.315173900964602,
            "score": -0.315173900964602
        },
        "val": {
            "0": {
                "precision": 0.7215189873417721,
                "recall": 0.5551948051948052,
                "f1-score": 0.6275229357798165,
                "support": 308
            },
            "1": {
                "precision": 0.7543192812715964,
                "recall": 0.8461240310077519,
                "f1-score": 0.7975886006576542,
                "support": 2580
            },
            "2": {
                "precision": 0.6427931960608774,
                "recall": 0.5604996096799375,
                "f1-score": 0.5988323603002502,
                "support": 1281
            },
            "3": {
                "precision": 0.7717041800643086,
                "recall": 0.5568445475638051,
                "f1-score": 0.6469002695417789,
                "support": 431
            },
            "4": {
                "precision": 0.9748283752860412,
                "recall": 0.9726027397260274,
                "f1-score": 0.9737142857142856,
                "support": 438
            },
            "5": {
                "precision": 0.9513609995537706,
                "recall": 0.9425287356321839,
                "f1-score": 0.9469242727070842,
                "support": 2262
            },
            "6": {
                "precision": 0.7560975609756098,
                "recall": 0.751101321585903,
                "f1-score": 0.7535911602209945,
                "support": 454
            },
            "7": {
                "precision": 0.9230210602759622,
                "recall": 0.9387001477104875,
                "f1-score": 0.9307945807396558,
                "support": 1354
            },
            "8": {
                "precision": 0.8564593301435407,
                "recall": 0.9029003783102144,
                "f1-score": 0.8790669122160836,
                "support": 793
            },
            "accuracy": 0.827997172002828,
            "macro avg": {
                "precision": 0.8169003301081643,
                "recall": 0.7807218129345684,
                "f1-score": 0.7949928197641782,
                "support": 9901
            },
            "weighted avg": {
                "precision": 0.8257305975164133,
                "recall": 0.827997172002828,
                "f1-score": 0.8246570847479567,
                "support": 9901
            },
            "logloss": 0.4436803961822661,
            "score": -0.4436803961822661
        },
        "test": {
            "0": {
                "precision": 0.7128378378378378,
                "recall": 0.5466321243523317,
                "f1-score": 0.6187683284457478,
                "support": 386
            },
            "1": {
                "precision": 0.7527151211361738,
                "recall": 0.8383995037220844,
                "f1-score": 0.7932501834189288,
                "support": 3224
            },
            "2": {
                "precision": 0.6151582045621781,
                "recall": 0.5221736414740787,
                "f1-score": 0.5648648648648649,
                "support": 1601
            },
            "3": {
                "precision": 0.6973995271867612,
                "recall": 0.5483271375464684,
                "f1-score": 0.6139438085327784,
                "support": 538
            },
            "4": {
                "precision": 0.9710144927536232,
                "recall": 0.9781021897810219,
                "f1-score": 0.9745454545454545,
                "support": 548
            },
            "5": {
                "precision": 0.9571428571428572,
                "recall": 0.948001414927485,
                "f1-score": 0.952550204371779,
                "support": 2827
            },
            "6": {
                "precision": 0.7401433691756273,
                "recall": 0.727112676056338,
                "f1-score": 0.7335701598579041,
                "support": 568
            },
            "7": {
                "precision": 0.9168110918544194,
                "recall": 0.9373892498523332,
                "f1-score": 0.9269859813084111,
                "support": 1693
            },
            "8": {
                "precision": 0.850844277673546,
                "recall": 0.9152371342078708,
                "f1-score": 0.881866796305299,
                "support": 991
            },
            "accuracy": 0.821590174531351,
            "macro avg": {
                "precision": 0.801562975480336,
                "recall": 0.7734861191022235,
                "f1-score": 0.7844828646279075,
                "support": 12376
            },
            "weighted avg": {
                "precision": 0.8173631446046031,
                "recall": 0.821590174531351,
                "f1-score": 0.8175362825553392,
                "support": 12376
            },
            "logloss": 0.4442524509555868,
            "score": -0.4442524509555868
        }
    }
}
