{
    "program": "bin/ensemble.py",
    "single_program": "/slot/sandbox/d/in/script/0_script_unpacked/pretrains/bin/pretrain_mask___80d1755969cd4206af31fc63fa65dcf6.py",
    "config": {
        "seeds": [
            "5",
            "6",
            "7",
            "8",
            "9"
        ]
    },
    "prediction_type": "probs",
    "metrics": {
        "train": {
            "0": {
                "precision": 0.9052585408645646,
                "recall": 0.9393173198482933,
                "f1-score": 0.9219734948131235,
                "support": 19775
            },
            "1": {
                "precision": 0.7829625610417797,
                "recall": 0.6901004304160688,
                "f1-score": 0.733604473817997,
                "support": 6273
            },
            "accuracy": 0.8792997542997543,
            "macro avg": {
                "precision": 0.8441105509531721,
                "recall": 0.814708875132181,
                "f1-score": 0.8277889843155603,
                "support": 26048
            },
            "weighted avg": {
                "precision": 0.8758066565959709,
                "recall": 0.8792997542997543,
                "f1-score": 0.8766095947554443,
                "support": 26048
            },
            "roc_auc": 0.9355509646120481,
            "score": 0.9355509646120481
        },
        "val": {
            "0": {
                "precision": 0.8957401283796926,
                "recall": 0.9312436804853387,
                "f1-score": 0.9131469363474123,
                "support": 4945
            },
            "1": {
                "precision": 0.7521865889212828,
                "recall": 0.6581632653061225,
                "f1-score": 0.7020408163265306,
                "support": 1568
            },
            "accuracy": 0.8654997696913864,
            "macro avg": {
                "precision": 0.8239633586504878,
                "recall": 0.7947034728957305,
                "f1-score": 0.8075938763369714,
                "support": 6513
            },
            "weighted avg": {
                "precision": 0.8611797184501998,
                "recall": 0.8654997696913864,
                "f1-score": 0.8623232919143181,
                "support": 6513
            },
            "roc_auc": 0.9245937454860609,
            "score": 0.9245937454860609
        },
        "test": {
            "0": {
                "precision": 0.8968592477704537,
                "recall": 0.9300361881785284,
                "f1-score": 0.9131464666403474,
                "support": 12435
            },
            "1": {
                "precision": 0.7430596574128765,
                "recall": 0.6541861674466979,
                "f1-score": 0.6957964601769911,
                "support": 3846
            },
            "accuracy": 0.8648731650390025,
            "macro avg": {
                "precision": 0.8199594525916651,
                "recall": 0.7921111778126131,
                "f1-score": 0.8044714634086693,
                "support": 16281
            },
            "weighted avg": {
                "precision": 0.8605277432857634,
                "recall": 0.8648731650390025,
                "f1-score": 0.8618026840190054,
                "support": 16281
            },
            "roc_auc": 0.9195109211686522,
            "score": 0.9195109211686522
        }
    }
}
