{
    "program": "bin/ensemble.py",
    "single_program": "/slot/sandbox/d/in/script/0_script_unpacked/pretrains/bin/pretrain_ae_supervised___772b855fc1164127af485033e9b2b130.py",
    "config": {
        "seeds": [
            "0",
            "1",
            "2",
            "3",
            "4"
        ]
    },
    "prediction_type": "probs",
    "metrics": {
        "train": {
            "0": {
                "precision": 0.9982654650398943,
                "recall": 0.9975659767808936,
                "f1-score": 0.9979155983339544,
                "support": 135578
            },
            "1": {
                "precision": 0.9981038474258627,
                "recall": 0.9986983762795623,
                "f1-score": 0.9984010233450591,
                "support": 181312
            },
            "2": {
                "precision": 0.999387737251815,
                "recall": 0.9986889257931999,
                "f1-score": 0.999038209320626,
                "support": 22882
            },
            "3": {
                "precision": 0.9971542401821286,
                "recall": 0.9960204661739624,
                "f1-score": 0.9965870307167235,
                "support": 1759
            },
            "4": {
                "precision": 0.9955555555555555,
                "recall": 0.9955555555555555,
                "f1-score": 0.9955555555555555,
                "support": 6075
            },
            "5": {
                "precision": 0.9979342554338063,
                "recall": 0.9996401259559154,
                "f1-score": 0.9987864623129129,
                "support": 11115
            },
            "6": {
                "precision": 0.9976357535082367,
                "recall": 0.9965716897760171,
                "f1-score": 0.9971034377620246,
                "support": 13126
            },
            "accuracy": 0.998173980158506,
            "macro avg": {
                "precision": 0.9977195506281856,
                "recall": 0.9975344451878724,
                "f1-score": 0.9976267596209796,
                "support": 371847
            },
            "weighted avg": {
                "precision": 0.9981740626269111,
                "recall": 0.998173980158506,
                "f1-score": 0.998173892705973,
                "support": 371847
            },
            "score": 0.998173980158506
        },
        "val": {
            "0": {
                "precision": 0.9743096457217273,
                "recall": 0.9712338466985307,
                "f1-score": 0.9727693148741892,
                "support": 33894
            },
            "1": {
                "precision": 0.9758864001055108,
                "recall": 0.9794387575008825,
                "f1-score": 0.9776593519120028,
                "support": 45328
            },
            "2": {
                "precision": 0.9738174201431314,
                "recall": 0.9751791644817339,
                "f1-score": 0.9744978165938865,
                "support": 5721
            },
            "3": {
                "precision": 0.9174311926605505,
                "recall": 0.9111617312072893,
                "f1-score": 0.9142857142857143,
                "support": 439
            },
            "4": {
                "precision": 0.932145305003427,
                "recall": 0.8953258722843976,
                "f1-score": 0.9133646742780389,
                "support": 1519
            },
            "5": {
                "precision": 0.9542039355992844,
                "recall": 0.9596977329974811,
                "f1-score": 0.9569429494079654,
                "support": 2779
            },
            "6": {
                "precision": 0.9721115537848606,
                "recall": 0.9664838513101767,
                "f1-score": 0.9692895339954163,
                "support": 3282
            },
            "accuracy": 0.9734407607409479,
            "macro avg": {
                "precision": 0.9571293504312132,
                "recall": 0.9512172794972129,
                "f1-score": 0.954115622192459,
                "support": 92962
            },
            "weighted avg": {
                "precision": 0.9734119662350658,
                "recall": 0.9734407607409479,
                "f1-score": 0.9734172387246844,
                "support": 92962
            },
            "score": 0.9734407607409479
        },
        "test": {
            "0": {
                "precision": 0.9744804871691586,
                "recall": 0.9706854229607251,
                "f1-score": 0.9725792529354035,
                "support": 42368
            },
            "1": {
                "precision": 0.9743188884399866,
                "recall": 0.9789273044951554,
                "f1-score": 0.9766176600052822,
                "support": 56661
            },
            "2": {
                "precision": 0.9715362076182503,
                "recall": 0.9737099706334779,
                "f1-score": 0.9726218745634866,
                "support": 7151
            },
            "3": {
                "precision": 0.9128014842300557,
                "recall": 0.8961748633879781,
                "f1-score": 0.9044117647058825,
                "support": 549
            },
            "4": {
                "precision": 0.9273835920177383,
                "recall": 0.8809899947340706,
                "f1-score": 0.9035916824196597,
                "support": 1899
            },
            "5": {
                "precision": 0.9510729613733906,
                "recall": 0.9570976101353297,
                "f1-score": 0.9540757749712974,
                "support": 3473
            },
            "6": {
                "precision": 0.9786030496802754,
                "recall": 0.970014627011214,
                "f1-score": 0.9742899118511263,
                "support": 4102
            },
            "accuracy": 0.9726427028562086,
            "macro avg": {
                "precision": 0.9557423815041223,
                "recall": 0.9467999704797074,
                "f1-score": 0.951169703064591,
                "support": 116203
            },
            "weighted avg": {
                "precision": 0.9726053785158848,
                "recall": 0.9726427028562086,
                "f1-score": 0.9726089265815602,
                "support": 116203
            },
            "score": 0.9726427028562086
        }
    }
}
