{
    "program": "bin/ensemble.py",
    "single_program": "/slot/sandbox/d/in/script/0_script_unpacked/pretrains/bin/pretrain_ae_supervised___acbf734f899c4666b9b36945818600a3.py",
    "config": {
        "seeds": [
            "5",
            "6",
            "7",
            "8",
            "9"
        ]
    },
    "prediction_type": null,
    "metrics": {
        "train": {
            "rmse": 0.3187000422605608,
            "score": -0.3187000422605608
        },
        "val": {
            "rmse": 0.41410377432328555,
            "score": -0.41410377432328555
        },
        "test": {
            "rmse": 0.40862924555679403,
            "score": -0.40862924555679403
        }
    }
}
