{
    "program": "bin/ensemble.py",
    "single_program": "/slot/sandbox/d/in/script/0_script_unpacked/pretrains/bin/finetune___7803776dfbb84c268181d6ee513cca38.py",
    "config": {
        "seeds": [
            "0",
            "1",
            "2",
            "3",
            "4"
        ]
    },
    "prediction_type": null,
    "metrics": {
        "train": {
            "rmse": 1.3925601070333429,
            "score": -1.3925601070333429
        },
        "val": {
            "rmse": 1.7879196829319186,
            "score": -1.7879196829319186
        },
        "test": {
            "rmse": 1.7927158201441549,
            "score": -1.7927158201441549
        }
    }
}
