{
    "program": "bin/ensemble.py",
    "single_program": "/slot/sandbox/d/in/script/0_script_unpacked/pretrains/bin/pretrain_mask_pretrain_es___6bfbf4b074a740f7b42154b0a78882d8.py",
    "config": {
        "seeds": [
            "0",
            "1",
            "2",
            "3",
            "4"
        ]
    },
    "prediction_type": "probs",
    "metrics": {
        "train": {
            "0": {
                "precision": 0.9936213095510553,
                "recall": 0.9926905545147443,
                "f1-score": 0.9931557139641883,
                "support": 135578
            },
            "1": {
                "precision": 0.994677741376838,
                "recall": 0.9946887133780444,
                "f1-score": 0.9946832273471841,
                "support": 181312
            },
            "2": {
                "precision": 0.9977692240398915,
                "recall": 0.9968971243772398,
                "f1-score": 0.9973329835606857,
                "support": 22882
            },
            "3": {
                "precision": 0.9909142532651902,
                "recall": 0.992040932347925,
                "f1-score": 0.9914772727272728,
                "support": 1759
            },
            "4": {
                "precision": 0.9769517935400097,
                "recall": 0.9907818930041152,
                "f1-score": 0.9838182412553121,
                "support": 6075
            },
            "5": {
                "precision": 0.993457022497087,
                "recall": 0.9972109761583445,
                "f1-score": 0.9953304597701149,
                "support": 11115
            },
            "6": {
                "precision": 0.9917814473784339,
                "recall": 0.992914825537102,
                "f1-score": 0.9923478128450146,
                "support": 13126
            },
            "accuracy": 0.9940324918582105,
            "macro avg": {
                "precision": 0.9913103988069294,
                "recall": 0.9938892884739307,
                "f1-score": 0.992592244495682,
                "support": 371847
            },
            "weighted avg": {
                "precision": 0.9940366718997452,
                "recall": 0.9940324918582105,
                "f1-score": 0.9940335778547273,
                "support": 371847
            },
            "score": 0.9940324918582105
        },
        "val": {
            "0": {
                "precision": 0.9705081938117494,
                "recall": 0.9679884345311854,
                "f1-score": 0.9692466765140325,
                "support": 33894
            },
            "1": {
                "precision": 0.9745715987032177,
                "recall": 0.9748941051888458,
                "f1-score": 0.9747328252693805,
                "support": 45328
            },
            "2": {
                "precision": 0.9714335481623411,
                "recall": 0.9748295752490823,
                "f1-score": 0.9731285988483686,
                "support": 5721
            },
            "3": {
                "precision": 0.9316037735849056,
                "recall": 0.8997722095671982,
                "f1-score": 0.9154113557358055,
                "support": 439
            },
            "4": {
                "precision": 0.8981058131939909,
                "recall": 0.9052007899934167,
                "f1-score": 0.901639344262295,
                "support": 1519
            },
            "5": {
                "precision": 0.944070796460177,
                "recall": 0.9596977329974811,
                "f1-score": 0.9518201284796574,
                "support": 2779
            },
            "6": {
                "precision": 0.965674362089915,
                "recall": 0.9686166971358927,
                "f1-score": 0.9671432917554,
                "support": 3282
            },
            "accuracy": 0.9702028785955552,
            "macro avg": {
                "precision": 0.9508525837151852,
                "recall": 0.9501427920947288,
                "f1-score": 0.9504460315521344,
                "support": 92962
            },
            "weighted avg": {
                "precision": 0.9702186943342337,
                "recall": 0.9702028785955552,
                "f1-score": 0.9702064632998133,
                "support": 92962
            },
            "score": 0.9702028785955552
        },
        "test": {
            "0": {
                "precision": 0.9699294407349529,
                "recall": 0.9668617824773413,
                "f1-score": 0.9683931821942743,
                "support": 42368
            },
            "1": {
                "precision": 0.9730797031186644,
                "recall": 0.9741444732708565,
                "f1-score": 0.973611797078953,
                "support": 56661
            },
            "2": {
                "precision": 0.9686673165297313,
                "recall": 0.9727310865613201,
                "f1-score": 0.9706949483672901,
                "support": 7151
            },
            "3": {
                "precision": 0.9114391143911439,
                "recall": 0.8998178506375227,
                "f1-score": 0.9055912007332723,
                "support": 549
            },
            "4": {
                "precision": 0.8936842105263157,
                "recall": 0.8941548183254344,
                "f1-score": 0.8939194524874966,
                "support": 1899
            },
            "5": {
                "precision": 0.9460154241645244,
                "recall": 0.9536423841059603,
                "f1-score": 0.9498135933467163,
                "support": 3473
            },
            "6": {
                "precision": 0.9662785055798156,
                "recall": 0.9709897610921502,
                "f1-score": 0.9686284046692607,
                "support": 4102
            },
            "accuracy": 0.9690197327091383,
            "macro avg": {
                "precision": 0.9470133878635926,
                "recall": 0.9474774509243693,
                "f1-score": 0.9472360826967519,
                "support": 116203
            },
            "weighted avg": {
                "precision": 0.9690219010832012,
                "recall": 0.9690197327091383,
                "f1-score": 0.9690186904674993,
                "support": 116203
            },
            "score": 0.9690197327091383
        }
    }
}
