{
    "program": "bin/ensemble.py",
    "single_program": "/slot/sandbox/d/in/script/0_script_unpacked/pretrains/bin/pretrain_mask___dcf2a9eed3cf4f599157fa3320aeaa6f.py",
    "config": {
        "seeds": [
            "10",
            "11",
            "12",
            "13",
            "14"
        ]
    },
    "prediction_type": "probs",
    "metrics": {
        "train": {
            "0": {
                "precision": 0.9027632205812292,
                "recall": 0.9582300884955752,
                "f1-score": 0.9296700601005765,
                "support": 19775
            },
            "1": {
                "precision": 0.8366943455911428,
                "recall": 0.6746373346086402,
                "f1-score": 0.7469773188597651,
                "support": 6273
            },
            "accuracy": 0.8899339680589681,
            "macro avg": {
                "precision": 0.869728783086186,
                "recall": 0.8164337115521076,
                "f1-score": 0.8383236894801709,
                "support": 26048
            },
            "weighted avg": {
                "precision": 0.8868522081114498,
                "recall": 0.8899339680589681,
                "f1-score": 0.8856731480227353,
                "support": 26048
            },
            "roc_auc": 0.9461412394297959,
            "score": 0.9461412394297959
        },
        "val": {
            "0": {
                "precision": 0.8892687559354227,
                "recall": 0.9468149646107179,
                "f1-score": 0.9171400587659159,
                "support": 4945
            },
            "1": {
                "precision": 0.7892628205128205,
                "recall": 0.6281887755102041,
                "f1-score": 0.6995738636363638,
                "support": 1568
            },
            "accuracy": 0.8701059419622293,
            "macro avg": {
                "precision": 0.8392657882241216,
                "recall": 0.787501870060461,
                "f1-score": 0.8083569612011399,
                "support": 6513
            },
            "weighted avg": {
                "precision": 0.8651923999178209,
                "recall": 0.8701059419622293,
                "f1-score": 0.8647611559618105,
                "support": 6513
            },
            "roc_auc": 0.9313753585357298,
            "score": 0.9313753585357298
        },
        "test": {
            "0": {
                "precision": 0.894057828033695,
                "recall": 0.9474065138721351,
                "f1-score": 0.9199593940340467,
                "support": 12435
            },
            "1": {
                "precision": 0.7893041237113402,
                "recall": 0.6370254810192407,
                "f1-score": 0.7050359712230215,
                "support": 3846
            },
            "accuracy": 0.8740863583317978,
            "macro avg": {
                "precision": 0.8416809758725177,
                "recall": 0.7922159974456879,
                "f1-score": 0.8124976826285342,
                "support": 16281
            },
            "weighted avg": {
                "precision": 0.8693122505615632,
                "recall": 0.8740863583317978,
                "f1-score": 0.8691888342323636,
                "support": 16281
            },
            "roc_auc": 0.9281305220845747,
            "score": 0.9281305220845747
        }
    }
}
