{
    "program": "bin/ensemble.py",
    "single_program": "/slot/sandbox/d/in/script/0_script_unpacked/pretrains/bin/pretrain_mask___b44a634b009a42cf92bbbfc0cdbafadd.py",
    "config": {
        "seeds": [
            "5",
            "6",
            "7",
            "8",
            "9"
        ]
    },
    "prediction_type": "probs",
    "metrics": {
        "train": {
            "0": {
                "precision": 0.8951481010357987,
                "recall": 0.966640502354788,
                "f1-score": 0.9295216529861308,
                "support": 5096
            },
            "1": {
                "precision": 0.810479375696767,
                "recall": 0.5575153374233128,
                "f1-score": 0.6606088141753748,
                "support": 1304
            },
            "accuracy": 0.88328125,
            "macro avg": {
                "precision": 0.8528137383662828,
                "recall": 0.7620779198890504,
                "f1-score": 0.7950652335807528,
                "support": 6400
            },
            "weighted avg": {
                "precision": 0.8778968482479709,
                "recall": 0.88328125,
                "f1-score": 0.8747306620784393,
                "support": 6400
            },
            "roc_auc": 0.9107445331837314,
            "score": 0.9107445331837314
        },
        "val": {
            "0": {
                "precision": 0.8807471264367817,
                "recall": 0.9623233908948194,
                "f1-score": 0.9197299324831207,
                "support": 1274
            },
            "1": {
                "precision": 0.7692307692307693,
                "recall": 0.49079754601226994,
                "f1-score": 0.5992509363295881,
                "support": 326
            },
            "accuracy": 0.86625,
            "macro avg": {
                "precision": 0.8249889478337755,
                "recall": 0.7265604684535447,
                "f1-score": 0.7594904344063544,
                "support": 1600
            },
            "weighted avg": {
                "precision": 0.8580256686560566,
                "recall": 0.86625,
                "f1-score": 0.8544323370168385,
                "support": 1600
            },
            "roc_auc": 0.876349548786008,
            "score": 0.876349548786008
        },
        "test": {
            "0": {
                "precision": 0.8773747841105354,
                "recall": 0.9566854990583804,
                "f1-score": 0.9153153153153152,
                "support": 1593
            },
            "1": {
                "precision": 0.7376425855513308,
                "recall": 0.47665847665847666,
                "f1-score": 0.5791044776119403,
                "support": 407
            },
            "accuracy": 0.859,
            "macro avg": {
                "precision": 0.8075086848309331,
                "recall": 0.7166719878584286,
                "f1-score": 0.7472098964636278,
                "support": 2000
            },
            "weighted avg": {
                "precision": 0.8489392817037372,
                "recall": 0.859,
                "f1-score": 0.8468964098426784,
                "support": 2000
            },
            "roc_auc": 0.8602624195844535,
            "score": 0.8602624195844535
        }
    }
}
