{
    "program": "bin/ensemble.py",
    "single_program": "/slot/sandbox/d/in/script/0_script_unpacked/pretrains/bin/pretrain_ae___48f26bb00a5e4121b49357a507a24323.py",
    "config": {
        "seeds": [
            "0",
            "1",
            "2",
            "3",
            "4"
        ]
    },
    "prediction_type": null,
    "metrics": {
        "train": {
            "rmse": 17087.212094006467,
            "score": -17087.212094006467
        },
        "val": {
            "rmse": 26715.03894985165,
            "score": -26715.03894985165
        },
        "test": {
            "rmse": 29928.596539893097,
            "score": -29928.596539893097
        }
    }
}
