{
    "program": "bin/ensemble.py",
    "single_program": "/slot/sandbox/d/in/script/0_script_unpacked/pretrains/bin/pretrain_ae_supervised___551ba88b28b94d6b88546bc7890d3b97.py",
    "config": {
        "seeds": [
            "5",
            "6",
            "7",
            "8",
            "9"
        ]
    },
    "prediction_type": null,
    "metrics": {
        "train": {
            "rmse": 21591.902840027753,
            "score": -21591.902840027753
        },
        "val": {
            "rmse": 27146.17426575156,
            "score": -27146.17426575156
        },
        "test": {
            "rmse": 29818.934776609134,
            "score": -29818.934776609134
        }
    }
}
