{
    "program": "bin/ensemble.py",
    "single_program": "/slot/sandbox/d/in/script/0_script_unpacked/pretrains/bin/augmented_supervised___eda73111c3b3437abcfd2252c9ca84ba.py",
    "config": {
        "seeds": [
            "5",
            "6",
            "7",
            "8",
            "9"
        ]
    },
    "prediction_type": "probs",
    "metrics": {
        "train": {
            "0": {
                "precision": 0.8768906085121351,
                "recall": 0.978414442700157,
                "f1-score": 0.9248747913188647,
                "support": 5096
            },
            "1": {
                "precision": 0.84593837535014,
                "recall": 0.46319018404907975,
                "f1-score": 0.5986124876114965,
                "support": 1304
            },
            "accuracy": 0.8734375,
            "macro avg": {
                "precision": 0.8614144919311375,
                "recall": 0.7208023133746184,
                "f1-score": 0.7617436394651806,
                "support": 6400
            },
            "weighted avg": {
                "precision": 0.8705840910053786,
                "recall": 0.8734375,
                "f1-score": 0.8583988469384884,
                "support": 6400
            },
            "roc_auc": 0.9013461478267569,
            "score": 0.9013461478267569
        },
        "val": {
            "0": {
                "precision": 0.8692628650904033,
                "recall": 0.9811616954474097,
                "f1-score": 0.9218289085545723,
                "support": 1274
            },
            "1": {
                "precision": 0.8518518518518519,
                "recall": 0.4233128834355828,
                "f1-score": 0.5655737704918032,
                "support": 326
            },
            "accuracy": 0.8675,
            "macro avg": {
                "precision": 0.8605573584711276,
                "recall": 0.7022372894414963,
                "f1-score": 0.7437013395231877,
                "support": 1600
            },
            "weighted avg": {
                "precision": 0.8657153711430484,
                "recall": 0.8675,
                "f1-score": 0.8492419241742831,
                "support": 1600
            },
            "roc_auc": 0.8672289585961802,
            "score": 0.8672289585961802
        },
        "test": {
            "0": {
                "precision": 0.8622222222222222,
                "recall": 0.9742623979912115,
                "f1-score": 0.9148246389625699,
                "support": 1593
            },
            "1": {
                "precision": 0.795,
                "recall": 0.3906633906633907,
                "f1-score": 0.5238879736408567,
                "support": 407
            },
            "accuracy": 0.8555,
            "macro avg": {
                "precision": 0.8286111111111112,
                "recall": 0.6824628943273011,
                "f1-score": 0.7193563063017133,
                "support": 2000
            },
            "weighted avg": {
                "precision": 0.8485425,
                "recall": 0.8555,
                "f1-score": 0.8352690275696012,
                "support": 2000
            },
            "roc_auc": 0.8536718536718537,
            "score": 0.8536718536718537
        }
    }
}
