{
    "program": "bin/ensemble.py",
    "single_program": "/slot/sandbox/d/in/script/0_script_unpacked/pretrains/bin/pretrain_ae_supervised___551ba88b28b94d6b88546bc7890d3b97.py",
    "config": {
        "seeds": [
            "0",
            "1",
            "2",
            "3",
            "4"
        ]
    },
    "prediction_type": null,
    "metrics": {
        "train": {
            "rmse": 21291.58938107977,
            "score": -21291.58938107977
        },
        "val": {
            "rmse": 27072.853159546303,
            "score": -27072.853159546303
        },
        "test": {
            "rmse": 29751.544218577343,
            "score": -29751.544218577343
        }
    }
}
