{
    "program": "bin/ensemble.py",
    "single_program": "/slot/sandbox/d/in/script/0_script_unpacked/pretrains/bin/finetune___9f836a2d385c4e27a59946f4e24458a9.py",
    "config": {
        "seeds": [
            "10",
            "11",
            "12",
            "13",
            "14"
        ]
    },
    "prediction_type": null,
    "metrics": {
        "train": {
            "rmse": 0.7215720184087484,
            "score": -0.7215720184087484
        },
        "val": {
            "rmse": 0.7432468804884735,
            "score": -0.7432468804884735
        },
        "test": {
            "rmse": 0.747444661807077,
            "score": -0.747444661807077
        }
    }
}
