{
    "program": "bin/ensemble.py",
    "single_program": "/slot/sandbox/d/in/script/0_script_unpacked/pretrains/bin/pretrain_mask_supervised___6b61517144a8481182aee1dd9412763e.py",
    "config": {
        "seeds": [
            "10",
            "11",
            "12",
            "13",
            "14"
        ]
    },
    "prediction_type": "probs",
    "metrics": {
        "train": {
            "0": {
                "precision": 0.9082910321489002,
                "recall": 0.9500884955752212,
                "f1-score": 0.9287197231833909,
                "support": 19775
            },
            "1": {
                "precision": 0.8159612157374604,
                "recall": 0.697592858281524,
                "f1-score": 0.75214850464077,
                "support": 6273
            },
            "accuracy": 0.8892813267813268,
            "macro avg": {
                "precision": 0.8621261239431803,
                "recall": 0.8238406769283726,
                "f1-score": 0.8404341139120804,
                "support": 26048
            },
            "weighted avg": {
                "precision": 0.886055738139803,
                "recall": 0.8892813267813268,
                "f1-score": 0.8861970245532519,
                "support": 26048
            },
            "roc_auc": 0.9447577894385325,
            "score": 0.9447577894385325
        },
        "val": {
            "0": {
                "precision": 0.8970843792237884,
                "recall": 0.9395348837209302,
                "f1-score": 0.9178190438561833,
                "support": 4945
            },
            "1": {
                "precision": 0.7758620689655172,
                "recall": 0.6600765306122449,
                "f1-score": 0.7133011716057891,
                "support": 1568
            },
            "accuracy": 0.872255489021956,
            "macro avg": {
                "precision": 0.8364732240946529,
                "recall": 0.7998057071665876,
                "f1-score": 0.8155601077309862,
                "support": 6513
            },
            "weighted avg": {
                "precision": 0.8679001964378267,
                "recall": 0.872255489021956,
                "f1-score": 0.868581515268955,
                "support": 6513
            },
            "roc_auc": 0.9318234637130889,
            "score": 0.9318234637130889
        },
        "test": {
            "0": {
                "precision": 0.8982164821648216,
                "recall": 0.9396059509449135,
                "f1-score": 0.9184451519081868,
                "support": 12435
            },
            "1": {
                "precision": 0.7705468988695386,
                "recall": 0.655746229849194,
                "f1-score": 0.7085264784379829,
                "support": 3846
            },
            "accuracy": 0.872550826116332,
            "macro avg": {
                "precision": 0.8343816905171801,
                "recall": 0.7976760903970537,
                "f1-score": 0.8134858151730848,
                "support": 16281
            },
            "weighted avg": {
                "precision": 0.8680575719410234,
                "recall": 0.872550826116332,
                "f1-score": 0.8688568454057358,
                "support": 16281
            },
            "roc_auc": 0.9278645420042777,
            "score": 0.9278645420042777
        }
    }
}
