{
    "program": "bin/ensemble.py",
    "single_program": "/slot/sandbox/d/in/script/0_script_unpacked/pretrains/bin/pretrain_mask_supervised___c6ab001745fc4eb68b68987562693631.py",
    "config": {
        "seeds": [
            "5",
            "6",
            "7",
            "8",
            "9"
        ]
    },
    "prediction_type": null,
    "metrics": {
        "train": {
            "rmse": 16974.556372545943,
            "score": -16974.556372545943
        },
        "val": {
            "rmse": 27905.257683068645,
            "score": -27905.257683068645
        },
        "test": {
            "rmse": 30501.09348399031,
            "score": -30501.09348399031
        }
    }
}
