{
    "program": "bin/ensemble.py",
    "single_program": "/slot/sandbox/d/in/script/0_script_unpacked/pretrains/bin/pretrain_ae___a6ec0f95357a4c90af8c7ce250c090eb.py",
    "config": {
        "seeds": [
            "0",
            "1",
            "2",
            "3",
            "4"
        ]
    },
    "prediction_type": "probs",
    "metrics": {
        "train": {
            "0": {
                "precision": 0.9172811172420529,
                "recall": 0.949936788874842,
                "f1-score": 0.9333233964326526,
                "support": 19775
            },
            "1": {
                "precision": 0.8222302029089603,
                "recall": 0.7299537701259365,
                "f1-score": 0.7733490964364127,
                "support": 6273
            },
            "accuracy": 0.8969594594594594,
            "macro avg": {
                "precision": 0.8697556600755065,
                "recall": 0.8399452795003892,
                "f1-score": 0.8533362464345327,
                "support": 26048
            },
            "weighted avg": {
                "precision": 0.8943905158288354,
                "recall": 0.8969594594594594,
                "f1-score": 0.8947976445946454,
                "support": 26048
            },
            "roc_auc": 0.9511001879707206,
            "score": 0.9511001879707206
        },
        "val": {
            "0": {
                "precision": 0.898545101842871,
                "recall": 0.9367037411526795,
                "f1-score": 0.9172277227722773,
                "support": 4945
            },
            "1": {
                "precision": 0.7695139911634757,
                "recall": 0.6664540816326531,
                "f1-score": 0.7142857142857143,
                "support": 1568
            },
            "accuracy": 0.871641332719177,
            "macro avg": {
                "precision": 0.8340295465031733,
                "recall": 0.8015789113926663,
                "f1-score": 0.8157567185289958,
                "support": 6513
            },
            "weighted avg": {
                "precision": 0.8674809560505645,
                "recall": 0.871641332719177,
                "f1-score": 0.8683695822368971,
                "support": 6513
            },
            "roc_auc": 0.932831684240936,
            "score": 0.932831684240936
        },
        "test": {
            "0": {
                "precision": 0.901323426979336,
                "recall": 0.9365500603136309,
                "f1-score": 0.9185991481306199,
                "support": 12435
            },
            "1": {
                "precision": 0.7651785714285714,
                "recall": 0.6684867394695788,
                "f1-score": 0.713572023313905,
                "support": 3846
            },
            "accuracy": 0.8732264602911369,
            "macro avg": {
                "precision": 0.8332509992039536,
                "recall": 0.8025183998916048,
                "f1-score": 0.8160855857222624,
                "support": 16281
            },
            "weighted avg": {
                "precision": 0.869162434752308,
                "recall": 0.8732264602911369,
                "f1-score": 0.8701663539505888,
                "support": 16281
            },
            "roc_auc": 0.9280917139379583,
            "score": 0.9280917139379583
        }
    }
}
