{
    "program": "bin/ensemble.py",
    "single_program": "/slot/sandbox/d/in/script/0_script_unpacked/pretrains/bin/pretrain_supervised_contrastive___034b2ec7b0f7473eb1ce9240f4b1ae36.py",
    "config": {
        "seeds": [
            "5",
            "6",
            "7",
            "8",
            "9"
        ]
    },
    "prediction_type": null,
    "metrics": {
        "train": {
            "rmse": 0.2740074109410063,
            "score": -0.2740074109410063
        },
        "val": {
            "rmse": 0.42948562798567586,
            "score": -0.42948562798567586
        },
        "test": {
            "rmse": 0.4317297547599453,
            "score": -0.4317297547599453
        }
    }
}
