{
    "program": "bin/ensemble.py",
    "single_program": "/slot/sandbox/d/in/script/0_script_unpacked/pretrains/bin/pretrain_ae_supervised___85d39506febe4d39aa6734c9818b062b.py",
    "config": {
        "seeds": [
            "10",
            "11",
            "12",
            "13",
            "14"
        ]
    },
    "prediction_type": "probs",
    "metrics": {
        "train": {
            "0": {
                "precision": 0.9007366482504604,
                "recall": 0.9597723704866562,
                "f1-score": 0.929317879536386,
                "support": 5096
            },
            "1": {
                "precision": 0.788659793814433,
                "recall": 0.5866564417177914,
                "f1-score": 0.6728232189973614,
                "support": 1304
            },
            "accuracy": 0.88375,
            "macro avg": {
                "precision": 0.8446982210324467,
                "recall": 0.7732144061022238,
                "f1-score": 0.8010705492668737,
                "support": 6400
            },
            "weighted avg": {
                "precision": 0.8779009891591198,
                "recall": 0.88375,
                "f1-score": 0.8770570924515597,
                "support": 6400
            },
            "roc_auc": 0.9041758663116025,
            "score": 0.9041758663116025
        },
        "val": {
            "0": {
                "precision": 0.8838568298027758,
                "recall": 0.9497645211930926,
                "f1-score": 0.9156261823685208,
                "support": 1274
            },
            "1": {
                "precision": 0.7229437229437229,
                "recall": 0.5122699386503068,
                "f1-score": 0.599640933572711,
                "support": 326
            },
            "accuracy": 0.860625,
            "macro avg": {
                "precision": 0.8034002763732493,
                "recall": 0.7310172299216997,
                "f1-score": 0.7576335579706159,
                "support": 1600
            },
            "weighted avg": {
                "precision": 0.8510707842802439,
                "recall": 0.860625,
                "f1-score": 0.8512441879263746,
                "support": 1600
            },
            "roc_auc": 0.8735926650037079,
            "score": 0.8735926650037079
        },
        "test": {
            "0": {
                "precision": 0.8819080860965678,
                "recall": 0.9516635279347144,
                "f1-score": 0.9154589371980676,
                "support": 1593
            },
            "1": {
                "precision": 0.7259786476868327,
                "recall": 0.5012285012285013,
                "f1-score": 0.5930232558139534,
                "support": 407
            },
            "accuracy": 0.86,
            "macro avg": {
                "precision": 0.8039433668917002,
                "recall": 0.7264460145816078,
                "f1-score": 0.7542410965060105,
                "support": 2000
            },
            "weighted avg": {
                "precision": 0.8501764453801868,
                "recall": 0.86,
                "f1-score": 0.8498432760364004,
                "support": 2000
            },
            "roc_auc": 0.860911759216844,
            "score": 0.860911759216844
        }
    }
}
