{
    "program": "bin/ensemble.py",
    "single_program": "/slot/sandbox/d/in/script/0_script_unpacked/pretrains/bin/pretrain_mask_supervised___c6524b464b9449729063821699471bd0.py",
    "config": {
        "seeds": [
            "0",
            "1",
            "2",
            "3",
            "4"
        ]
    },
    "prediction_type": "probs",
    "metrics": {
        "train": {
            "0": {
                "precision": 0.9364937388193202,
                "recall": 0.8477732793522267,
                "f1-score": 0.8899277518062049,
                "support": 1235
            },
            "1": {
                "precision": 0.8125329583406574,
                "recall": 0.8960069780965303,
                "f1-score": 0.852230825958702,
                "support": 10318
            },
            "2": {
                "precision": 0.7414398595258999,
                "recall": 0.6595080046856696,
                "f1-score": 0.6980781153130812,
                "support": 5122
            },
            "3": {
                "precision": 0.8745387453874539,
                "recall": 0.6881533101045296,
                "f1-score": 0.7702307442313941,
                "support": 1722
            },
            "4": {
                "precision": 0.9801812004530012,
                "recall": 0.9874500855675984,
                "f1-score": 0.9838022165387894,
                "support": 1753
            },
            "5": {
                "precision": 0.983196993146142,
                "recall": 0.983196993146142,
                "f1-score": 0.983196993146142,
                "support": 9046
            },
            "6": {
                "precision": 0.901685393258427,
                "recall": 0.8833241607044579,
                "f1-score": 0.8924103419516263,
                "support": 1817
            },
            "7": {
                "precision": 0.971766008488651,
                "recall": 0.9721247923204726,
                "f1-score": 0.9719453672942044,
                "support": 5417
            },
            "8": {
                "precision": 0.9503612943763745,
                "recall": 0.9539577420372123,
                "f1-score": 0.9521561221277934,
                "support": 3171
            },
            "accuracy": 0.8933107749804298,
            "macro avg": {
                "precision": 0.905799576866214,
                "recall": 0.8746105940016489,
                "f1-score": 0.8882198309297709,
                "support": 39601
            },
            "weighted avg": {
                "precision": 0.8932140008596953,
                "recall": 0.8933107749804298,
                "f1-score": 0.8918638892639367,
                "support": 39601
            },
            "logloss": 0.28024861077875957,
            "score": -0.28024861077875957
        },
        "val": {
            "0": {
                "precision": 0.7394957983193278,
                "recall": 0.5714285714285714,
                "f1-score": 0.6446886446886447,
                "support": 308
            },
            "1": {
                "precision": 0.7585128561501042,
                "recall": 0.8461240310077519,
                "f1-score": 0.7999267130817148,
                "support": 2580
            },
            "2": {
                "precision": 0.6352530541012217,
                "recall": 0.5683060109289617,
                "f1-score": 0.5999175937371242,
                "support": 1281
            },
            "3": {
                "precision": 0.7741935483870968,
                "recall": 0.5568445475638051,
                "f1-score": 0.6477732793522267,
                "support": 431
            },
            "4": {
                "precision": 0.9678899082568807,
                "recall": 0.9634703196347032,
                "f1-score": 0.965675057208238,
                "support": 438
            },
            "5": {
                "precision": 0.9486725663716814,
                "recall": 0.9478337754199824,
                "f1-score": 0.9482529854046882,
                "support": 2262
            },
            "6": {
                "precision": 0.7539863325740319,
                "recall": 0.7290748898678414,
                "f1-score": 0.7413213885778276,
                "support": 454
            },
            "7": {
                "precision": 0.9231884057971015,
                "recall": 0.9409158050221565,
                "f1-score": 0.9319678127286027,
                "support": 1354
            },
            "8": {
                "precision": 0.8648648648648649,
                "recall": 0.8877679697351829,
                "f1-score": 0.8761667703795892,
                "support": 793
            },
            "accuracy": 0.8284011715988284,
            "macro avg": {
                "precision": 0.8184508149802567,
                "recall": 0.779085102289884,
                "f1-score": 0.7950766939065174,
                "support": 9901
            },
            "weighted avg": {
                "precision": 0.8261935476853962,
                "recall": 0.8284011715988284,
                "f1-score": 0.8252922178664257,
                "support": 9901
            },
            "logloss": 0.4449911417325186,
            "score": -0.4449911417325186
        },
        "test": {
            "0": {
                "precision": 0.7534246575342466,
                "recall": 0.5699481865284974,
                "f1-score": 0.6489675516224188,
                "support": 386
            },
            "1": {
                "precision": 0.765397536394177,
                "recall": 0.848014888337469,
                "f1-score": 0.8045909358446146,
                "support": 3224
            },
            "2": {
                "precision": 0.6257022471910112,
                "recall": 0.5565271705184259,
                "f1-score": 0.5890909090909089,
                "support": 1601
            },
            "3": {
                "precision": 0.7371007371007371,
                "recall": 0.5576208178438662,
                "f1-score": 0.634920634920635,
                "support": 538
            },
            "4": {
                "precision": 0.9779816513761468,
                "recall": 0.9726277372262774,
                "f1-score": 0.9752973467520586,
                "support": 548
            },
            "5": {
                "precision": 0.9475721323011963,
                "recall": 0.9525999292536258,
                "f1-score": 0.9500793790792027,
                "support": 2827
            },
            "6": {
                "precision": 0.7734082397003745,
                "recall": 0.727112676056338,
                "f1-score": 0.7495462794918331,
                "support": 568
            },
            "7": {
                "precision": 0.9208092485549133,
                "recall": 0.9409332545776727,
                "f1-score": 0.9307624890446976,
                "support": 1693
            },
            "8": {
                "precision": 0.8669902912621359,
                "recall": 0.9011099899091827,
                "f1-score": 0.883720930232558,
                "support": 991
            },
            "accuracy": 0.8298319327731093,
            "macro avg": {
                "precision": 0.8187096379349933,
                "recall": 0.7807216278057062,
                "f1-score": 0.796330717342103,
                "support": 12376
            },
            "weighted avg": {
                "precision": 0.8265115343422526,
                "recall": 0.8298319327731093,
                "f1-score": 0.8263455456021875,
                "support": 12376
            },
            "logloss": 0.44247519796040874,
            "score": -0.44247519796040874
        }
    }
}
