{
    "program": "bin/ensemble.py",
    "single_program": "/slot/sandbox/d/in/script/0_script_unpacked/pretrains/bin/pretrain_mask___b949c7399e894a96aaf5d094d3482bf6.py",
    "config": {
        "seeds": [
            "10",
            "11",
            "12",
            "13",
            "14"
        ]
    },
    "prediction_type": null,
    "metrics": {
        "train": {
            "rmse": 12412.371098336016,
            "score": -12412.371098336016
        },
        "val": {
            "rmse": 26868.498057208668,
            "score": -26868.498057208668
        },
        "test": {
            "rmse": 29765.586474440577,
            "score": -29765.586474440577
        }
    }
}
