{
    "program": "bin/ensemble.py",
    "single_program": "/slot/sandbox/d/in/script/0_script_unpacked/pretrains/bin/pretrain_mask_supervised_fast___75be894165d6455980c5f3402079ee90.py",
    "config": {
        "seeds": [
            "0",
            "1",
            "2",
            "3",
            "4"
        ]
    },
    "prediction_type": null,
    "metrics": {
        "train": {
            "rmse": 3.1103311808295566,
            "score": -3.1103311808295566
        },
        "val": {
            "rmse": 5.090546625886757,
            "score": -5.090546625886757
        },
        "test": {
            "rmse": 5.406031526729042,
            "score": -5.406031526729042
        }
    }
}
