{
    "program": "bin/ensemble.py",
    "single_program": "/slot/sandbox/d/in/script/0_script_unpacked/pretrains/bin/pretrain_ae_mask___b763a14167454bf0bc7a0856b653db0c.py",
    "config": {
        "seeds": [
            "0",
            "1",
            "2",
            "3",
            "4"
        ]
    },
    "prediction_type": "probs",
    "metrics": {
        "train": {
            "0": {
                "precision": 0.7812510595016104,
                "recall": 0.7789534176188223,
                "f1-score": 0.7801005467440799,
                "support": 29582
            },
            "1": {
                "precision": 0.803373827279288,
                "recall": 0.8054810214356779,
                "f1-score": 0.8044260444109899,
                "support": 33169
            },
            "accuracy": 0.7929754107504263,
            "macro avg": {
                "precision": 0.7923124433904492,
                "recall": 0.7922172195272501,
                "f1-score": 0.7922632955775348,
                "support": 62751
            },
            "weighted avg": {
                "precision": 0.7929447390352878,
                "recall": 0.7929754107504263,
                "f1-score": 0.7929585479251565,
                "support": 62751
            },
            "roc_auc": 0.8797201971659026,
            "score": 0.8797201971659026
        },
        "val": {
            "0": {
                "precision": 0.7315752949340736,
                "recall": 0.7126825310978907,
                "f1-score": 0.7220053420998562,
                "support": 7396
            },
            "1": {
                "precision": 0.749498997995992,
                "recall": 0.766763145200193,
                "f1-score": 0.7580327868852459,
                "support": 8292
            },
            "accuracy": 0.7412672106068332,
            "macro avg": {
                "precision": 0.7405371464650328,
                "recall": 0.7397228381490418,
                "f1-score": 0.7400190644925511,
                "support": 15688
            },
            "weighted avg": {
                "precision": 0.741048991121569,
                "recall": 0.7412672106068332,
                "f1-score": 0.74104789514425,
                "support": 15688
            },
            "roc_auc": 0.8222514281979778,
            "score": 0.8222514281979778
        },
        "test": {
            "0": {
                "precision": 0.7199346405228758,
                "recall": 0.7148729042725798,
                "f1-score": 0.7173948439620081,
                "support": 9245
            },
            "1": {
                "precision": 0.7472674976030681,
                "recall": 0.7519536903039074,
                "f1-score": 0.749603270016831,
                "support": 10365
            },
            "accuracy": 0.7344722080571137,
            "macro avg": {
                "precision": 0.733601069062972,
                "recall": 0.7334132972882436,
                "f1-score": 0.7334990569894195,
                "support": 19610
            },
            "weighted avg": {
                "precision": 0.734381609601723,
                "recall": 0.7344722080571137,
                "f1-score": 0.7344188284626832,
                "support": 19610
            },
            "roc_auc": 0.8166201206007758,
            "score": 0.8166201206007758
        }
    }
}
