{
    "program": "bin/ensemble.py",
    "single_program": "/slot/sandbox/d/in/script/0_script_unpacked/pretrains/bin/pretrain_mask_supervised___acf68ef899f14bc79258a01ac520d954.py",
    "config": {
        "seeds": [
            "0",
            "1",
            "2",
            "3",
            "4"
        ]
    },
    "prediction_type": "probs",
    "metrics": {
        "train": {
            "0": {
                "precision": 0.9017388372429074,
                "recall": 0.946700379266751,
                "f1-score": 0.9236727846852182,
                "support": 19775
            },
            "1": {
                "precision": 0.8006430868167203,
                "recall": 0.6747967479674797,
                "f1-score": 0.7323529411764707,
                "support": 6273
            },
            "accuracy": 0.8812192874692875,
            "macro avg": {
                "precision": 0.8511909620298138,
                "recall": 0.8107485636171153,
                "f1-score": 0.8280128629308444,
                "support": 26048
            },
            "weighted avg": {
                "precision": 0.8773924904053969,
                "recall": 0.8812192874692875,
                "f1-score": 0.8775982538832229,
                "support": 26048
            },
            "roc_auc": 0.9368825478245115,
            "score": 0.9368825478245115
        },
        "val": {
            "0": {
                "precision": 0.8895966029723992,
                "recall": 0.9320525783619819,
                "f1-score": 0.910329843966028,
                "support": 4945
            },
            "1": {
                "precision": 0.7477477477477478,
                "recall": 0.6352040816326531,
                "f1-score": 0.6868965517241379,
                "support": 1568
            },
            "accuracy": 0.860586519269154,
            "macro avg": {
                "precision": 0.8186721753600734,
                "recall": 0.7836283299973175,
                "f1-score": 0.798613197845083,
                "support": 6513
            },
            "weighted avg": {
                "precision": 0.8554465945289393,
                "recall": 0.860586519269154,
                "f1-score": 0.8565384418110634,
                "support": 6513
            },
            "roc_auc": 0.9212774189554487,
            "score": 0.9212774189554487
        },
        "test": {
            "0": {
                "precision": 0.891412784897552,
                "recall": 0.9341375150784077,
                "f1-score": 0.9122751904500117,
                "support": 12435
            },
            "1": {
                "precision": 0.748,
                "recall": 0.6320852834113364,
                "f1-score": 0.685174746335964,
                "support": 3846
            },
            "accuracy": 0.8627848412259689,
            "macro avg": {
                "precision": 0.819706392448776,
                "recall": 0.783111399244872,
                "f1-score": 0.7987249683929878,
                "support": 16281
            },
            "weighted avg": {
                "precision": 0.8575349167865032,
                "recall": 0.8627848412259689,
                "f1-score": 0.8586280982528108,
                "support": 16281
            },
            "roc_auc": 0.9156485591952829,
            "score": 0.9156485591952829
        }
    }
}
