{
    "program": "bin/ensemble.py",
    "single_program": "/slot/sandbox/d/in/script/0_script_unpacked/pretrains/bin/pretrain_ae_supervised___b942193ddaf746cfbe6684e7980efa5e.py",
    "config": {
        "seeds": [
            "0",
            "1",
            "2",
            "3",
            "4"
        ]
    },
    "prediction_type": null,
    "metrics": {
        "train": {
            "rmse": 15523.757321272786,
            "score": -15523.757321272786
        },
        "val": {
            "rmse": 28528.461007416845,
            "score": -28528.461007416845
        },
        "test": {
            "rmse": 30614.952411116585,
            "score": -30614.952411116585
        }
    }
}
