{
    "program": "bin/ensemble.py",
    "single_program": "/slot/sandbox/d/in/script/0_script_unpacked/pretrains/bin/augmented_supervised___7fd3d80027cf44ec870d630f6eb4589e.py",
    "config": {
        "seeds": [
            "10",
            "11",
            "12",
            "13",
            "14"
        ]
    },
    "prediction_type": null,
    "metrics": {
        "train": {
            "rmse": 1.7404106287147696,
            "score": -1.7404106287147696
        },
        "val": {
            "rmse": 1.8930176918795072,
            "score": -1.8930176918795072
        },
        "test": {
            "rmse": 1.8989552742252331,
            "score": -1.8989552742252331
        }
    }
}
