{
    "program": "bin/ensemble.py",
    "single_program": "/slot/sandbox/d/in/script/0_script_unpacked/pretrains/bin/pretrain_ae___3e48118bdf7c4fe786cfbfa7dd8a49e3.py",
    "config": {
        "seeds": [
            "0",
            "1",
            "2",
            "3",
            "4"
        ]
    },
    "prediction_type": "probs",
    "metrics": {
        "train": {
            "0": {
                "precision": 0.8990963855421686,
                "recall": 0.9358786346396966,
                "f1-score": 0.917118858247231,
                "support": 19775
            },
            "1": {
                "precision": 0.7679355783308931,
                "recall": 0.6688984536904192,
                "f1-score": 0.7150038340291386,
                "support": 6273
            },
            "accuracy": 0.871583230958231,
            "macro avg": {
                "precision": 0.8335159819365309,
                "recall": 0.8023885441650579,
                "f1-score": 0.8160613461381848,
                "support": 26048
            },
            "weighted avg": {
                "precision": 0.8675096324848771,
                "recall": 0.871583230958231,
                "f1-score": 0.8684445820294756,
                "support": 26048
            },
            "roc_auc": 0.9291267271711907,
            "score": 0.9291267271711907
        },
        "val": {
            "0": {
                "precision": 0.8933385426841179,
                "recall": 0.9247724974721941,
                "f1-score": 0.9087837837837838,
                "support": 4945
            },
            "1": {
                "precision": 0.733142037302726,
                "recall": 0.6517857142857143,
                "f1-score": 0.6900742741390953,
                "support": 1568
            },
            "accuracy": 0.8590511285122063,
            "macro avg": {
                "precision": 0.8132402899934219,
                "recall": 0.7882791058789542,
                "f1-score": 0.7994290289614395,
                "support": 6513
            },
            "weighted avg": {
                "precision": 0.8547713508465589,
                "recall": 0.8590511285122063,
                "f1-score": 0.8561296288439909,
                "support": 6513
            },
            "roc_auc": 0.9170701698272837,
            "score": 0.9170701698272837
        },
        "test": {
            "0": {
                "precision": 0.8934343824916866,
                "recall": 0.9290711700844391,
                "f1-score": 0.9109043601671528,
                "support": 12435
            },
            "1": {
                "precision": 0.7367164179104477,
                "recall": 0.641705668226729,
                "f1-score": 0.6859366314619233,
                "support": 3846
            },
            "accuracy": 0.8611878877218844,
            "macro avg": {
                "precision": 0.8150754002010672,
                "recall": 0.785388419155584,
                "f1-score": 0.798420495814538,
                "support": 16281
            },
            "weighted avg": {
                "precision": 0.8564134813320868,
                "recall": 0.8611878877218844,
                "f1-score": 0.8577610713888031,
                "support": 16281
            },
            "roc_auc": 0.9129555540082479,
            "score": 0.9129555540082479
        }
    }
}
