{
    "program": "bin/ensemble.py",
    "single_program": "/slot/sandbox/d/in/script/0_script_unpacked/pretrains/bin/finetune___46eb1a36ee544c93b7920c67588df928.py",
    "config": {
        "seeds": [
            "0",
            "1",
            "2",
            "3",
            "4"
        ]
    },
    "prediction_type": "probs",
    "metrics": {
        "train": {
            "0": {
                "precision": 0.8894804479530016,
                "recall": 0.95074568288854,
                "f1-score": 0.9190932372190079,
                "support": 5096
            },
            "1": {
                "precision": 0.7366211962224554,
                "recall": 0.5383435582822086,
                "f1-score": 0.6220646876384581,
                "support": 1304
            },
            "accuracy": 0.86671875,
            "macro avg": {
                "precision": 0.8130508220877285,
                "recall": 0.7445446205853743,
                "f1-score": 0.770578962428733,
                "support": 6400
            },
            "weighted avg": {
                "precision": 0.8583353754129027,
                "recall": 0.86671875,
                "f1-score": 0.8585736702419708,
                "support": 6400
            },
            "roc_auc": 0.8856136263495489,
            "score": 0.8856136263495489
        },
        "val": {
            "0": {
                "precision": 0.888235294117647,
                "recall": 0.9481946624803768,
                "f1-score": 0.9172361427486712,
                "support": 1274
            },
            "1": {
                "precision": 0.725,
                "recall": 0.5337423312883436,
                "f1-score": 0.6148409893992932,
                "support": 326
            },
            "accuracy": 0.86375,
            "macro avg": {
                "precision": 0.8066176470588236,
                "recall": 0.7409684968843602,
                "f1-score": 0.7660385660739821,
                "support": 1600
            },
            "weighted avg": {
                "precision": 0.8549761029411763,
                "recall": 0.86375,
                "f1-score": 0.8556231302537353,
                "support": 1600
            },
            "roc_auc": 0.8663645732006819,
            "score": 0.8663645732006819
        },
        "test": {
            "0": {
                "precision": 0.8781902552204176,
                "recall": 0.9504080351537979,
                "f1-score": 0.9128730780826048,
                "support": 1593
            },
            "1": {
                "precision": 0.7137681159420289,
                "recall": 0.48402948402948404,
                "f1-score": 0.5768667642752563,
                "support": 407
            },
            "accuracy": 0.8555,
            "macro avg": {
                "precision": 0.7959791855812233,
                "recall": 0.7172187595916409,
                "f1-score": 0.7448699211789305,
                "support": 2000
            },
            "weighted avg": {
                "precision": 0.8447303498772656,
                "recall": 0.8555,
                "f1-score": 0.8444957932228093,
                "support": 2000
            },
            "roc_auc": 0.8536039891972096,
            "score": 0.8536039891972096
        }
    }
}
