{
    "program": "bin/ensemble.py",
    "single_program": "/slot/sandbox/d/in/script/0_script_unpacked/pretrains/bin/pretrain_ae___c0322ae865c04f6f8dc65a98d6a9e030.py",
    "config": {
        "seeds": [
            "10",
            "11",
            "12",
            "13",
            "14"
        ]
    },
    "prediction_type": "probs",
    "metrics": {
        "train": {
            "0": {
                "precision": 0.8091318186807156,
                "recall": 0.7476167939963492,
                "f1-score": 0.777158921198278,
                "support": 29582
            },
            "1": {
                "precision": 0.7892032299960472,
                "recall": 0.8427145828936657,
                "f1-score": 0.8150815752256259,
                "support": 33169
            },
            "accuracy": 0.7978836990645567,
            "macro avg": {
                "precision": 0.7991675243383813,
                "recall": 0.7951656884450075,
                "f1-score": 0.7961202482119519,
                "support": 62751
            },
            "weighted avg": {
                "precision": 0.7985979410041564,
                "recall": 0.7978836990645567,
                "f1-score": 0.7972041238473689,
                "support": 62751
            },
            "roc_auc": 0.8850456914239557,
            "score": 0.8850456914239557
        },
        "val": {
            "0": {
                "precision": 0.7462529976019184,
                "recall": 0.6732017306652245,
                "f1-score": 0.7078475973841342,
                "support": 7396
            },
            "1": {
                "precision": 0.7319210292812778,
                "recall": 0.795827303424988,
                "f1-score": 0.7625375548879132,
                "support": 8292
            },
            "accuracy": 0.7380163182049975,
            "macro avg": {
                "precision": 0.7390870134415981,
                "recall": 0.7345145170451062,
                "f1-score": 0.7351925761360236,
                "support": 15688
            },
            "weighted avg": {
                "precision": 0.73867773744672,
                "recall": 0.7380163182049975,
                "f1-score": 0.7367543495272586,
                "support": 15688
            },
            "roc_auc": 0.8216695942214105,
            "score": 0.8216695942214105
        },
        "test": {
            "0": {
                "precision": 0.7407495256166983,
                "recall": 0.6756084369929691,
                "f1-score": 0.7066809979068847,
                "support": 9245
            },
            "1": {
                "precision": 0.7317051350867776,
                "recall": 0.7890979257115291,
                "f1-score": 0.7593185721580096,
                "support": 10365
            },
            "accuracy": 0.7355940846506884,
            "macro avg": {
                "precision": 0.7362273303517379,
                "recall": 0.7323531813522491,
                "f1-score": 0.7329997850324471,
                "support": 19610
            },
            "weighted avg": {
                "precision": 0.7359690509689355,
                "recall": 0.7355940846506884,
                "f1-score": 0.7345029488050443,
                "support": 19610
            },
            "roc_auc": 0.8167827096275297,
            "score": 0.8167827096275297
        }
    }
}
