{
    "program": "bin/ensemble.py",
    "single_program": "/slot/sandbox/d/in/script/0_script_unpacked/pretrains/bin/pretrain_mask_supervised___b236847fa81840d68a9100b457a53030.py",
    "config": {
        "seeds": [
            "5",
            "6",
            "7",
            "8",
            "9"
        ]
    },
    "prediction_type": "probs",
    "metrics": {
        "train": {
            "0": {
                "precision": 0.9039497307001796,
                "recall": 0.8153846153846154,
                "f1-score": 0.8573861217539379,
                "support": 1235
            },
            "1": {
                "precision": 0.7984523084949134,
                "recall": 0.8899980616398527,
                "f1-score": 0.8417434346212016,
                "support": 10318
            },
            "2": {
                "precision": 0.7276953730352004,
                "recall": 0.6417415072237407,
                "f1-score": 0.6820209565307604,
                "support": 5122
            },
            "3": {
                "precision": 0.850828729281768,
                "recall": 0.6260162601626016,
                "f1-score": 0.721311475409836,
                "support": 1722
            },
            "4": {
                "precision": 0.9817559863169898,
                "recall": 0.9823160296634341,
                "f1-score": 0.9820359281437127,
                "support": 1753
            },
            "5": {
                "precision": 0.9775665819427561,
                "recall": 0.97789078045545,
                "f1-score": 0.977728654324399,
                "support": 9046
            },
            "6": {
                "precision": 0.8715647784632642,
                "recall": 0.8552559163456247,
                "f1-score": 0.8633333333333334,
                "support": 1817
            },
            "7": {
                "precision": 0.9621323529411765,
                "recall": 0.9662174635407051,
                "f1-score": 0.9641705811918578,
                "support": 5417
            },
            "8": {
                "precision": 0.9430100755667506,
                "recall": 0.9444970040996531,
                "f1-score": 0.9437529541515677,
                "support": 3171
            },
            "accuracy": 0.8814423878184894,
            "macro avg": {
                "precision": 0.890772879638111,
                "recall": 0.855479737612853,
                "f1-score": 0.8703870488289563,
                "support": 39601
            },
            "weighted avg": {
                "precision": 0.8812167940510307,
                "recall": 0.8814423878184894,
                "f1-score": 0.8795147099933331,
                "support": 39601
            },
            "logloss": 0.31365383021002324,
            "score": -0.31365383021002324
        },
        "val": {
            "0": {
                "precision": 0.6544715447154471,
                "recall": 0.5227272727272727,
                "f1-score": 0.5812274368231045,
                "support": 308
            },
            "1": {
                "precision": 0.747599451303155,
                "recall": 0.8449612403100775,
                "f1-score": 0.7933042212518195,
                "support": 2580
            },
            "2": {
                "precision": 0.6313901345291479,
                "recall": 0.5495706479313037,
                "f1-score": 0.5876460767946577,
                "support": 1281
            },
            "3": {
                "precision": 0.7540983606557377,
                "recall": 0.5336426914153132,
                "f1-score": 0.6249999999999999,
                "support": 431
            },
            "4": {
                "precision": 0.9700460829493087,
                "recall": 0.9611872146118722,
                "f1-score": 0.9655963302752294,
                "support": 438
            },
            "5": {
                "precision": 0.9462461128387384,
                "recall": 0.9416445623342176,
                "f1-score": 0.9439397296698429,
                "support": 2262
            },
            "6": {
                "precision": 0.7348314606741573,
                "recall": 0.7202643171806168,
                "f1-score": 0.7274749721913237,
                "support": 454
            },
            "7": {
                "precision": 0.9239209948792977,
                "recall": 0.9327917282127031,
                "f1-score": 0.9283351708930538,
                "support": 1354
            },
            "8": {
                "precision": 0.8491484184914841,
                "recall": 0.880201765447667,
                "f1-score": 0.8643962848297213,
                "support": 793
            },
            "accuracy": 0.8195131804868195,
            "macro avg": {
                "precision": 0.8013058401151637,
                "recall": 0.7652212711301158,
                "f1-score": 0.779657802525417,
                "support": 9901
            },
            "weighted avg": {
                "precision": 0.8168343675950274,
                "recall": 0.8195131804868195,
                "f1-score": 0.8159500191448265,
                "support": 9901
            },
            "logloss": 0.4639183004927863,
            "score": -0.4639183004927863
        },
        "test": {
            "0": {
                "precision": 0.7109634551495017,
                "recall": 0.5544041450777202,
                "f1-score": 0.6229985443959243,
                "support": 386
            },
            "1": {
                "precision": 0.750958904109589,
                "recall": 0.8501861042183623,
                "f1-score": 0.7974978178644165,
                "support": 3224
            },
            "2": {
                "precision": 0.6127847171197649,
                "recall": 0.5209244222361025,
                "f1-score": 0.5631330182309251,
                "support": 1601
            },
            "3": {
                "precision": 0.7403598971722365,
                "recall": 0.5353159851301115,
                "f1-score": 0.6213592233009708,
                "support": 538
            },
            "4": {
                "precision": 0.9814126394052045,
                "recall": 0.9635036496350365,
                "f1-score": 0.9723756906077348,
                "support": 548
            },
            "5": {
                "precision": 0.9477954144620812,
                "recall": 0.9504775380261762,
                "f1-score": 0.949134581419993,
                "support": 2827
            },
            "6": {
                "precision": 0.7463503649635036,
                "recall": 0.7200704225352113,
                "f1-score": 0.7329749103942651,
                "support": 568
            },
            "7": {
                "precision": 0.9155092592592593,
                "recall": 0.9344359125812167,
                "f1-score": 0.9248757673194973,
                "support": 1693
            },
            "8": {
                "precision": 0.8615984405458089,
                "recall": 0.8920282542885973,
                "f1-score": 0.8765493306891423,
                "support": 991
            },
            "accuracy": 0.8215093729799612,
            "macro avg": {
                "precision": 0.8075258991318832,
                "recall": 0.7690384926365038,
                "f1-score": 0.7845443204692076,
                "support": 12376
            },
            "weighted avg": {
                "precision": 0.8177008207990366,
                "recall": 0.8215093729799612,
                "f1-score": 0.8172549916993769,
                "support": 12376
            },
            "logloss": 0.46258827516585105,
            "score": -0.46258827516585105
        }
    }
}
