{
    "program": "bin/ensemble.py",
    "single_program": "/slot/sandbox/d/in/script/0_script_unpacked/pretrains/bin/pretrain_mask_supervised_fast___7ba821174bbd4bfca125faeae73a4e92.py",
    "config": {
        "seeds": [
            "5",
            "6",
            "7",
            "8",
            "9"
        ]
    },
    "prediction_type": null,
    "metrics": {
        "train": {
            "rmse": 1.6721120836341963,
            "score": -1.6721120836341963
        },
        "val": {
            "rmse": 1.84602238635684,
            "score": -1.84602238635684
        },
        "test": {
            "rmse": 1.8464314328736433,
            "score": -1.8464314328736433
        }
    }
}
