{
    "program": "bin/ensemble.py",
    "single_program": "/slot/sandbox/d/in/script/0_script_unpacked/pretrains/bin/finetune___9f836a2d385c4e27a59946f4e24458a9.py",
    "config": {
        "seeds": [
            "5",
            "6",
            "7",
            "8",
            "9"
        ]
    },
    "prediction_type": null,
    "metrics": {
        "train": {
            "rmse": 0.7217086527125545,
            "score": -0.7217086527125545
        },
        "val": {
            "rmse": 0.7433229778551171,
            "score": -0.7433229778551171
        },
        "test": {
            "rmse": 0.7473446459596029,
            "score": -0.7473446459596029
        }
    }
}
