{
    "program": "bin/ensemble.py",
    "single_program": "/slot/sandbox/d/in/script/0_script_unpacked/pretrains/bin/pretrain_mask___274fbcb777f34ccea5f36d633117f6bc.py",
    "config": {
        "seeds": [
            "10",
            "11",
            "12",
            "13",
            "14"
        ]
    },
    "prediction_type": "probs",
    "metrics": {
        "train": {
            "0": {
                "precision": 0.9903846153846154,
                "recall": 0.9982896237172177,
                "f1-score": 0.9943214082907439,
                "support": 1754
            },
            "1": {
                "precision": 0.9968652037617555,
                "recall": 0.9968652037617555,
                "f1-score": 0.9968652037617555,
                "support": 638
            },
            "2": {
                "precision": 1.0,
                "recall": 0.9940387481371088,
                "f1-score": 0.9970104633781763,
                "support": 1342
            },
            "3": {
                "precision": 1.0,
                "recall": 0.9956896551724138,
                "f1-score": 0.9978401727861772,
                "support": 696
            },
            "4": {
                "precision": 0.9989389920424403,
                "recall": 0.9973516949152542,
                "f1-score": 0.9981447124304268,
                "support": 1888
            },
            "accuracy": 0.99667616334283,
            "macro avg": {
                "precision": 0.9972377622377623,
                "recall": 0.99644698514075,
                "f1-score": 0.9968363921294559,
                "support": 6318
            },
            "weighted avg": {
                "precision": 0.9966969661856192,
                "recall": 0.99667616334283,
                "f1-score": 0.9966796089463916,
                "support": 6318
            },
            "score": 0.99667616334283
        },
        "val": {
            "0": {
                "precision": 0.8151260504201681,
                "recall": 0.8838268792710706,
                "f1-score": 0.8480874316939891,
                "support": 439
            },
            "1": {
                "precision": 0.7697841726618705,
                "recall": 0.66875,
                "f1-score": 0.7157190635451506,
                "support": 160
            },
            "2": {
                "precision": 0.7418397626112759,
                "recall": 0.746268656716418,
                "f1-score": 0.7440476190476191,
                "support": 335
            },
            "3": {
                "precision": 0.6981132075471698,
                "recall": 0.6379310344827587,
                "f1-score": 0.6666666666666667,
                "support": 174
            },
            "4": {
                "precision": 0.7931769722814499,
                "recall": 0.788135593220339,
                "f1-score": 0.7906482465462273,
                "support": 472
            },
            "accuracy": 0.7772151898734178,
            "macro avg": {
                "precision": 0.7636080331043869,
                "recall": 0.7449824327381173,
                "f1-score": 0.7530338054999306,
                "support": 1580
            },
            "weighted avg": {
                "precision": 0.775552755231128,
                "recall": 0.7772151898734178,
                "f1-score": 0.7754856692605424,
                "support": 1580
            },
            "score": 0.7772151898734178
        },
        "test": {
            "0": {
                "precision": 0.7993197278911565,
                "recall": 0.8576642335766423,
                "f1-score": 0.8274647887323944,
                "support": 548
            },
            "1": {
                "precision": 0.7572254335260116,
                "recall": 0.655,
                "f1-score": 0.7024128686327078,
                "support": 200
            },
            "2": {
                "precision": 0.7409326424870466,
                "recall": 0.680952380952381,
                "f1-score": 0.7096774193548387,
                "support": 420
            },
            "3": {
                "precision": 0.6410256410256411,
                "recall": 0.576036866359447,
                "f1-score": 0.6067961165048543,
                "support": 217
            },
            "4": {
                "precision": 0.7345971563981043,
                "recall": 0.788135593220339,
                "f1-score": 0.7604251839738349,
                "support": 590
            },
            "accuracy": 0.7478481012658228,
            "macro avg": {
                "precision": 0.734620120265592,
                "recall": 0.711557814821762,
                "f1-score": 0.721355275439726,
                "support": 1975
            },
            "weighted avg": {
                "precision": 0.7459133639552209,
                "recall": 0.7478481012658228,
                "f1-score": 0.7454802075478693,
                "support": 1975
            },
            "score": 0.7478481012658228
        }
    }
}
