{
    "program": "/slot/sandbox/d/in/script/0_script_unpacked/pretrains/bin/archive/xgboost____714e90a0d92e416599c3d7e6f7e3810d.py",
    "environment": {
        "CUDA_VISIBLE_DEVICES": "0",
        "gpus": {
            "driver": "450.119.04",
            "devices": [
                {
                    "name": "A100-SXM-80GB",
                    "memory_total": 85199093760,
                    "memory_free": 85195948032,
                    "memory_used": 3145728,
                    "utilization": 0
                }
            ]
        },
        "torch.version.cuda": "11.1",
        "torch.backends.cudnn.version()": 8005,
        "torch.cuda.nccl.version()": [
            2,
            10,
            3
        ]
    },
    "config": {
        "seed": 1,
        "data": {
            "path": "data/adult_roc",
            "T": {
                "seed": 0,
                "normalization": null,
                "num_nan_policy": null,
                "cat_nan_policy": null,
                "cat_min_frequency": null,
                "cat_encoding": "one-hot",
                "y_policy": "default"
            },
            "T_cache": false
        },
        "xgboost": {
            "booster": "gbtree",
            "n_estimators": 2000,
            "n_jobs": 1,
            "tree_method": "gpu_hist",
            "colsample_bytree": 0.8665261517914613,
            "gamma": 0.6707889513142046,
            "lambda": 1.002808444898153,
            "learning_rate": 0.039294037989220175,
            "max_depth": 6,
            "min_child_weight": 0.0003127588574756309,
            "subsample": 0.9661507487647305,
            "random_state": 1
        },
        "xgboost_fit": {
            "early_stopping_rounds": 50,
            "verbose": true
        }
    },
    "prediction_type": "probs",
    "metrics": {
        "train": {
            "0": {
                "precision": 0.9040072772537943,
                "recall": 0.954841972187105,
                "f1-score": 0.9287295263390881,
                "support": 19775
            },
            "1": {
                "precision": 0.8269715171478396,
                "recall": 0.6803762155268611,
                "f1-score": 0.7465453909393037,
                "support": 6273
            },
            "accuracy": 0.8887438574938575,
            "macro avg": {
                "precision": 0.8654893972008169,
                "recall": 0.8176090938569831,
                "f1-score": 0.8376374586391959,
                "support": 26048
            },
            "weighted avg": {
                "precision": 0.8854551687178356,
                "recall": 0.8887438574938575,
                "f1-score": 0.8848550990754652,
                "support": 26048
            },
            "roc_auc": 0.9467555310490265,
            "score": 0.9467555310490265
        },
        "val": {
            "0": {
                "precision": 0.8919434898816342,
                "recall": 0.9447927199191102,
                "f1-score": 0.9176077776686633,
                "support": 4945
            },
            "1": {
                "precision": 0.7858823529411765,
                "recall": 0.639030612244898,
                "f1-score": 0.7048892015476609,
                "support": 1568
            },
            "accuracy": 0.8711807154920927,
            "macro avg": {
                "precision": 0.8389129214114053,
                "recall": 0.791911666082004,
                "f1-score": 0.8112484896081621,
                "support": 6513
            },
            "weighted avg": {
                "precision": 0.8664093485147314,
                "recall": 0.8711807154920927,
                "f1-score": 0.8663959356054464,
                "support": 6513
            },
            "roc_auc": 0.9296568374569241,
            "score": 0.9296568374569241
        },
        "test": {
            "0": {
                "precision": 0.8956905740825338,
                "recall": 0.9460394049055086,
                "f1-score": 0.9201767765653721,
                "support": 12435
            },
            "1": {
                "precision": 0.7867810613282491,
                "recall": 0.6437857514300572,
                "f1-score": 0.7081367081367081,
                "support": 3846
            },
            "accuracy": 0.8746391499293655,
            "macro avg": {
                "precision": 0.8412358177053915,
                "recall": 0.7949125781677829,
                "f1-score": 0.8141567423510401,
                "support": 16281
            },
            "weighted avg": {
                "precision": 0.8699632854606446,
                "recall": 0.8746391499293655,
                "f1-score": 0.8700873408319011,
                "support": 16281
            },
            "roc_auc": 0.9271296650016383,
            "score": 0.9271296650016383
        }
    },
    "time": "0:00:02"
}
