{
    "program": "bin/ensemble.py",
    "single_program": "/slot/sandbox/d/in/script/0_script_unpacked/pretrains/bin/pretrain_mask_supervised___b1a17643407b49ccab1db9676d5c9dd1.py",
    "config": {
        "seeds": [
            "0",
            "1",
            "2",
            "3",
            "4"
        ]
    },
    "prediction_type": "probs",
    "metrics": {
        "train": {
            "0": {
                "precision": 0.896956362302897,
                "recall": 0.9599686028257457,
                "f1-score": 0.92739336492891,
                "support": 5096
            },
            "1": {
                "precision": 0.7843551797040169,
                "recall": 0.5690184049079755,
                "f1-score": 0.6595555555555556,
                "support": 1304
            },
            "accuracy": 0.8803125,
            "macro avg": {
                "precision": 0.840655771003457,
                "recall": 0.7644935038668605,
                "f1-score": 0.7934744602422328,
                "support": 6400
            },
            "weighted avg": {
                "precision": 0.874013871348375,
                "recall": 0.8803125,
                "f1-score": 0.872821411269089,
                "support": 6400
            },
            "roc_auc": 0.9017040009727346,
            "score": 0.9017040009727346
        },
        "val": {
            "0": {
                "precision": 0.8856518572469045,
                "recall": 0.9544740973312402,
                "f1-score": 0.9187759727993955,
                "support": 1274
            },
            "1": {
                "precision": 0.7444933920704846,
                "recall": 0.5184049079754601,
                "f1-score": 0.6112115732368897,
                "support": 326
            },
            "accuracy": 0.865625,
            "macro avg": {
                "precision": 0.8150726246586946,
                "recall": 0.7364395026533501,
                "f1-score": 0.7649937730181426,
                "support": 1600
            },
            "weighted avg": {
                "precision": 0.8568908199672091,
                "recall": 0.865625,
                "f1-score": 0.856109726388535,
                "support": 1600
            },
            "roc_auc": 0.8726753089154492,
            "score": 0.8726753089154492
        },
        "test": {
            "0": {
                "precision": 0.8805797101449275,
                "recall": 0.9535467671060891,
                "f1-score": 0.9156118143459915,
                "support": 1593
            },
            "1": {
                "precision": 0.730909090909091,
                "recall": 0.49385749385749383,
                "f1-score": 0.5894428152492669,
                "support": 407
            },
            "accuracy": 0.86,
            "macro avg": {
                "precision": 0.8057444005270092,
                "recall": 0.7237021304817914,
                "f1-score": 0.7525273147976292,
                "support": 2000
            },
            "weighted avg": {
                "precision": 0.8501217391304348,
                "recall": 0.86,
                "f1-score": 0.8492364230298081,
                "support": 2000
            },
            "roc_auc": 0.8598166733759953,
            "score": 0.8598166733759953
        }
    }
}
