{
    "program": "bin/ensemble.py",
    "single_program": "/slot/sandbox/d/in/script/0_script_unpacked/pretrains/bin/pretrain_mask_fast___b063c0e1af474e7093be3bd397acdac0.py",
    "config": {
        "seeds": [
            "5",
            "6",
            "7",
            "8",
            "9"
        ]
    },
    "prediction_type": null,
    "metrics": {
        "train": {
            "rmse": 0.7090543649788758,
            "score": -0.7090543649788758
        },
        "val": {
            "rmse": 0.7412737047445863,
            "score": -0.7412737047445863
        },
        "test": {
            "rmse": 0.7450001824169965,
            "score": -0.7450001824169965
        }
    }
}
