{
    "program": "bin/ensemble.py",
    "single_program": "/home/irubachev/repos/pretrains/bin/finetune_ddp___3ee5e8dcf98445c3a6636f7cb260861f.py",
    "config": {
        "seeds": [
            "10",
            "11",
            "12",
            "13",
            "14"
        ]
    },
    "prediction_type": "probs",
    "metrics": {
        "train": {
            "0": {
                "precision": 0.9942270497650373,
                "recall": 0.9971676820723127,
                "f1-score": 0.9956951947473275,
                "support": 135578
            },
            "1": {
                "precision": 0.9982392904008106,
                "recall": 0.9943688228026827,
                "f1-score": 0.9963002975787533,
                "support": 181312
            },
            "2": {
                "precision": 0.995771946648069,
                "recall": 0.9983830084782799,
                "f1-score": 0.9970757681564245,
                "support": 22882
            },
            "3": {
                "precision": 0.9875354107648725,
                "recall": 0.9909039226833428,
                "f1-score": 0.989216799091941,
                "support": 1759
            },
            "4": {
                "precision": 0.9706777759974363,
                "recall": 0.997201646090535,
                "f1-score": 0.983760961351088,
                "support": 6075
            },
            "5": {
                "precision": 0.9958625652095701,
                "recall": 0.9961313540260909,
                "f1-score": 0.9959969414833806,
                "support": 11115
            },
            "6": {
                "precision": 0.9928750094747214,
                "recall": 0.9979430138656102,
                "f1-score": 0.9954025608875716,
                "support": 13126
            },
            "accuracy": 0.9958450653091191,
            "macro avg": {
                "precision": 0.9907412926086453,
                "recall": 0.9960142071455506,
                "f1-score": 0.9933497890423553,
                "support": 371847
            },
            "weighted avg": {
                "precision": 0.9958632526839978,
                "recall": 0.9958450653091191,
                "f1-score": 0.9958482671733697,
                "support": 371847
            },
            "score": 0.9958450653091191
        },
        "val": {
            "0": {
                "precision": 0.9714704159343878,
                "recall": 0.9785212722015696,
                "f1-score": 0.9749830966869506,
                "support": 33894
            },
            "1": {
                "precision": 0.9830334877092982,
                "recall": 0.9740116484292269,
                "f1-score": 0.9785017730496454,
                "support": 45328
            },
            "2": {
                "precision": 0.9641873278236914,
                "recall": 0.9788498514245761,
                "f1-score": 0.9714632665452337,
                "support": 5721
            },
            "3": {
                "precision": 0.9299065420560748,
                "recall": 0.9066059225512528,
                "f1-score": 0.9181084198385236,
                "support": 439
            },
            "4": {
                "precision": 0.8934426229508197,
                "recall": 0.9328505595786701,
                "f1-score": 0.9127214170692431,
                "support": 1519
            },
            "5": {
                "precision": 0.9546436285097192,
                "recall": 0.9543001079525009,
                "f1-score": 0.9544718373222962,
                "support": 2779
            },
            "6": {
                "precision": 0.9676737160120846,
                "recall": 0.9759293113954906,
                "f1-score": 0.9717839805825242,
                "support": 3282
            },
            "accuracy": 0.9744411695101224,
            "macro avg": {
                "precision": 0.9520511058565821,
                "recall": 0.9572955247904696,
                "f1-score": 0.954576255870631,
                "support": 92962
            },
            "weighted avg": {
                "precision": 0.9745520105726171,
                "recall": 0.9744411695101224,
                "f1-score": 0.9744701327944202,
                "support": 92962
            },
            "score": 0.9744411695101224
        },
        "test": {
            "0": {
                "precision": 0.9706791569086651,
                "recall": 0.978285498489426,
                "f1-score": 0.9744674848356609,
                "support": 42368
            },
            "1": {
                "precision": 0.9828007200527563,
                "recall": 0.9731914367907379,
                "f1-score": 0.9779724744608399,
                "support": 56661
            },
            "2": {
                "precision": 0.9628252788104089,
                "recall": 0.9779051880855825,
                "f1-score": 0.9703066463160815,
                "support": 7151
            },
            "3": {
                "precision": 0.9143389199255121,
                "recall": 0.8943533697632058,
                "f1-score": 0.9042357274401474,
                "support": 549
            },
            "4": {
                "precision": 0.8929833417465927,
                "recall": 0.9315429173249078,
                "f1-score": 0.9118556701030929,
                "support": 1899
            },
            "5": {
                "precision": 0.9509662532448803,
                "recall": 0.9493233515692485,
                "f1-score": 0.9501440922190202,
                "support": 3473
            },
            "6": {
                "precision": 0.9686595949855352,
                "recall": 0.9795221843003413,
                "f1-score": 0.9740606060606061,
                "support": 4102
            },
            "accuracy": 0.9737958572498129,
            "macro avg": {
                "precision": 0.9490361808106215,
                "recall": 0.9548748494747785,
                "f1-score": 0.9518632430622069,
                "support": 116203
            },
            "weighted avg": {
                "precision": 0.9739100072868584,
                "recall": 0.9737958572498129,
                "f1-score": 0.9738241350995834,
                "support": 116203
            },
            "score": 0.9737958572498129
        }
    }
}
