{
    "program": "bin/ensemble.py",
    "single_program": "/slot/sandbox/d/in/script/0_script_unpacked/pretrains/bin/pretrain_mask_supervised___adf82354b6dd4b23bc5e617aa7f80287.py",
    "config": {
        "seeds": [
            "0",
            "1",
            "2",
            "3",
            "4"
        ]
    },
    "prediction_type": null,
    "metrics": {
        "train": {
            "rmse": 0.3219116605610936,
            "score": -0.3219116605610936
        },
        "val": {
            "rmse": 0.42684665172827485,
            "score": -0.42684665172827485
        },
        "test": {
            "rmse": 0.4229969070702761,
            "score": -0.4229969070702761
        }
    }
}
