{
    "program": "bin/ensemble.py",
    "single_program": "/slot/sandbox/d/in/script/0_script_unpacked/pretrains/bin/pretrain_mask_supervised_fast___4addc330ad5347b4b2f97b0dbcedebc7.py",
    "config": {
        "seeds": [
            "0",
            "1",
            "2",
            "3",
            "4"
        ]
    },
    "prediction_type": null,
    "metrics": {
        "train": {
            "rmse": 0.7174049889361023,
            "score": -0.7174049889361023
        },
        "val": {
            "rmse": 0.7419265650248688,
            "score": -0.7419265650248688
        },
        "test": {
            "rmse": 0.7459028065423661,
            "score": -0.7459028065423661
        }
    }
}
