{
    "program": "bin/ensemble.py",
    "single_program": "/slot/sandbox/d/in/script/0_script_unpacked/pretrains/bin/pretrain_mask_supervised_fast___6464b25d48344f2584cce10509cb114c.py",
    "config": {
        "seeds": [
            "0",
            "1",
            "2",
            "3",
            "4"
        ]
    },
    "prediction_type": "probs",
    "metrics": {
        "train": {
            "0": {
                "precision": 0.9975661203959111,
                "recall": 0.9976249834043871,
                "f1-score": 0.9975955510318478,
                "support": 135578
            },
            "1": {
                "precision": 0.9979983126271733,
                "recall": 0.9981909636427815,
                "f1-score": 0.9980946288386612,
                "support": 181312
            },
            "2": {
                "precision": 0.9987321295851004,
                "recall": 0.9983393060047199,
                "f1-score": 0.9985356791607475,
                "support": 22882
            },
            "3": {
                "precision": 0.9943278502552467,
                "recall": 0.9965889710062535,
                "f1-score": 0.9954571266325951,
                "support": 1759
            },
            "4": {
                "precision": 0.9934091283572253,
                "recall": 0.9924279835390947,
                "f1-score": 0.9929183135704875,
                "support": 6075
            },
            "5": {
                "precision": 0.997839978399784,
                "recall": 0.997480881691408,
                "f1-score": 0.9976603977323855,
                "support": 11115
            },
            "6": {
                "precision": 0.9986257443884563,
                "recall": 0.996495505104373,
                "f1-score": 0.9975594874923734,
                "support": 13126
            },
            "accuracy": 0.997810927612701,
            "macro avg": {
                "precision": 0.9969284662869854,
                "recall": 0.9967355134847169,
                "f1-score": 0.9968315977798712,
                "support": 371847
            },
            "weighted avg": {
                "precision": 0.9978109656482013,
                "recall": 0.997810927612701,
                "f1-score": 0.997810888259567,
                "support": 371847
            },
            "score": 0.997810927612701
        },
        "val": {
            "0": {
                "precision": 0.9751598550254884,
                "recall": 0.9763970024193073,
                "f1-score": 0.9757780365909393,
                "support": 33894
            },
            "1": {
                "precision": 0.9792273088118549,
                "recall": 0.9796593716907872,
                "f1-score": 0.9794432926022321,
                "support": 45328
            },
            "2": {
                "precision": 0.9714285714285714,
                "recall": 0.9746547806327565,
                "f1-score": 0.9730390018323007,
                "support": 5721
            },
            "3": {
                "precision": 0.9168591224018475,
                "recall": 0.9043280182232346,
                "f1-score": 0.9105504587155964,
                "support": 439
            },
            "4": {
                "precision": 0.9270762997974341,
                "recall": 0.9038841342988808,
                "f1-score": 0.9153333333333332,
                "support": 1519
            },
            "5": {
                "precision": 0.9566317311167329,
                "recall": 0.9525008996041742,
                "f1-score": 0.9545618463757662,
                "support": 2779
            },
            "6": {
                "precision": 0.9775798525798526,
                "recall": 0.9698354661791591,
                "f1-score": 0.9736922606301622,
                "support": 3282
            },
            "accuracy": 0.9754093070286783,
            "macro avg": {
                "precision": 0.9577089630231118,
                "recall": 0.9516085247211856,
                "f1-score": 0.9546283185829043,
                "support": 92962
            },
            "weighted avg": {
                "precision": 0.9753840617485394,
                "recall": 0.9754093070286783,
                "f1-score": 0.9753930726957873,
                "support": 92962
            },
            "score": 0.9754093070286783
        },
        "test": {
            "0": {
                "precision": 0.9761910385714623,
                "recall": 0.9754767749244713,
                "f1-score": 0.9758337760462783,
                "support": 42368
            },
            "1": {
                "precision": 0.9780059167429739,
                "recall": 0.9801980198019802,
                "f1-score": 0.9791007413022591,
                "support": 56661
            },
            "2": {
                "precision": 0.9714006696428571,
                "recall": 0.9737099706334779,
                "f1-score": 0.9725539492981353,
                "support": 7151
            },
            "3": {
                "precision": 0.9171270718232044,
                "recall": 0.907103825136612,
                "f1-score": 0.9120879120879122,
                "support": 549
            },
            "4": {
                "precision": 0.9233278955954323,
                "recall": 0.8941548183254344,
                "f1-score": 0.9085072231139646,
                "support": 1899
            },
            "5": {
                "precision": 0.9552540415704388,
                "recall": 0.952778577598618,
                "f1-score": 0.9540147037624334,
                "support": 3473
            },
            "6": {
                "precision": 0.9805610236220472,
                "recall": 0.9714773281326182,
                "f1-score": 0.9759980406563802,
                "support": 4102
            },
            "accuracy": 0.9751985749077047,
            "macro avg": {
                "precision": 0.9574096653669165,
                "recall": 0.9506999020790303,
                "f1-score": 0.9540137637524805,
                "support": 116203
            },
            "weighted avg": {
                "precision": 0.9751667547380349,
                "recall": 0.9751985749077047,
                "f1-score": 0.975177184128259,
                "support": 116203
            },
            "score": 0.9751985749077047
        }
    }
}
