{
    "program": "bin/ensemble.py",
    "single_program": "/slot/sandbox/d/in/script/0_script_unpacked/pretrains/bin/pretrain_mask_supervised___cad43102c3a84041b975061875a2d736.py",
    "config": {
        "seeds": [
            "5",
            "6",
            "7",
            "8",
            "9"
        ]
    },
    "prediction_type": null,
    "metrics": {
        "train": {
            "rmse": 1.5943499840035793,
            "score": -1.5943499840035793
        },
        "val": {
            "rmse": 1.8105852040771386,
            "score": -1.8105852040771386
        },
        "test": {
            "rmse": 1.8097119609532974,
            "score": -1.8097119609532974
        }
    }
}
