{
    "program": "bin/ensemble.py",
    "single_program": "/slot/sandbox/d/in/script/0_script_unpacked/pretrains/bin/augmented_supervised___17572e0511334ab6bffc8c39c0985bf8.py",
    "config": {
        "seeds": [
            "10",
            "11",
            "12",
            "13",
            "14"
        ]
    },
    "prediction_type": null,
    "metrics": {
        "train": {
            "rmse": 0.29128766287969965,
            "score": -0.29128766287969965
        },
        "val": {
            "rmse": 0.44484081719109225,
            "score": -0.44484081719109225
        },
        "test": {
            "rmse": 0.43845163118785824,
            "score": -0.43845163118785824
        }
    }
}
