{
    "program": "bin/ensemble.py",
    "single_program": "/slot/sandbox/d/in/script/0_script_unpacked/pretrains/bin/finetune___ca9cc1c540c94fd8a4e6390f4f03bc86.py",
    "config": {
        "seeds": [
            "0",
            "1",
            "2",
            "3",
            "4"
        ]
    },
    "prediction_type": "probs",
    "metrics": {
        "train": {
            "0": {
                "precision": 0.8903540462427746,
                "recall": 0.9672291993720565,
                "f1-score": 0.9272009029345373,
                "support": 5096
            },
            "1": {
                "precision": 0.8067129629629629,
                "recall": 0.5345092024539877,
                "f1-score": 0.6429889298892989,
                "support": 1304
            },
            "accuracy": 0.8790625,
            "macro avg": {
                "precision": 0.8485335046028688,
                "recall": 0.7508692009130221,
                "f1-score": 0.7850949164119181,
                "support": 6400
            },
            "weighted avg": {
                "precision": 0.8733121755245129,
                "recall": 0.8790625,
                "f1-score": 0.86929271342657,
                "support": 6400
            },
            "roc_auc": 0.8951341302212249,
            "score": 0.8951341302212249
        },
        "val": {
            "0": {
                "precision": 0.8828181164629763,
                "recall": 0.9638932496075353,
                "f1-score": 0.9215759849906191,
                "support": 1274
            },
            "1": {
                "precision": 0.7799043062200957,
                "recall": 0.5,
                "f1-score": 0.6093457943925233,
                "support": 326
            },
            "accuracy": 0.869375,
            "macro avg": {
                "precision": 0.831361211341536,
                "recall": 0.7319466248037676,
                "f1-score": 0.7654608896915712,
                "support": 1600
            },
            "weighted avg": {
                "precision": 0.8618494276259893,
                "recall": 0.869375,
                "f1-score": 0.8579590836562571,
                "support": 1600
            },
            "roc_auc": 0.8738791882963661,
            "score": 0.8738791882963661
        },
        "test": {
            "0": {
                "precision": 0.8778538812785388,
                "recall": 0.965473948524796,
                "f1-score": 0.9195814648729446,
                "support": 1593
            },
            "1": {
                "precision": 0.7782258064516129,
                "recall": 0.4742014742014742,
                "f1-score": 0.5893129770992367,
                "support": 407
            },
            "accuracy": 0.8655,
            "macro avg": {
                "precision": 0.8280398438650758,
                "recall": 0.7198377113631351,
                "f1-score": 0.7544472209860906,
                "support": 2000
            },
            "weighted avg": {
                "precision": 0.8575795680512595,
                "recall": 0.8655,
                "f1-score": 0.852371827610995,
                "support": 2000
            },
            "roc_auc": 0.8681146477756647,
            "score": 0.8681146477756647
        }
    }
}
