{
    "program": "bin/ensemble.py",
    "single_program": "/slot/sandbox/d/in/script/0_script_unpacked/pretrains/bin/pretrain_mask_supervised___d8378627dbbe4efe85c97f2785558830.py",
    "config": {
        "seeds": [
            "0",
            "1",
            "2",
            "3",
            "4"
        ]
    },
    "prediction_type": null,
    "metrics": {
        "train": {
            "rmse": 19486.55522681543,
            "score": -19486.55522681543
        },
        "val": {
            "rmse": 27437.676378128155,
            "score": -27437.676378128155
        },
        "test": {
            "rmse": 30608.57706760481,
            "score": -30608.57706760481
        }
    }
}
