{
    "program": "bin/ensemble.py",
    "single_program": "/slot/sandbox/d/in/script/0_script_unpacked/pretrains/bin/pretrain_mask___ae0d39abd79e49b48059f5b99839acb2.py",
    "config": {
        "seeds": [
            "10",
            "11",
            "12",
            "13",
            "14"
        ]
    },
    "prediction_type": "probs",
    "metrics": {
        "train": {
            "0": {
                "precision": 0.9988610478359908,
                "recall": 1.0,
                "f1-score": 0.9994301994301994,
                "support": 1754
            },
            "1": {
                "precision": 1.0,
                "recall": 1.0,
                "f1-score": 1.0,
                "support": 638
            },
            "2": {
                "precision": 1.0,
                "recall": 0.9985096870342772,
                "f1-score": 0.9992542878448918,
                "support": 1342
            },
            "3": {
                "precision": 1.0,
                "recall": 1.0,
                "f1-score": 1.0,
                "support": 696
            },
            "4": {
                "precision": 1.0,
                "recall": 1.0,
                "f1-score": 1.0,
                "support": 1888
            },
            "accuracy": 0.9996834441278886,
            "macro avg": {
                "precision": 0.9997722095671981,
                "recall": 0.9997019374068554,
                "f1-score": 0.9997368974550183,
                "support": 6318
            },
            "weighted avg": {
                "precision": 0.9996838046698842,
                "recall": 0.9996834441278886,
                "f1-score": 0.9996834162849658,
                "support": 6318
            },
            "score": 0.9996834441278886
        },
        "val": {
            "0": {
                "precision": 0.7808510638297872,
                "recall": 0.835990888382688,
                "f1-score": 0.8074807480748075,
                "support": 439
            },
            "1": {
                "precision": 0.6369426751592356,
                "recall": 0.625,
                "f1-score": 0.6309148264984227,
                "support": 160
            },
            "2": {
                "precision": 0.6858108108108109,
                "recall": 0.6059701492537314,
                "f1-score": 0.6434231378763867,
                "support": 335
            },
            "3": {
                "precision": 0.5524475524475524,
                "recall": 0.4540229885057471,
                "f1-score": 0.498422712933754,
                "support": 174
            },
            "4": {
                "precision": 0.7217898832684825,
                "recall": 0.7860169491525424,
                "f1-score": 0.7525354969574035,
                "support": 472
            },
            "accuracy": 0.7088607594936709,
            "macro avg": {
                "precision": 0.6755683971031738,
                "recall": 0.6614001950589418,
                "f1-score": 0.6665553844681549,
                "support": 1580
            },
            "weighted avg": {
                "precision": 0.7033302314537808,
                "recall": 0.7088607594936709,
                "f1-score": 0.7043667585111046,
                "support": 1580
            },
            "score": 0.7088607594936709
        },
        "test": {
            "0": {
                "precision": 0.7823008849557522,
                "recall": 0.8065693430656934,
                "f1-score": 0.7942497753818507,
                "support": 548
            },
            "1": {
                "precision": 0.5922330097087378,
                "recall": 0.61,
                "f1-score": 0.6009852216748768,
                "support": 200
            },
            "2": {
                "precision": 0.6342857142857142,
                "recall": 0.5285714285714286,
                "f1-score": 0.5766233766233766,
                "support": 420
            },
            "3": {
                "precision": 0.5838150289017341,
                "recall": 0.46543778801843316,
                "f1-score": 0.517948717948718,
                "support": 217
            },
            "4": {
                "precision": 0.6607929515418502,
                "recall": 0.7627118644067796,
                "f1-score": 0.7081038552321007,
                "support": 590
            },
            "accuracy": 0.6769620253164557,
            "macro avg": {
                "precision": 0.6506855178787578,
                "recall": 0.634658084812467,
                "f1-score": 0.6395821893721846,
                "support": 1975
            },
            "weighted avg": {
                "precision": 0.6734699694070216,
                "recall": 0.6769620253164557,
                "f1-score": 0.6723057649660045,
                "support": 1975
            },
            "score": 0.6769620253164557
        }
    }
}
