{
    "program": "bin/ensemble.py",
    "single_program": "/slot/sandbox/d/in/script/0_script_unpacked/pretrains/bin/pretrain_ae___9c98fd9492e849d3a095bd5d0e7b9d1a.py",
    "config": {
        "seeds": [
            "5",
            "6",
            "7",
            "8",
            "9"
        ]
    },
    "prediction_type": null,
    "metrics": {
        "train": {
            "rmse": 0.2666794591416562,
            "score": -0.2666794591416562
        },
        "val": {
            "rmse": 0.42591597797251013,
            "score": -0.42591597797251013
        },
        "test": {
            "rmse": 0.42408038022153904,
            "score": -0.42408038022153904
        }
    }
}
