{
    "program": "bin/ensemble.py",
    "single_program": "/slot/sandbox/d/in/script/0_script_unpacked/pretrains/bin/pretrain_supervised_contrastive___c36ab0908aca43fcb4b437e71af9c04c.py",
    "config": {
        "seeds": [
            "0",
            "1",
            "2",
            "3",
            "4"
        ]
    },
    "prediction_type": null,
    "metrics": {
        "train": {
            "rmse": 0.7054123882604305,
            "score": -0.7054123882604305
        },
        "val": {
            "rmse": 0.7410674817949974,
            "score": -0.7410674817949974
        },
        "test": {
            "rmse": 0.7453681031664198,
            "score": -0.7453681031664198
        }
    }
}
