{
    "program": "bin/ensemble.py",
    "single_program": "/slot/sandbox/d/in/script/0_script_unpacked/pretrains/bin/pretrain_mask_pretrain_es___53ff692620604b6cb0ee9f8a50d1ab0f.py",
    "config": {
        "seeds": [
            "0",
            "1",
            "2",
            "3",
            "4"
        ]
    },
    "prediction_type": null,
    "metrics": {
        "train": {
            "rmse": 0.7055466133505353,
            "score": -0.7055466133505353
        },
        "val": {
            "rmse": 0.7416597157696468,
            "score": -0.7416597157696468
        },
        "test": {
            "rmse": 0.7455800799242697,
            "score": -0.7455800799242697
        }
    }
}
