{
    "program": "bin/ensemble.py",
    "single_program": "/slot/sandbox/d/in/script/0_script_unpacked/pretrains/bin/pretrain_mask_supervised___d8378627dbbe4efe85c97f2785558830.py",
    "config": {
        "seeds": [
            "5",
            "6",
            "7",
            "8",
            "9"
        ]
    },
    "prediction_type": null,
    "metrics": {
        "train": {
            "rmse": 20002.818905955774,
            "score": -20002.818905955774
        },
        "val": {
            "rmse": 27846.54933717843,
            "score": -27846.54933717843
        },
        "test": {
            "rmse": 30725.527816857786,
            "score": -30725.527816857786
        }
    }
}
