{
    "program": "bin/ensemble.py",
    "single_program": "/slot/sandbox/d/in/script/0_script_unpacked/pretrains/bin/pretrain_ae_supervised___513495c15af04beab3a5cdc2414d8f56.py",
    "config": {
        "seeds": [
            "0",
            "1",
            "2",
            "3",
            "4"
        ]
    },
    "prediction_type": null,
    "metrics": {
        "train": {
            "rmse": 13430.138465803775,
            "score": -13430.138465803775
        },
        "val": {
            "rmse": 27357.193126972947,
            "score": -27357.193126972947
        },
        "test": {
            "rmse": 29262.304125140152,
            "score": -29262.304125140152
        }
    }
}
