{
    "program": "bin/ensemble.py",
    "single_program": "/slot/sandbox/d/in/script/0_script_unpacked/pretrains/bin/pretrain_mask___b949c7399e894a96aaf5d094d3482bf6.py",
    "config": {
        "seeds": [
            "5",
            "6",
            "7",
            "8",
            "9"
        ]
    },
    "prediction_type": null,
    "metrics": {
        "train": {
            "rmse": 12288.85839409009,
            "score": -12288.85839409009
        },
        "val": {
            "rmse": 26705.688751832608,
            "score": -26705.688751832608
        },
        "test": {
            "rmse": 29375.998718951985,
            "score": -29375.998718951985
        }
    }
}
