{
    "program": "bin/ensemble.py",
    "single_program": "/slot/sandbox/d/in/script/0_script_unpacked/pretrains/bin/finetune___f0dbe10dab4441f1a2ef761f1c1a000a.py",
    "config": {
        "seeds": [
            "5",
            "6",
            "7",
            "8",
            "9"
        ]
    },
    "prediction_type": "probs",
    "metrics": {
        "train": {
            "0": {
                "precision": 0.9994301994301994,
                "recall": 1.0,
                "f1-score": 0.999715018523796,
                "support": 1754
            },
            "1": {
                "precision": 1.0,
                "recall": 1.0,
                "f1-score": 1.0,
                "support": 638
            },
            "2": {
                "precision": 1.0,
                "recall": 0.9992548435171386,
                "f1-score": 0.9996272828922848,
                "support": 1342
            },
            "3": {
                "precision": 1.0,
                "recall": 1.0,
                "f1-score": 1.0,
                "support": 696
            },
            "4": {
                "precision": 1.0,
                "recall": 1.0,
                "f1-score": 1.0,
                "support": 1888
            },
            "accuracy": 0.9998417220639443,
            "macro avg": {
                "precision": 0.9998860398860397,
                "recall": 0.9998509687034277,
                "f1-score": 0.9998684602832162,
                "support": 6318
            },
            "weighted avg": {
                "precision": 0.9998418122508025,
                "recall": 0.9998417220639443,
                "f1-score": 0.9998417151206369,
                "support": 6318
            },
            "score": 0.9998417220639443
        },
        "val": {
            "0": {
                "precision": 0.7479166666666667,
                "recall": 0.8177676537585421,
                "f1-score": 0.7812840043525571,
                "support": 439
            },
            "1": {
                "precision": 0.6453900709219859,
                "recall": 0.56875,
                "f1-score": 0.6046511627906976,
                "support": 160
            },
            "2": {
                "precision": 0.6273291925465838,
                "recall": 0.6029850746268657,
                "f1-score": 0.6149162861491628,
                "support": 335
            },
            "3": {
                "precision": 0.5579710144927537,
                "recall": 0.4425287356321839,
                "f1-score": 0.4935897435897436,
                "support": 174
            },
            "4": {
                "precision": 0.6813627254509018,
                "recall": 0.7203389830508474,
                "f1-score": 0.7003089598352213,
                "support": 472
            },
            "accuracy": 0.6765822784810127,
            "macro avg": {
                "precision": 0.6519939340157783,
                "recall": 0.6304740894136878,
                "f1-score": 0.6389500313434765,
                "support": 1580
            },
            "weighted avg": {
                "precision": 0.6711666268682626,
                "recall": 0.6765822784810127,
                "f1-score": 0.6722501672430972,
                "support": 1580
            },
            "score": 0.6765822784810127
        },
        "test": {
            "0": {
                "precision": 0.7576271186440678,
                "recall": 0.8156934306569343,
                "f1-score": 0.7855887521968365,
                "support": 548
            },
            "1": {
                "precision": 0.6020942408376964,
                "recall": 0.575,
                "f1-score": 0.5882352941176471,
                "support": 200
            },
            "2": {
                "precision": 0.5984848484848485,
                "recall": 0.5642857142857143,
                "f1-score": 0.5808823529411765,
                "support": 420
            },
            "3": {
                "precision": 0.5617977528089888,
                "recall": 0.4608294930875576,
                "f1-score": 0.5063291139240507,
                "support": 217
            },
            "4": {
                "precision": 0.6790322580645162,
                "recall": 0.7135593220338983,
                "f1-score": 0.6958677685950413,
                "support": 590
            },
            "accuracy": 0.6683544303797468,
            "macro avg": {
                "precision": 0.6398072437680236,
                "recall": 0.6258735920128209,
                "f1-score": 0.6313806563549504,
                "support": 1975
            },
            "weighted avg": {
                "precision": 0.6630386279320202,
                "recall": 0.6683544303797468,
                "f1-score": 0.6645851566862194,
                "support": 1975
            },
            "score": 0.6683544303797468
        }
    }
}
