{
    "program": "bin/ensemble.py",
    "single_program": "/slot/sandbox/d/in/script/0_script_unpacked/pretrains/bin/pretrain_mask_supervised___2114b28687464802b07e54206c1686c8.py",
    "config": {
        "seeds": [
            "0",
            "1",
            "2",
            "3",
            "4"
        ]
    },
    "prediction_type": null,
    "metrics": {
        "train": {
            "rmse": 0.7052105885553768,
            "score": -0.7052105885553768
        },
        "val": {
            "rmse": 0.7419255876307593,
            "score": -0.7419255876307593
        },
        "test": {
            "rmse": 0.7458520352473844,
            "score": -0.7458520352473844
        }
    }
}
