{
    "program": "bin/ensemble.py",
    "single_program": "/slot/sandbox/d/in/script/0_script_unpacked/pretrains/bin/pretrain_ae___b17cb4b93f694a64bed10f8d366b5aad.py",
    "config": {
        "seeds": [
            "5",
            "6",
            "7",
            "8",
            "9"
        ]
    },
    "prediction_type": "probs",
    "metrics": {
        "train": {
            "0": {
                "precision": 0.8637627432808156,
                "recall": 0.7546558704453441,
                "f1-score": 0.8055315471045807,
                "support": 1235
            },
            "1": {
                "precision": 0.8032067359369401,
                "recall": 0.8690637720488467,
                "f1-score": 0.8348384694162554,
                "support": 10318
            },
            "2": {
                "precision": 0.6932860717264387,
                "recall": 0.6491604841858649,
                "f1-score": 0.6704980842911878,
                "support": 5122
            },
            "3": {
                "precision": 0.812778603268945,
                "recall": 0.6353077816492451,
                "f1-score": 0.7131681877444589,
                "support": 1722
            },
            "4": {
                "precision": 0.9761769710720363,
                "recall": 0.9817455790074159,
                "f1-score": 0.978953356086462,
                "support": 1753
            },
            "5": {
                "precision": 0.9685811928122589,
                "recall": 0.9712580145920849,
                "f1-score": 0.9699177568030027,
                "support": 9046
            },
            "6": {
                "precision": 0.8399098083427283,
                "recall": 0.8200330214639515,
                "f1-score": 0.8298524087997772,
                "support": 1817
            },
            "7": {
                "precision": 0.9556950341517445,
                "recall": 0.9556950341517445,
                "f1-score": 0.9556950341517445,
                "support": 5417
            },
            "8": {
                "precision": 0.9213412723284237,
                "recall": 0.9271523178807947,
                "f1-score": 0.9242376611128575,
                "support": 3171
            },
            "accuracy": 0.8694729931062347,
            "macro avg": {
                "precision": 0.8705264925467034,
                "recall": 0.8404524306028103,
                "f1-score": 0.8536325006122586,
                "support": 39601
            },
            "weighted avg": {
                "precision": 0.8687296558254145,
                "recall": 0.8694729931062347,
                "f1-score": 0.868075106855486,
                "support": 39601
            },
            "logloss": 0.34008548119698,
            "score": -0.34008548119698
        },
        "val": {
            "0": {
                "precision": 0.6882591093117408,
                "recall": 0.551948051948052,
                "f1-score": 0.6126126126126126,
                "support": 308
            },
            "1": {
                "precision": 0.759180790960452,
                "recall": 0.8333333333333334,
                "f1-score": 0.794530672579453,
                "support": 2580
            },
            "2": {
                "precision": 0.6201022146507666,
                "recall": 0.5683060109289617,
                "f1-score": 0.5930753564154787,
                "support": 1281
            },
            "3": {
                "precision": 0.7155688622754491,
                "recall": 0.5545243619489559,
                "f1-score": 0.6248366013071895,
                "support": 431
            },
            "4": {
                "precision": 0.9701149425287356,
                "recall": 0.9634703196347032,
                "f1-score": 0.9667812142038946,
                "support": 438
            },
            "5": {
                "precision": 0.9469223907225691,
                "recall": 0.9385499557913352,
                "f1-score": 0.9427175843694494,
                "support": 2262
            },
            "6": {
                "precision": 0.7234513274336283,
                "recall": 0.7202643171806168,
                "f1-score": 0.7218543046357616,
                "support": 454
            },
            "7": {
                "precision": 0.9226841721371262,
                "recall": 0.9342688330871491,
                "f1-score": 0.9284403669724771,
                "support": 1354
            },
            "8": {
                "precision": 0.8538083538083538,
                "recall": 0.8764186633039092,
                "f1-score": 0.8649657747355322,
                "support": 793
            },
            "accuracy": 0.82001817998182,
            "macro avg": {
                "precision": 0.8000102404254247,
                "recall": 0.7712315385730018,
                "f1-score": 0.7833127208702054,
                "support": 9901
            },
            "weighted avg": {
                "precision": 0.8176054390359491,
                "recall": 0.82001817998182,
                "f1-score": 0.8175167402168415,
                "support": 9901
            },
            "logloss": 0.4634395646284684,
            "score": -0.4634395646284684
        },
        "test": {
            "0": {
                "precision": 0.6655948553054662,
                "recall": 0.5362694300518135,
                "f1-score": 0.593974175035868,
                "support": 386
            },
            "1": {
                "precision": 0.7613603886824807,
                "recall": 0.826302729528536,
                "f1-score": 0.7925033467202143,
                "support": 3224
            },
            "2": {
                "precision": 0.6002747252747253,
                "recall": 0.5459088069956277,
                "f1-score": 0.5718024206738633,
                "support": 1601
            },
            "3": {
                "precision": 0.7009132420091324,
                "recall": 0.570631970260223,
                "f1-score": 0.6290983606557377,
                "support": 538
            },
            "4": {
                "precision": 0.9724770642201835,
                "recall": 0.9671532846715328,
                "f1-score": 0.9698078682525161,
                "support": 548
            },
            "5": {
                "precision": 0.9507441530829199,
                "recall": 0.9490626105412098,
                "f1-score": 0.9499026376349797,
                "support": 2827
            },
            "6": {
                "precision": 0.7370304114490162,
                "recall": 0.7253521126760564,
                "f1-score": 0.7311446317657498,
                "support": 568
            },
            "7": {
                "precision": 0.9174898314933179,
                "recall": 0.932663910218547,
                "f1-score": 0.9250146455770357,
                "support": 1693
            },
            "8": {
                "precision": 0.8624390243902439,
                "recall": 0.8920282542885973,
                "f1-score": 0.8769841269841269,
                "support": 991
            },
            "accuracy": 0.819327731092437,
            "macro avg": {
                "precision": 0.7964804106563874,
                "recall": 0.771708123248016,
                "f1-score": 0.7822480237000101,
                "support": 12376
            },
            "weighted avg": {
                "precision": 0.8158507151079516,
                "recall": 0.819327731092437,
                "f1-score": 0.8165381463287057,
                "support": 12376
            },
            "logloss": 0.4589567745422491,
            "score": -0.4589567745422491
        }
    }
}
