{
    "program": "bin/ensemble.py",
    "single_program": "/slot/sandbox/d/in/script/0_script_unpacked/pretrains/bin/pretrain_ae_mask___b763a14167454bf0bc7a0856b653db0c.py",
    "config": {
        "seeds": [
            "10",
            "11",
            "12",
            "13",
            "14"
        ]
    },
    "prediction_type": "probs",
    "metrics": {
        "train": {
            "0": {
                "precision": 0.7846313244690036,
                "recall": 0.7680008113041714,
                "f1-score": 0.7762270017254045,
                "support": 29582
            },
            "1": {
                "precision": 0.7969286306071725,
                "recall": 0.8119931261117308,
                "f1-score": 0.8043903531695662,
                "support": 33169
            },
            "accuracy": 0.7912543226402766,
            "macro avg": {
                "precision": 0.790779977538088,
                "recall": 0.7899969687079511,
                "f1-score": 0.7903086774474853,
                "support": 62751
            },
            "weighted avg": {
                "precision": 0.7911314495235354,
                "recall": 0.7912543226402766,
                "f1-score": 0.7911136203299112,
                "support": 62751
            },
            "roc_auc": 0.8781555884043593,
            "score": 0.8781555884043593
        },
        "val": {
            "0": {
                "precision": 0.7363481228668942,
                "recall": 0.7001081665765279,
                "f1-score": 0.7177710008317161,
                "support": 7396
            },
            "1": {
                "precision": 0.7437615526802218,
                "recall": 0.776410998552822,
                "f1-score": 0.7597356620250177,
                "support": 8292
            },
            "accuracy": 0.7404385517593065,
            "macro avg": {
                "precision": 0.7400548377735581,
                "recall": 0.7382595825646749,
                "f1-score": 0.738753331428367,
                "support": 15688
            },
            "weighted avg": {
                "precision": 0.7402665420415573,
                "recall": 0.7404385517593065,
                "f1-score": 0.7399517103303684,
                "support": 15688
            },
            "roc_auc": 0.8227473139677071,
            "score": 0.8227473139677071
        },
        "test": {
            "0": {
                "precision": 0.7226107226107226,
                "recall": 0.7041644131963224,
                "f1-score": 0.7132683247507396,
                "support": 9245
            },
            "1": {
                "precision": 0.7420054711819639,
                "recall": 0.7589001447178003,
                "f1-score": 0.7503577220261375,
                "support": 10365
            },
            "accuracy": 0.7330953595104539,
            "macro avg": {
                "precision": 0.7323080968963432,
                "recall": 0.7315322789570613,
                "f1-score": 0.7318130233884386,
                "support": 19610
            },
            "weighted avg": {
                "precision": 0.7328619499916974,
                "recall": 0.7330953595104539,
                "f1-score": 0.7328721800673893,
                "support": 19610
            },
            "roc_auc": 0.8155841321249774,
            "score": 0.8155841321249774
        }
    }
}
