{
    "program": "bin/ensemble.py",
    "single_program": "/slot/sandbox/d/in/script/0_script_unpacked/pretrains/bin/pretrain_ae___b340a7e567274837a3ab0e7524f33c6c.py",
    "config": {
        "seeds": [
            "0",
            "1",
            "2",
            "3",
            "4"
        ]
    },
    "prediction_type": null,
    "metrics": {
        "train": {
            "rmse": 1.698088488305623,
            "score": -1.698088488305623
        },
        "val": {
            "rmse": 5.124388176370666,
            "score": -5.124388176370666
        },
        "test": {
            "rmse": 5.482956751283735,
            "score": -5.482956751283735
        }
    }
}
