{
    "program": "bin/ensemble.py",
    "single_program": "/slot/sandbox/d/in/script/0_script_unpacked/pretrains/bin/pretrain_supervised_contrastive___98a30e741ea740c6855d9d15f3970db3.py",
    "config": {
        "seeds": [
            "5",
            "6",
            "7",
            "8",
            "9"
        ]
    },
    "prediction_type": "probs",
    "metrics": {
        "train": {
            "0": {
                "precision": 0.8674812030075187,
                "recall": 0.7473684210526316,
                "f1-score": 0.8029578077424968,
                "support": 1235
            },
            "1": {
                "precision": 0.7918041326619205,
                "recall": 0.8838922271758093,
                "f1-score": 0.8353178237772487,
                "support": 10318
            },
            "2": {
                "precision": 0.7008528318390553,
                "recall": 0.6257321358844201,
                "f1-score": 0.6611655492521918,
                "support": 5122
            },
            "3": {
                "precision": 0.8518518518518519,
                "recall": 0.6010452961672473,
                "f1-score": 0.7048008171603676,
                "support": 1722
            },
            "4": {
                "precision": 0.9795221843003413,
                "recall": 0.9823160296634341,
                "f1-score": 0.9809171176303049,
                "support": 1753
            },
            "5": {
                "precision": 0.9753168044077135,
                "recall": 0.9784435109440637,
                "f1-score": 0.9768776557585123,
                "support": 9046
            },
            "6": {
                "precision": 0.8617932609937179,
                "recall": 0.8304898183819482,
                "f1-score": 0.8458520179372196,
                "support": 1817
            },
            "7": {
                "precision": 0.9560278490289483,
                "recall": 0.9632637991508215,
                "f1-score": 0.959632183908046,
                "support": 5417
            },
            "8": {
                "precision": 0.9256820319849483,
                "recall": 0.9309366130558183,
                "f1-score": 0.9283018867924527,
                "support": 3171
            },
            "accuracy": 0.8720739375268302,
            "macro avg": {
                "precision": 0.8789257944528907,
                "recall": 0.8381653168306883,
                "f1-score": 0.8550914288843157,
                "support": 39601
            },
            "weighted avg": {
                "precision": 0.8716362859190137,
                "recall": 0.8720739375268302,
                "f1-score": 0.8698236930823369,
                "support": 39601
            },
            "logloss": 0.33125128772217616,
            "score": -0.33125128772217616
        },
        "val": {
            "0": {
                "precision": 0.6707818930041153,
                "recall": 0.5292207792207793,
                "f1-score": 0.5916515426497279,
                "support": 308
            },
            "1": {
                "precision": 0.7427001030573686,
                "recall": 0.837984496124031,
                "f1-score": 0.7874704061191039,
                "support": 2580
            },
            "2": {
                "precision": 0.6132743362831858,
                "recall": 0.5409836065573771,
                "f1-score": 0.5748652011613439,
                "support": 1281
            },
            "3": {
                "precision": 0.7348993288590604,
                "recall": 0.5081206496519721,
                "f1-score": 0.6008230452674896,
                "support": 431
            },
            "4": {
                "precision": 0.9769585253456221,
                "recall": 0.9680365296803652,
                "f1-score": 0.9724770642201834,
                "support": 438
            },
            "5": {
                "precision": 0.951828724353256,
                "recall": 0.9434129089301503,
                "f1-score": 0.9476021314387211,
                "support": 2262
            },
            "6": {
                "precision": 0.742152466367713,
                "recall": 0.7290748898678414,
                "f1-score": 0.7355555555555556,
                "support": 454
            },
            "7": {
                "precision": 0.912167026637869,
                "recall": 0.9357459379615952,
                "f1-score": 0.923806051768137,
                "support": 1354
            },
            "8": {
                "precision": 0.8589108910891089,
                "recall": 0.8751576292559899,
                "f1-score": 0.8669581511555279,
                "support": 793
            },
            "accuracy": 0.8167861832138168,
            "macro avg": {
                "precision": 0.8004081438885888,
                "recall": 0.7630819363611224,
                "f1-score": 0.7779121277039766,
                "support": 9901
            },
            "weighted avg": {
                "precision": 0.8139768956136776,
                "recall": 0.8167861832138168,
                "f1-score": 0.8131455190129092,
                "support": 9901
            },
            "logloss": 0.46975493850430544,
            "score": -0.46975493850430544
        },
        "test": {
            "0": {
                "precision": 0.6913183279742765,
                "recall": 0.5569948186528497,
                "f1-score": 0.6169296987087518,
                "support": 386
            },
            "1": {
                "precision": 0.7494511525795828,
                "recall": 0.8470843672456576,
                "f1-score": 0.795282469423413,
                "support": 3224
            },
            "2": {
                "precision": 0.6152141802067946,
                "recall": 0.5202998126171143,
                "f1-score": 0.5637901861252116,
                "support": 1601
            },
            "3": {
                "precision": 0.714987714987715,
                "recall": 0.5408921933085502,
                "f1-score": 0.6158730158730159,
                "support": 538
            },
            "4": {
                "precision": 0.9725776965265083,
                "recall": 0.9708029197080292,
                "f1-score": 0.9716894977168951,
                "support": 548
            },
            "5": {
                "precision": 0.9538352272727273,
                "recall": 0.9501238061549345,
                "f1-score": 0.9519758993443204,
                "support": 2827
            },
            "6": {
                "precision": 0.7472324723247232,
                "recall": 0.7130281690140845,
                "f1-score": 0.7297297297297298,
                "support": 568
            },
            "7": {
                "precision": 0.9177288528389339,
                "recall": 0.9356172474896634,
                "f1-score": 0.9265867212635274,
                "support": 1693
            },
            "8": {
                "precision": 0.8610301263362488,
                "recall": 0.8940464177598385,
                "f1-score": 0.8772277227722772,
                "support": 991
            },
            "accuracy": 0.821186166774402,
            "macro avg": {
                "precision": 0.8025973056719455,
                "recall": 0.7698766391056358,
                "f1-score": 0.7832316601063491,
                "support": 12376
            },
            "weighted avg": {
                "precision": 0.8171937052538478,
                "recall": 0.821186166774402,
                "f1-score": 0.8170932051306582,
                "support": 12376
            },
            "logloss": 0.466872540262298,
            "score": -0.466872540262298
        }
    }
}
