{
    "program": "bin/ensemble.py",
    "single_program": "/slot/sandbox/d/in/script/0_script_unpacked/pretrains/bin/augmented_supervised___60c1f7fcafd44e25ad7539e1833edc0e.py",
    "config": {
        "seeds": [
            "5",
            "6",
            "7",
            "8",
            "9"
        ]
    },
    "prediction_type": "probs",
    "metrics": {
        "train": {
            "0": {
                "precision": 0.9335106382978723,
                "recall": 0.8526315789473684,
                "f1-score": 0.8912399492170968,
                "support": 1235
            },
            "1": {
                "precision": 0.802243919150394,
                "recall": 0.9078309749951541,
                "f1-score": 0.8517777575702464,
                "support": 10318
            },
            "2": {
                "precision": 0.7606081234399819,
                "recall": 0.65443186255369,
                "f1-score": 0.7035365725679505,
                "support": 5122
            },
            "3": {
                "precision": 0.9068825910931174,
                "recall": 0.6504065040650406,
                "f1-score": 0.7575245180926614,
                "support": 1722
            },
            "4": {
                "precision": 0.9517279210093252,
                "recall": 0.9897318881916715,
                "f1-score": 0.9703579418344519,
                "support": 1753
            },
            "5": {
                "precision": 0.9787140178669902,
                "recall": 0.9809860711916869,
                "f1-score": 0.9798487274333352,
                "support": 9046
            },
            "6": {
                "precision": 0.9135730858468677,
                "recall": 0.8668134287286736,
                "f1-score": 0.889579214911042,
                "support": 1817
            },
            "7": {
                "precision": 0.9697812384130515,
                "recall": 0.965663651467602,
                "f1-score": 0.9677180649338636,
                "support": 5417
            },
            "8": {
                "precision": 0.9539243724181761,
                "recall": 0.9467045096184169,
                "f1-score": 0.950300728078506,
                "support": 3171
            },
            "accuracy": 0.8916188985126638,
            "macro avg": {
                "precision": 0.9078851008373086,
                "recall": 0.8683556077510338,
                "f1-score": 0.8846537194043504,
                "support": 39601
            },
            "weighted avg": {
                "precision": 0.892601513289387,
                "recall": 0.8916188985126638,
                "f1-score": 0.8897235586251943,
                "support": 39601
            },
            "logloss": 0.29719503741511843,
            "score": -0.29719503741511843
        },
        "val": {
            "0": {
                "precision": 0.7166666666666667,
                "recall": 0.5584415584415584,
                "f1-score": 0.6277372262773723,
                "support": 308
            },
            "1": {
                "precision": 0.7447457627118644,
                "recall": 0.8515503875968993,
                "f1-score": 0.7945750452079565,
                "support": 2580
            },
            "2": {
                "precision": 0.6353887399463807,
                "recall": 0.5550351288056206,
                "f1-score": 0.5924999999999999,
                "support": 1281
            },
            "3": {
                "precision": 0.7906137184115524,
                "recall": 0.5081206496519721,
                "f1-score": 0.6186440677966101,
                "support": 431
            },
            "4": {
                "precision": 0.9422222222222222,
                "recall": 0.9680365296803652,
                "f1-score": 0.9549549549549549,
                "support": 438
            },
            "5": {
                "precision": 0.9451084550686144,
                "recall": 0.9438549955791335,
                "f1-score": 0.9444813094448131,
                "support": 2262
            },
            "6": {
                "precision": 0.7539863325740319,
                "recall": 0.7290748898678414,
                "f1-score": 0.7413213885778276,
                "support": 454
            },
            "7": {
                "precision": 0.925351071692535,
                "recall": 0.9246676514032496,
                "f1-score": 0.9250092353158478,
                "support": 1354
            },
            "8": {
                "precision": 0.8648648648648649,
                "recall": 0.8877679697351829,
                "f1-score": 0.8761667703795892,
                "support": 793
            },
            "accuracy": 0.8226441773558226,
            "macro avg": {
                "precision": 0.813216426017637,
                "recall": 0.769616640084647,
                "f1-score": 0.786154444217219,
                "support": 9901
            },
            "weighted avg": {
                "precision": 0.8209742987812662,
                "recall": 0.8226441773558226,
                "f1-score": 0.8188551087493932,
                "support": 9901
            },
            "logloss": 0.46152580055678616,
            "score": -0.46152580055678616
        },
        "test": {
            "0": {
                "precision": 0.7361111111111112,
                "recall": 0.5492227979274611,
                "f1-score": 0.629080118694362,
                "support": 386
            },
            "1": {
                "precision": 0.7521834061135371,
                "recall": 0.8548387096774194,
                "f1-score": 0.8002322880371661,
                "support": 3224
            },
            "2": {
                "precision": 0.6294675419401896,
                "recall": 0.5390381011867583,
                "f1-score": 0.5807537012113055,
                "support": 1601
            },
            "3": {
                "precision": 0.7853260869565217,
                "recall": 0.5371747211895911,
                "f1-score": 0.6379690949227372,
                "support": 538
            },
            "4": {
                "precision": 0.9434628975265018,
                "recall": 0.9744525547445255,
                "f1-score": 0.9587073608617595,
                "support": 548
            },
            "5": {
                "precision": 0.942907180385289,
                "recall": 0.9522461973823841,
                "f1-score": 0.9475536782822949,
                "support": 2827
            },
            "6": {
                "precision": 0.7556818181818182,
                "recall": 0.7024647887323944,
                "f1-score": 0.7281021897810219,
                "support": 568
            },
            "7": {
                "precision": 0.9240654205607477,
                "recall": 0.9344359125812167,
                "f1-score": 0.9292217327459619,
                "support": 1693
            },
            "8": {
                "precision": 0.8662109375,
                "recall": 0.8950554994954592,
                "f1-score": 0.8803970223325062,
                "support": 991
            },
            "accuracy": 0.8253070458952811,
            "macro avg": {
                "precision": 0.8150462666973018,
                "recall": 0.7709921425463566,
                "f1-score": 0.7880019096521239,
                "support": 12376
            },
            "weighted avg": {
                "precision": 0.8220881137056107,
                "recall": 0.8253070458952811,
                "f1-score": 0.8208711732286619,
                "support": 12376
            },
            "logloss": 0.4492936604328579,
            "score": -0.4492936604328579
        }
    }
}
