{
    "program": "/slot/sandbox/d/in/script/0_script_unpacked/pretrains/bin/archive/xgboost____714e90a0d92e416599c3d7e6f7e3810d.py",
    "environment": {
        "CUDA_VISIBLE_DEVICES": "0",
        "gpus": {
            "driver": "450.119.04",
            "devices": [
                {
                    "name": "A100-SXM-80GB",
                    "memory_total": 85199093760,
                    "memory_free": 85195948032,
                    "memory_used": 3145728,
                    "utilization": 0
                }
            ]
        },
        "torch.version.cuda": "11.1",
        "torch.backends.cudnn.version()": 8005,
        "torch.cuda.nccl.version()": [
            2,
            10,
            3
        ]
    },
    "config": {
        "seed": 14,
        "data": {
            "path": "data/adult_roc",
            "T": {
                "seed": 0,
                "normalization": null,
                "num_nan_policy": null,
                "cat_nan_policy": null,
                "cat_min_frequency": null,
                "cat_encoding": "one-hot",
                "y_policy": "default"
            },
            "T_cache": false
        },
        "xgboost": {
            "booster": "gbtree",
            "n_estimators": 2000,
            "n_jobs": 1,
            "tree_method": "gpu_hist",
            "colsample_bytree": 0.8665261517914613,
            "gamma": 0.6707889513142046,
            "lambda": 1.002808444898153,
            "learning_rate": 0.039294037989220175,
            "max_depth": 6,
            "min_child_weight": 0.0003127588574756309,
            "subsample": 0.9661507487647305,
            "random_state": 14
        },
        "xgboost_fit": {
            "early_stopping_rounds": 50,
            "verbose": true
        }
    },
    "prediction_type": "probs",
    "metrics": {
        "train": {
            "0": {
                "precision": 0.9010690083039038,
                "recall": 0.9547914032869785,
                "f1-score": 0.9271526430798694,
                "support": 19775
            },
            "1": {
                "precision": 0.8244994110718492,
                "recall": 0.6695361071257772,
                "f1-score": 0.7389812615465823,
                "support": 6273
            },
            "accuracy": 0.8860949017199017,
            "macro avg": {
                "precision": 0.8627842096878765,
                "recall": 0.8121637552063778,
                "f1-score": 0.8330669523132259,
                "support": 26048
            },
            "weighted avg": {
                "precision": 0.8826291632702475,
                "recall": 0.8860949017199017,
                "f1-score": 0.8818363394727476,
                "support": 26048
            },
            "roc_auc": 0.9439551603071619,
            "score": 0.9439551603071619
        },
        "val": {
            "0": {
                "precision": 0.8896289248334919,
                "recall": 0.9453993933265925,
                "f1-score": 0.9166666666666666,
                "support": 4945
            },
            "1": {
                "precision": 0.7853736089030207,
                "recall": 0.6301020408163265,
                "f1-score": 0.6992215145081387,
                "support": 1568
            },
            "accuracy": 0.8694917856594503,
            "macro avg": {
                "precision": 0.8375012668682562,
                "recall": 0.7877507170714595,
                "f1-score": 0.8079440905874027,
                "support": 6513
            },
            "weighted avg": {
                "precision": 0.8645295335577389,
                "recall": 0.8694917856594503,
                "f1-score": 0.8643169048695575,
                "support": 6513
            },
            "roc_auc": 0.9289182925445203,
            "score": 0.9289182925445203
        },
        "test": {
            "0": {
                "precision": 0.8941935483870967,
                "recall": 0.9474065138721351,
                "f1-score": 0.9200312377977352,
                "support": 12435
            },
            "1": {
                "precision": 0.789439793947199,
                "recall": 0.6375455018200729,
                "f1-score": 0.7054085155350979,
                "support": 3846
            },
            "accuracy": 0.8742092009090351,
            "macro avg": {
                "precision": 0.8418166711671479,
                "recall": 0.792476007846104,
                "f1-score": 0.8127198766664165,
                "support": 16281
            },
            "weighted avg": {
                "precision": 0.8694479590758845,
                "recall": 0.8742092009090351,
                "f1-score": 0.8693317113667971,
                "support": 16281
            },
            "roc_auc": 0.9267491005229271,
            "score": 0.9267491005229271
        }
    },
    "time": "0:00:02"
}
