{
    "program": "bin/ensemble.py",
    "single_program": "/slot/sandbox/d/in/script/0_script_unpacked/pretrains/bin/pretrain_mask_supervised_fast___70b3d1b47aec4f3eb0ac9e904ee9e626.py",
    "config": {
        "seeds": [
            "5",
            "6",
            "7",
            "8",
            "9"
        ]
    },
    "prediction_type": null,
    "metrics": {
        "train": {
            "rmse": 1.585349895595217,
            "score": -1.585349895595217
        },
        "val": {
            "rmse": 1.8340316850502474,
            "score": -1.8340316850502474
        },
        "test": {
            "rmse": 1.8341125372752616,
            "score": -1.8341125372752616
        }
    }
}
