{
    "program": "bin/ensemble.py",
    "single_program": "/slot/sandbox/d/in/script/0_script_unpacked/pretrains/bin/pretrain_ae_supervised___ef269d6e211b44cdb0602e251a3c0589.py",
    "config": {
        "seeds": [
            "0",
            "1",
            "2",
            "3",
            "4"
        ]
    },
    "prediction_type": "probs",
    "metrics": {
        "train": {
            "0": {
                "precision": 0.9024839006439742,
                "recall": 0.794331983805668,
                "f1-score": 0.8449612403100775,
                "support": 1235
            },
            "1": {
                "precision": 0.7878154917319408,
                "recall": 0.877301802674937,
                "f1-score": 0.8301540719002201,
                "support": 10318
            },
            "2": {
                "precision": 0.6911145579437181,
                "recall": 0.6089418196017181,
                "f1-score": 0.6474312402698494,
                "support": 5122
            },
            "3": {
                "precision": 0.8453209590100541,
                "recall": 0.6347270615563299,
                "f1-score": 0.7250414593698176,
                "support": 1722
            },
            "4": {
                "precision": 0.9829642248722317,
                "recall": 0.9874500855675984,
                "f1-score": 0.9852020489470689,
                "support": 1753
            },
            "5": {
                "precision": 0.9757415371044217,
                "recall": 0.9782224187486181,
                "f1-score": 0.9769804029809551,
                "support": 9046
            },
            "6": {
                "precision": 0.8649553571428571,
                "recall": 0.8530544854155201,
                "f1-score": 0.8589637018564699,
                "support": 1817
            },
            "7": {
                "precision": 0.9647666482198857,
                "recall": 0.9654790474432343,
                "f1-score": 0.9651227163683337,
                "support": 5417
            },
            "8": {
                "precision": 0.935748031496063,
                "recall": 0.9369284137496058,
                "f1-score": 0.9363378506145603,
                "support": 3171
            },
            "accuracy": 0.8731092649175526,
            "macro avg": {
                "precision": 0.8834345231294607,
                "recall": 0.8484930131736923,
                "f1-score": 0.863354970290817,
                "support": 39601
            },
            "weighted avg": {
                "precision": 0.8725409806380101,
                "recall": 0.8731092649175526,
                "f1-score": 0.8711012119303952,
                "support": 39601
            },
            "logloss": 0.3130827605767929,
            "score": -0.3130827605767929
        },
        "val": {
            "0": {
                "precision": 0.708502024291498,
                "recall": 0.5681818181818182,
                "f1-score": 0.6306306306306306,
                "support": 308
            },
            "1": {
                "precision": 0.7514670348636521,
                "recall": 0.8437984496124031,
                "f1-score": 0.7949607449333578,
                "support": 2580
            },
            "2": {
                "precision": 0.6298245614035087,
                "recall": 0.5604996096799375,
                "f1-score": 0.5931433292028088,
                "support": 1281
            },
            "3": {
                "precision": 0.761744966442953,
                "recall": 0.5266821345707656,
                "f1-score": 0.6227709190672153,
                "support": 431
            },
            "4": {
                "precision": 0.9724770642201835,
                "recall": 0.9680365296803652,
                "f1-score": 0.9702517162471395,
                "support": 438
            },
            "5": {
                "precision": 0.9490022172949002,
                "recall": 0.9460654288240495,
                "f1-score": 0.9475315474872703,
                "support": 2262
            },
            "6": {
                "precision": 0.7528089887640449,
                "recall": 0.737885462555066,
                "f1-score": 0.7452725250278086,
                "support": 454
            },
            "7": {
                "precision": 0.9293598233995585,
                "recall": 0.9327917282127031,
                "f1-score": 0.9310726133431625,
                "support": 1354
            },
            "8": {
                "precision": 0.8580097087378641,
                "recall": 0.8915510718789408,
                "f1-score": 0.8744588744588746,
                "support": 793
            },
            "accuracy": 0.8247651752348247,
            "macro avg": {
                "precision": 0.8125773766020181,
                "recall": 0.7750546925773388,
                "f1-score": 0.7900103222664743,
                "support": 9901
            },
            "weighted avg": {
                "precision": 0.8226683231577941,
                "recall": 0.8247651752348247,
                "f1-score": 0.8215556379554261,
                "support": 9901
            },
            "logloss": 0.44741434289662146,
            "score": -0.44741434289662146
        },
        "test": {
            "0": {
                "precision": 0.7380952380952381,
                "recall": 0.5621761658031088,
                "f1-score": 0.6382352941176471,
                "support": 386
            },
            "1": {
                "precision": 0.7551020408163265,
                "recall": 0.8492555831265509,
                "f1-score": 0.7994160583941605,
                "support": 3224
            },
            "2": {
                "precision": 0.6218795888399412,
                "recall": 0.5290443472829481,
                "f1-score": 0.5717178535268309,
                "support": 1601
            },
            "3": {
                "precision": 0.7372262773722628,
                "recall": 0.5631970260223048,
                "f1-score": 0.6385669125395153,
                "support": 538
            },
            "4": {
                "precision": 0.9761904761904762,
                "recall": 0.9726277372262774,
                "f1-score": 0.9744058500914077,
                "support": 548
            },
            "5": {
                "precision": 0.9485915492957746,
                "recall": 0.9529536611248673,
                "f1-score": 0.9507676019057703,
                "support": 2827
            },
            "6": {
                "precision": 0.7587476979742173,
                "recall": 0.7253521126760564,
                "f1-score": 0.7416741674167417,
                "support": 568
            },
            "7": {
                "precision": 0.9206716850028952,
                "recall": 0.9391612522150029,
                "f1-score": 0.9298245614035087,
                "support": 1693
            },
            "8": {
                "precision": 0.8685491723466408,
                "recall": 0.900100908173562,
                "f1-score": 0.8840436075322101,
                "support": 991
            },
            "accuracy": 0.8262766645119586,
            "macro avg": {
                "precision": 0.8138948584370859,
                "recall": 0.7770965326278533,
                "f1-score": 0.792072434103088,
                "support": 12376
            },
            "weighted avg": {
                "precision": 0.8224490527005442,
                "recall": 0.8262766645119586,
                "f1-score": 0.8222277811316964,
                "support": 12376
            },
            "logloss": 0.44276849433527327,
            "score": -0.44276849433527327
        }
    }
}
