{
    "program": "bin/ensemble.py",
    "single_program": "/slot/sandbox/d/in/script/0_script_unpacked/pretrains/bin/pretrain_mask___65e8a71887e84b9a9baf843e2d604f57.py",
    "config": {
        "seeds": [
            "5",
            "6",
            "7",
            "8",
            "9"
        ]
    },
    "prediction_type": "probs",
    "metrics": {
        "train": {
            "0": {
                "precision": 0.9809523809523809,
                "recall": 0.9982896237172177,
                "f1-score": 0.9895450692285955,
                "support": 1754
            },
            "1": {
                "precision": 0.9968304278922345,
                "recall": 0.9858934169278997,
                "f1-score": 0.991331757289204,
                "support": 638
            },
            "2": {
                "precision": 0.9992492492492493,
                "recall": 0.9918032786885246,
                "f1-score": 0.9955123410620793,
                "support": 1342
            },
            "3": {
                "precision": 1.0,
                "recall": 0.9956896551724138,
                "f1-score": 0.9978401727861772,
                "support": 696
            },
            "4": {
                "precision": 1.0,
                "recall": 0.9941737288135594,
                "f1-score": 0.9970783532536521,
                "support": 1888
            },
            "accuracy": 0.9941437163659386,
            "macro avg": {
                "precision": 0.9954064116187731,
                "recall": 0.9931699406639231,
                "f1-score": 0.9942615387239415,
                "support": 6318
            },
            "weighted avg": {
                "precision": 0.9942324757325441,
                "recall": 0.9941437163659386,
                "f1-score": 0.9941579559171975,
                "support": 6318
            },
            "score": 0.9941437163659386
        },
        "val": {
            "0": {
                "precision": 0.8029978586723768,
                "recall": 0.8542141230068337,
                "f1-score": 0.8278145695364238,
                "support": 439
            },
            "1": {
                "precision": 0.7066666666666667,
                "recall": 0.6625,
                "f1-score": 0.6838709677419355,
                "support": 160
            },
            "2": {
                "precision": 0.760655737704918,
                "recall": 0.6925373134328359,
                "f1-score": 0.725,
                "support": 335
            },
            "3": {
                "precision": 0.6449704142011834,
                "recall": 0.6264367816091954,
                "f1-score": 0.6355685131195334,
                "support": 174
            },
            "4": {
                "precision": 0.7586912065439673,
                "recall": 0.7860169491525424,
                "f1-score": 0.7721123829344433,
                "support": 472
            },
            "accuracy": 0.7550632911392405,
            "macro avg": {
                "precision": 0.7347963767578225,
                "recall": 0.7243410334402813,
                "f1-score": 0.7288732866664672,
                "support": 1580
            },
            "weighted avg": {
                "precision": 0.7536262660219911,
                "recall": 0.7550632911392405,
                "f1-score": 0.7536271625905416,
                "support": 1580
            },
            "score": 0.7550632911392405
        },
        "test": {
            "0": {
                "precision": 0.7996545768566494,
                "recall": 0.8448905109489051,
                "f1-score": 0.8216503992901508,
                "support": 548
            },
            "1": {
                "precision": 0.6983240223463687,
                "recall": 0.625,
                "f1-score": 0.6596306068601583,
                "support": 200
            },
            "2": {
                "precision": 0.7002518891687658,
                "recall": 0.6619047619047619,
                "f1-score": 0.6805385556915545,
                "support": 420
            },
            "3": {
                "precision": 0.6502732240437158,
                "recall": 0.5483870967741935,
                "f1-score": 0.595,
                "support": 217
            },
            "4": {
                "precision": 0.7252747252747253,
                "recall": 0.7830508474576271,
                "f1-score": 0.7530562347188264,
                "support": 590
            },
            "accuracy": 0.7326582278481013,
            "macro avg": {
                "precision": 0.7147556875380451,
                "recall": 0.6926466434170975,
                "f1-score": 0.701975159312138,
                "support": 1975
            },
            "weighted avg": {
                "precision": 0.729621611932746,
                "recall": 0.7326582278481013,
                "f1-score": 0.7298404618013138,
                "support": 1975
            },
            "score": 0.7326582278481013
        }
    }
}
