{
    "program": "bin/ensemble.py",
    "single_program": "/slot/sandbox/d/in/script/0_script_unpacked/pretrains/bin/pretrain_ae_supervised___cdd26ba53aea441a88f60f5a0e29bf00.py",
    "config": {
        "seeds": [
            "10",
            "11",
            "12",
            "13",
            "14"
        ]
    },
    "prediction_type": "probs",
    "metrics": {
        "train": {
            "0": {
                "precision": 0.8894917706637728,
                "recall": 0.9650706436420722,
                "f1-score": 0.9257411764705883,
                "support": 5096
            },
            "1": {
                "precision": 0.7956371986222732,
                "recall": 0.531441717791411,
                "f1-score": 0.6372413793103449,
                "support": 1304
            },
            "accuracy": 0.87671875,
            "macro avg": {
                "precision": 0.842564484643023,
                "recall": 0.7482561807167416,
                "f1-score": 0.7814912778904666,
                "support": 6400
            },
            "weighted avg": {
                "precision": 0.8703689016103172,
                "recall": 0.87671875,
                "f1-score": 0.8669593427991887,
                "support": 6400
            },
            "roc_auc": 0.897748805751654,
            "score": 0.897748805751654
        },
        "val": {
            "0": {
                "precision": 0.8843390804597702,
                "recall": 0.966248037676609,
                "f1-score": 0.9234808702175543,
                "support": 1274
            },
            "1": {
                "precision": 0.7932692307692307,
                "recall": 0.5061349693251533,
                "f1-score": 0.6179775280898876,
                "support": 326
            },
            "accuracy": 0.8725,
            "macro avg": {
                "precision": 0.8388041556145005,
                "recall": 0.7361915035008813,
                "f1-score": 0.770729199153721,
                "support": 1600
            },
            "weighted avg": {
                "precision": 0.8657835985853228,
                "recall": 0.8725,
                "f1-score": 0.8612345642590422,
                "support": 1600
            },
            "roc_auc": 0.8772717203917905,
            "score": 0.8772717203917905
        },
        "test": {
            "0": {
                "precision": 0.8779504893494531,
                "recall": 0.9573132454488387,
                "f1-score": 0.9159159159159159,
                "support": 1593
            },
            "1": {
                "precision": 0.7414448669201521,
                "recall": 0.47911547911547914,
                "f1-score": 0.5820895522388061,
                "support": 407
            },
            "accuracy": 0.86,
            "macro avg": {
                "precision": 0.8096976781348026,
                "recall": 0.7182143622821588,
                "f1-score": 0.7490027340773611,
                "support": 2000
            },
            "weighted avg": {
                "precision": 0.8501715951850903,
                "recall": 0.86,
                "f1-score": 0.8479822509076241,
                "support": 2000
            },
            "roc_auc": 0.8619759975692176,
            "score": 0.8619759975692176
        }
    }
}
