{
    "program": "bin/ensemble.py",
    "single_program": "/slot/sandbox/d/in/script/0_script_unpacked/pretrains/bin/pretrain_mask_supervised_fast___4addc330ad5347b4b2f97b0dbcedebc7.py",
    "config": {
        "seeds": [
            "10",
            "11",
            "12",
            "13",
            "14"
        ]
    },
    "prediction_type": null,
    "metrics": {
        "train": {
            "rmse": 0.7137219445685212,
            "score": -0.7137219445685212
        },
        "val": {
            "rmse": 0.7414841625818898,
            "score": -0.7414841625818898
        },
        "test": {
            "rmse": 0.745413719061526,
            "score": -0.745413719061526
        }
    }
}
