{
    "program": "/slot/sandbox/d/in/script/0_script_unpacked/pretrains/bin/archive/xgboost____6f7f9dde77e84209931207c39ae18604.py",
    "environment": {
        "CUDA_VISIBLE_DEVICES": "0",
        "gpus": {
            "driver": "450.119.04",
            "devices": [
                {
                    "name": "A100-SXM-80GB",
                    "memory_total": 85199093760,
                    "memory_free": 85195948032,
                    "memory_used": 3145728,
                    "utilization": 0
                }
            ]
        },
        "torch.version.cuda": "11.1",
        "torch.backends.cudnn.version()": 8005,
        "torch.cuda.nccl.version()": [
            2,
            10,
            3
        ]
    },
    "config": {
        "seed": 12,
        "data": {
            "path": "data/higgs-small_roc",
            "T": {
                "seed": 0,
                "normalization": null,
                "num_nan_policy": null,
                "cat_nan_policy": null,
                "cat_min_frequency": null,
                "cat_encoding": null,
                "y_policy": "default"
            },
            "T_cache": false
        },
        "xgboost": {
            "booster": "gbtree",
            "n_estimators": 2000,
            "n_jobs": 1,
            "tree_method": "gpu_hist",
            "colsample_bytree": 0.9118030562356342,
            "gamma": 0,
            "lambda": 5.154249797397774,
            "learning_rate": 0.032358789684609084,
            "max_depth": 8,
            "min_child_weight": 0.0014302554765353716,
            "subsample": 0.8651687972804869,
            "random_state": 12
        },
        "xgboost_fit": {
            "early_stopping_rounds": 50,
            "verbose": true
        }
    },
    "prediction_type": "probs",
    "metrics": {
        "train": {
            "0": {
                "precision": 0.8276161076618918,
                "recall": 0.8066053681292678,
                "f1-score": 0.8169756732234263,
                "support": 29582
            },
            "1": {
                "precision": 0.8313384433962264,
                "recall": 0.8501612951852634,
                "f1-score": 0.8406445169849006,
                "support": 33169
            },
            "accuracy": 0.8296282130962056,
            "macro avg": {
                "precision": 0.8294772755290591,
                "recall": 0.8283833316572655,
                "f1-score": 0.8288100951041635,
                "support": 62751
            },
            "weighted avg": {
                "precision": 0.8295836644175155,
                "recall": 0.8296282130962056,
                "f1-score": 0.8294865794834755,
                "support": 62751
            },
            "roc_auc": 0.9101976953330089,
            "score": 0.9101976953330089
        },
        "val": {
            "0": {
                "precision": 0.718854748603352,
                "recall": 0.6959167117360735,
                "f1-score": 0.7071997801593845,
                "support": 7396
            },
            "1": {
                "precision": 0.7362804878048781,
                "recall": 0.7572358900144718,
                "f1-score": 0.7466111771700357,
                "support": 8292
            },
            "accuracy": 0.7283273839877613,
            "macro avg": {
                "precision": 0.7275676182041151,
                "recall": 0.7265763008752726,
                "f1-score": 0.72690547866471,
                "support": 15688
            },
            "weighted avg": {
                "precision": 0.7280652425770295,
                "recall": 0.7283273839877613,
                "f1-score": 0.7280309443621076,
                "support": 15688
            },
            "roc_auc": 0.8075644759934641,
            "score": 0.8075644759934641
        },
        "test": {
            "0": {
                "precision": 0.7120540660314647,
                "recall": 0.6951865873445106,
                "f1-score": 0.7035192381369383,
                "support": 9245
            },
            "1": {
                "precision": 0.7337490551776266,
                "recall": 0.7492522913651712,
                "f1-score": 0.7414196381688862,
                "support": 10365
            },
            "accuracy": 0.723763386027537,
            "macro avg": {
                "precision": 0.7229015606045457,
                "recall": 0.7222194393548409,
                "f1-score": 0.7224694381529122,
                "support": 19610
            },
            "weighted avg": {
                "precision": 0.7235211013450785,
                "recall": 0.723763386027537,
                "f1-score": 0.723551754523024,
                "support": 19610
            },
            "roc_auc": 0.8034216641529548,
            "score": 0.8034216641529548
        }
    },
    "time": "0:00:07"
}
