{
    "program": "bin/ensemble.py",
    "single_program": "/slot/sandbox/d/in/script/0_script_unpacked/pretrains/bin/pretrain_contrastive___bf85c209fda04a01b3186639183ba99d.py",
    "config": {
        "seeds": [
            "10",
            "11",
            "12",
            "13",
            "14"
        ]
    },
    "prediction_type": "probs",
    "metrics": {
        "train": {
            "0": {
                "precision": 0.8554216867469879,
                "recall": 0.7473684210526316,
                "f1-score": 0.797752808988764,
                "support": 1235
            },
            "1": {
                "precision": 0.8157679367100118,
                "recall": 0.8694514440783098,
                "f1-score": 0.8417546328876377,
                "support": 10318
            },
            "2": {
                "precision": 0.6931704386140597,
                "recall": 0.6757126122608356,
                "f1-score": 0.684330202669303,
                "support": 5122
            },
            "3": {
                "precision": 0.8684603886397608,
                "recall": 0.6747967479674797,
                "f1-score": 0.7594771241830066,
                "support": 1722
            },
            "4": {
                "precision": 0.9829351535836177,
                "recall": 0.9857387335995437,
                "f1-score": 0.984334947308459,
                "support": 1753
            },
            "5": {
                "precision": 0.9723022379791713,
                "recall": 0.9701525536148574,
                "f1-score": 0.9712262062859672,
                "support": 9046
            },
            "6": {
                "precision": 0.8586894586894587,
                "recall": 0.8293891029168959,
                "f1-score": 0.8437849944008958,
                "support": 1817
            },
            "7": {
                "precision": 0.9557798165137614,
                "recall": 0.9616023629315119,
                "f1-score": 0.9586822490107665,
                "support": 5417
            },
            "8": {
                "precision": 0.9170046801872075,
                "recall": 0.9268369599495427,
                "f1-score": 0.9218946047678795,
                "support": 3171
            },
            "accuracy": 0.8756344536754123,
            "macro avg": {
                "precision": 0.8799479775182263,
                "recall": 0.8490054375968454,
                "f1-score": 0.8625819745002977,
                "support": 39601
            },
            "weighted avg": {
                "precision": 0.8758238012243228,
                "recall": 0.8756344536754123,
                "f1-score": 0.8748346309760451,
                "support": 39601
            },
            "logloss": 0.321823170121753,
            "score": -0.321823170121753
        },
        "val": {
            "0": {
                "precision": 0.6641509433962264,
                "recall": 0.5714285714285714,
                "f1-score": 0.6143106457242582,
                "support": 308
            },
            "1": {
                "precision": 0.7709700948212983,
                "recall": 0.8193798449612403,
                "f1-score": 0.7944381811349116,
                "support": 2580
            },
            "2": {
                "precision": 0.6122766122766122,
                "recall": 0.615144418423107,
                "f1-score": 0.6137071651090342,
                "support": 1281
            },
            "3": {
                "precision": 0.76875,
                "recall": 0.5707656612529002,
                "f1-score": 0.6551264980026631,
                "support": 431
            },
            "4": {
                "precision": 0.9748283752860412,
                "recall": 0.9726027397260274,
                "f1-score": 0.9737142857142856,
                "support": 438
            },
            "5": {
                "precision": 0.9530621367903442,
                "recall": 0.9425287356321839,
                "f1-score": 0.9477661702600578,
                "support": 2262
            },
            "6": {
                "precision": 0.7649769585253456,
                "recall": 0.7312775330396476,
                "f1-score": 0.7477477477477478,
                "support": 454
            },
            "7": {
                "precision": 0.9218407596785975,
                "recall": 0.9320531757754801,
                "f1-score": 0.9269188395152406,
                "support": 1354
            },
            "8": {
                "precision": 0.8654320987654321,
                "recall": 0.8839848675914249,
                "f1-score": 0.8746101060511541,
                "support": 793
            },
            "accuracy": 0.8258761741238259,
            "macro avg": {
                "precision": 0.810698664393322,
                "recall": 0.7821295053145092,
                "f1-score": 0.7942599599177059,
                "support": 9901
            },
            "weighted avg": {
                "precision": 0.8255610432706482,
                "recall": 0.8258761741238259,
                "f1-score": 0.8247451691653116,
                "support": 9901
            },
            "logloss": 0.4535329828049024,
            "score": -0.4535329828049024
        },
        "test": {
            "0": {
                "precision": 0.7049180327868853,
                "recall": 0.5569948186528497,
                "f1-score": 0.6222865412445732,
                "support": 386
            },
            "1": {
                "precision": 0.776707530647986,
                "recall": 0.8253722084367245,
                "f1-score": 0.8003007518796993,
                "support": 3224
            },
            "2": {
                "precision": 0.613650998068255,
                "recall": 0.5952529668956902,
                "f1-score": 0.6043119847812302,
                "support": 1601
            },
            "3": {
                "precision": 0.7274881516587678,
                "recall": 0.570631970260223,
                "f1-score": 0.6395833333333333,
                "support": 538
            },
            "4": {
                "precision": 0.9779411764705882,
                "recall": 0.9708029197080292,
                "f1-score": 0.9743589743589743,
                "support": 548
            },
            "5": {
                "precision": 0.9516186410530061,
                "recall": 0.946232755571277,
                "f1-score": 0.9489180560482441,
                "support": 2827
            },
            "6": {
                "precision": 0.7453531598513011,
                "recall": 0.7059859154929577,
                "f1-score": 0.7251356238698012,
                "support": 568
            },
            "7": {
                "precision": 0.914598961338719,
                "recall": 0.9362079149438866,
                "f1-score": 0.9252772913018097,
                "support": 1693
            },
            "8": {
                "precision": 0.8524904214559387,
                "recall": 0.8980827447023209,
                "f1-score": 0.8746928746928746,
                "support": 991
            },
            "accuracy": 0.8257110536522301,
            "macro avg": {
                "precision": 0.807196341481272,
                "recall": 0.7783960238515509,
                "f1-score": 0.7905406035011711,
                "support": 12376
            },
            "weighted avg": {
                "precision": 0.8235924062647135,
                "recall": 0.8257110536522301,
                "f1-score": 0.8236670765755002,
                "support": 12376
            },
            "logloss": 0.4514453532045755,
            "score": -0.4514453532045755
        }
    }
}
