{
    "program": "bin/ensemble.py",
    "single_program": "/slot/sandbox/d/in/script/0_script_unpacked/pretrains/bin/finetune___57b725692d3a469d9e016b54484d907d.py",
    "config": {
        "seeds": [
            "10",
            "11",
            "12",
            "13",
            "14"
        ]
    },
    "prediction_type": null,
    "metrics": {
        "train": {
            "rmse": 4.371493901572494,
            "score": -4.371493901572494
        },
        "val": {
            "rmse": 5.40797789242252,
            "score": -5.40797789242252
        },
        "test": {
            "rmse": 5.6658795176532815,
            "score": -5.6658795176532815
        }
    }
}
