{
    "program": "bin/ensemble.py",
    "single_program": "/slot/sandbox/d/in/script/0_script_unpacked/pretrains/bin/pretrain_ae_supervised___e6dd3392f3d14ba2924df4a2eaced401.py",
    "config": {
        "seeds": [
            "5",
            "6",
            "7",
            "8",
            "9"
        ]
    },
    "prediction_type": "probs",
    "metrics": {
        "train": {
            "0": {
                "precision": 0.7637588413607275,
                "recall": 0.7665472246636468,
                "f1-score": 0.7651504926440814,
                "support": 29582
            },
            "1": {
                "precision": 0.7911133964489883,
                "recall": 0.7885374898248364,
                "f1-score": 0.7898233428959687,
                "support": 33169
            },
            "accuracy": 0.7781708658029354,
            "macro avg": {
                "precision": 0.7774361189048579,
                "recall": 0.7775423572442416,
                "f1-score": 0.777486917770025,
                "support": 62751
            },
            "weighted avg": {
                "precision": 0.7782179454024561,
                "recall": 0.7781708658029354,
                "f1-score": 0.7781920978775415,
                "support": 62751
            },
            "roc_auc": 0.8588084957236852,
            "score": 0.8588084957236852
        },
        "val": {
            "0": {
                "precision": 0.7302203131495081,
                "recall": 0.7125473228772309,
                "f1-score": 0.7212755765414357,
                "support": 7396
            },
            "1": {
                "precision": 0.749026089009562,
                "recall": 0.7651953690303908,
                "f1-score": 0.7570243989739307,
                "support": 8292
            },
            "accuracy": 0.7403748087710352,
            "macro avg": {
                "precision": 0.739623201079535,
                "recall": 0.7388713459538108,
                "f1-score": 0.7391499877576833,
                "support": 15688
            },
            "weighted avg": {
                "precision": 0.7401602349643708,
                "recall": 0.7403748087710352,
                "f1-score": 0.7401708618302073,
                "support": 15688
            },
            "roc_auc": 0.819232381253527,
            "score": 0.819232381253527
        },
        "test": {
            "0": {
                "precision": 0.7139300790128802,
                "recall": 0.7134667387777177,
                "f1-score": 0.7136983336940057,
                "support": 9245
            },
            "1": {
                "precision": 0.7445762221579404,
                "recall": 0.7450072358900145,
                "f1-score": 0.7447916666666667,
                "support": 10365
            },
            "accuracy": 0.730137684854666,
            "macro avg": {
                "precision": 0.7292531505854103,
                "recall": 0.7292369873338661,
                "f1-score": 0.7292450001803362,
                "support": 19610
            },
            "weighted avg": {
                "precision": 0.7301283081662993,
                "recall": 0.730137684854666,
                "f1-score": 0.7301329280979645,
                "support": 19610
            },
            "roc_auc": 0.8114384667583447,
            "score": 0.8114384667583447
        }
    }
}
