{
    "program": "bin/ensemble.py",
    "single_program": "/slot/sandbox/d/in/script/0_script_unpacked/pretrains/bin/pretrain_ae___4dc95d807d394bd08d5293484e105631.py",
    "config": {
        "seeds": [
            "5",
            "6",
            "7",
            "8",
            "9"
        ]
    },
    "prediction_type": "probs",
    "metrics": {
        "train": {
            "0": {
                "precision": 0.7812640071716719,
                "recall": 0.7659725508755324,
                "f1-score": 0.773542715712213,
                "support": 29582
            },
            "1": {
                "precision": 0.7948619177432736,
                "recall": 0.8087370737737044,
                "f1-score": 0.8017394682965464,
                "support": 33169
            },
            "accuracy": 0.7885770744689328,
            "macro avg": {
                "precision": 0.7880629624574728,
                "recall": 0.7873548123246183,
                "f1-score": 0.7876410920043797,
                "support": 62751
            },
            "weighted avg": {
                "precision": 0.7884516073015417,
                "recall": 0.7885770744689328,
                "f1-score": 0.7884469895320685,
                "support": 62751
            },
            "roc_auc": 0.8749477176214115,
            "score": 0.8749477176214115
        },
        "val": {
            "0": {
                "precision": 0.7354893376641717,
                "recall": 0.7041644131963224,
                "f1-score": 0.7194860813704497,
                "support": 7396
            },
            "1": {
                "precision": 0.7457883118392007,
                "recall": 0.7741196333815726,
                "f1-score": 0.7596899224806202,
                "support": 8292
            },
            "accuracy": 0.7411397246302907,
            "macro avg": {
                "precision": 0.7406388247516862,
                "recall": 0.7391420232889475,
                "f1-score": 0.739588001925535,
                "support": 15688
            },
            "weighted avg": {
                "precision": 0.7409329311024265,
                "recall": 0.7411397246302907,
                "f1-score": 0.7407360973371461,
                "support": 15688
            },
            "roc_auc": 0.8217065025435842,
            "score": 0.8217065025435842
        },
        "test": {
            "0": {
                "precision": 0.7206387933902628,
                "recall": 0.7028664142779881,
                "f1-score": 0.7116416602781732,
                "support": 9245
            },
            "1": {
                "precision": 0.7406778060983669,
                "recall": 0.7569705740472745,
                "f1-score": 0.7487355663708369,
                "support": 10365
            },
            "accuracy": 0.7314635390107088,
            "macro avg": {
                "precision": 0.7306582997443148,
                "recall": 0.7299184941626313,
                "f1-score": 0.730188613324505,
                "support": 19610
            },
            "weighted avg": {
                "precision": 0.7312305509996202,
                "recall": 0.7314635390107088,
                "f1-score": 0.7312478987611135,
                "support": 19610
            },
            "roc_auc": 0.8121860684267086,
            "score": 0.8121860684267086
        }
    }
}
