{
    "program": "bin/ensemble.py",
    "single_program": "/slot/sandbox/d/in/script/0_script_unpacked/pretrains/bin/augmented_supervised___11fb4e83a1804e2d9da7bc4d438e0e20.py",
    "config": {
        "seeds": [
            "0",
            "1",
            "2",
            "3",
            "4"
        ]
    },
    "prediction_type": "probs",
    "metrics": {
        "train": {
            "0": {
                "precision": 0.8767797503955,
                "recall": 0.978806907378336,
                "f1-score": 0.9249884098284654,
                "support": 5096
            },
            "1": {
                "precision": 0.8481012658227848,
                "recall": 0.4624233128834356,
                "f1-score": 0.5985111662531017,
                "support": 1304
            },
            "accuracy": 0.87359375,
            "macro avg": {
                "precision": 0.8624405081091424,
                "recall": 0.7206151101308857,
                "f1-score": 0.7617497880407835,
                "support": 6400
            },
            "weighted avg": {
                "precision": 0.8709365091638094,
                "recall": 0.87359375,
                "f1-score": 0.858468671449985,
                "support": 6400
            },
            "roc_auc": 0.9004614469667055,
            "score": 0.9004614469667055
        },
        "val": {
            "0": {
                "precision": 0.872027972027972,
                "recall": 0.978806907378336,
                "f1-score": 0.9223372781065088,
                "support": 1274
            },
            "1": {
                "precision": 0.8411764705882353,
                "recall": 0.4386503067484663,
                "f1-score": 0.5766129032258065,
                "support": 326
            },
            "accuracy": 0.86875,
            "macro avg": {
                "precision": 0.8566022213081037,
                "recall": 0.7087286070634011,
                "f1-score": 0.7494750906661576,
                "support": 1600
            },
            "weighted avg": {
                "precision": 0.8657419786096257,
                "recall": 0.86875,
                "f1-score": 0.8518959367245656,
                "support": 1600
            },
            "roc_auc": 0.8675756758578844,
            "score": 0.8675756758578844
        },
        "test": {
            "0": {
                "precision": 0.8614190687361419,
                "recall": 0.975517890772128,
                "f1-score": 0.9149249337650869,
                "support": 1593
            },
            "1": {
                "precision": 0.8010204081632653,
                "recall": 0.3857493857493858,
                "f1-score": 0.5207296849087893,
                "support": 407
            },
            "accuracy": 0.8555,
            "macro avg": {
                "precision": 0.8312197384497035,
                "recall": 0.680633638260757,
                "f1-score": 0.7178273093369381,
                "support": 2000
            },
            "weighted avg": {
                "precision": 0.8491279413095615,
                "recall": 0.8555,
                "f1-score": 0.8347062006228303,
                "support": 2000
            },
            "roc_auc": 0.8549150074573805,
            "score": 0.8549150074573805
        }
    }
}
