{
    "program": "bin/ensemble.py",
    "single_program": "/slot/sandbox/d/in/script/0_script_unpacked/pretrains/bin/finetune___4ffe826544754793acab8cc51eb19603.py",
    "config": {
        "seeds": [
            "5",
            "6",
            "7",
            "8",
            "9"
        ]
    },
    "prediction_type": "probs",
    "metrics": {
        "train": {
            "0": {
                "precision": 0.8855497570631635,
                "recall": 0.9656593406593407,
                "f1-score": 0.9238712099877968,
                "support": 5096
            },
            "1": {
                "precision": 0.7924080664294187,
                "recall": 0.5122699386503068,
                "f1-score": 0.6222636236609222,
                "support": 1304
            },
            "accuracy": 0.87328125,
            "macro avg": {
                "precision": 0.8389789117462911,
                "recall": 0.7389646396548237,
                "f1-score": 0.7730674168243595,
                "support": 6400
            },
            "weighted avg": {
                "precision": 0.8665721375965382,
                "recall": 0.87328125,
                "f1-score": 0.8624186642736962,
                "support": 6400
            },
            "roc_auc": 0.8881544137829742,
            "score": 0.8881544137829742
        },
        "val": {
            "0": {
                "precision": 0.8818897637795275,
                "recall": 0.967032967032967,
                "f1-score": 0.922500935979034,
                "support": 1274
            },
            "1": {
                "precision": 0.7931034482758621,
                "recall": 0.4938650306748466,
                "f1-score": 0.608695652173913,
                "support": 326
            },
            "accuracy": 0.870625,
            "macro avg": {
                "precision": 0.8374966060276948,
                "recall": 0.7304489988539068,
                "f1-score": 0.7655982940764735,
                "support": 1600
            },
            "weighted avg": {
                "precision": 0.8637995519956556,
                "recall": 0.870625,
                "f1-score": 0.8585631094037407,
                "support": 1600
            },
            "roc_auc": 0.87473755429496,
            "score": 0.87473755429496
        },
        "test": {
            "0": {
                "precision": 0.8753557199772339,
                "recall": 0.965473948524796,
                "f1-score": 0.9182089552238805,
                "support": 1593
            },
            "1": {
                "precision": 0.7736625514403292,
                "recall": 0.4619164619164619,
                "f1-score": 0.5784615384615385,
                "support": 407
            },
            "accuracy": 0.863,
            "macro avg": {
                "precision": 0.8245091357087816,
                "recall": 0.7136952052206289,
                "f1-score": 0.7483352468427095,
                "support": 2000
            },
            "weighted avg": {
                "precision": 0.8546611601799737,
                "recall": 0.863,
                "f1-score": 0.8490703559127438,
                "support": 2000
            },
            "roc_auc": 0.8637852027682534,
            "score": 0.8637852027682534
        }
    }
}
