{
    "program": "bin/ensemble.py",
    "single_program": "/slot/sandbox/d/in/script/0_script_unpacked/pretrains/bin/pretrain_mask___5394d6cabbec422392220c72972a0393.py",
    "config": {
        "seeds": [
            "5",
            "6",
            "7",
            "8",
            "9"
        ]
    },
    "prediction_type": "probs",
    "metrics": {
        "train": {
            "0": {
                "precision": 0.8618181818181818,
                "recall": 0.7676113360323886,
                "f1-score": 0.8119914346895075,
                "support": 1235
            },
            "1": {
                "precision": 0.8045886075949367,
                "recall": 0.8870905214188797,
                "f1-score": 0.8438277864847424,
                "support": 10318
            },
            "2": {
                "precision": 0.7208450097003665,
                "recall": 0.652869972666927,
                "f1-score": 0.6851756992111465,
                "support": 5122
            },
            "3": {
                "precision": 0.8478593272171254,
                "recall": 0.6440185830429733,
                "f1-score": 0.732013201320132,
                "support": 1722
            },
            "4": {
                "precision": 0.9800796812749004,
                "recall": 0.9823160296634341,
                "f1-score": 0.9811965811965813,
                "support": 1753
            },
            "5": {
                "precision": 0.9717127071823204,
                "recall": 0.9721423833738669,
                "f1-score": 0.9719274977895668,
                "support": 9046
            },
            "6": {
                "precision": 0.8550973654066437,
                "recall": 0.82168409466153,
                "f1-score": 0.8380578164468144,
                "support": 1817
            },
            "7": {
                "precision": 0.9576427255985267,
                "recall": 0.9599409267122023,
                "f1-score": 0.958790448972066,
                "support": 5417
            },
            "8": {
                "precision": 0.9258215962441314,
                "recall": 0.9328287606433302,
                "f1-score": 0.9293119698397737,
                "support": 3171
            },
            "accuracy": 0.8767707886164491,
            "macro avg": {
                "precision": 0.8806072446707927,
                "recall": 0.846722512023948,
                "f1-score": 0.8613658262167035,
                "support": 39601
            },
            "weighted avg": {
                "precision": 0.8763290896318421,
                "recall": 0.8767707886164491,
                "f1-score": 0.8751011870809668,
                "support": 39601
            },
            "logloss": 0.32552845916808315,
            "score": -0.32552845916808315
        },
        "val": {
            "0": {
                "precision": 0.7024793388429752,
                "recall": 0.551948051948052,
                "f1-score": 0.6181818181818182,
                "support": 308
            },
            "1": {
                "precision": 0.7518952446588559,
                "recall": 0.8457364341085272,
                "f1-score": 0.7960598321780373,
                "support": 2580
            },
            "2": {
                "precision": 0.6401414677276747,
                "recall": 0.565183450429352,
                "f1-score": 0.6003316749585407,
                "support": 1281
            },
            "3": {
                "precision": 0.744408945686901,
                "recall": 0.5406032482598608,
                "f1-score": 0.6263440860215054,
                "support": 431
            },
            "4": {
                "precision": 0.9702517162471396,
                "recall": 0.9680365296803652,
                "f1-score": 0.9691428571428571,
                "support": 438
            },
            "5": {
                "precision": 0.949175211769951,
                "recall": 0.9412024756852343,
                "f1-score": 0.9451720310765817,
                "support": 2262
            },
            "6": {
                "precision": 0.7318181818181818,
                "recall": 0.7092511013215859,
                "f1-score": 0.7203579418344519,
                "support": 454
            },
            "7": {
                "precision": 0.9201161946259986,
                "recall": 0.9357459379615952,
                "f1-score": 0.9278652508238739,
                "support": 1354
            },
            "8": {
                "precision": 0.8566176470588235,
                "recall": 0.8814627994955864,
                "f1-score": 0.8688626476072094,
                "support": 793
            },
            "accuracy": 0.8231491768508231,
            "macro avg": {
                "precision": 0.8074337720485001,
                "recall": 0.7710188920989066,
                "f1-score": 0.7858131266472085,
                "support": 9901
            },
            "weighted avg": {
                "precision": 0.820775679250608,
                "recall": 0.8231491768508231,
                "f1-score": 0.8199229758813431,
                "support": 9901
            },
            "logloss": 0.46083860537229343,
            "score": -0.46083860537229343
        },
        "test": {
            "0": {
                "precision": 0.667741935483871,
                "recall": 0.5362694300518135,
                "f1-score": 0.5948275862068966,
                "support": 386
            },
            "1": {
                "precision": 0.7549429128376497,
                "recall": 0.8408808933002482,
                "f1-score": 0.795597945707997,
                "support": 3224
            },
            "2": {
                "precision": 0.6138968481375359,
                "recall": 0.5352904434728295,
                "f1-score": 0.5719052385719052,
                "support": 1601
            },
            "3": {
                "precision": 0.7061611374407583,
                "recall": 0.5539033457249071,
                "f1-score": 0.6208333333333333,
                "support": 538
            },
            "4": {
                "precision": 0.9726277372262774,
                "recall": 0.9726277372262774,
                "f1-score": 0.9726277372262774,
                "support": 548
            },
            "5": {
                "precision": 0.9489542715349167,
                "recall": 0.9469402193137602,
                "f1-score": 0.9479461756373937,
                "support": 2827
            },
            "6": {
                "precision": 0.7528301886792453,
                "recall": 0.7024647887323944,
                "f1-score": 0.726775956284153,
                "support": 568
            },
            "7": {
                "precision": 0.913823019086177,
                "recall": 0.9332545776727702,
                "f1-score": 0.9234365867913501,
                "support": 1693
            },
            "8": {
                "precision": 0.8513119533527697,
                "recall": 0.8839556004036327,
                "f1-score": 0.8673267326732674,
                "support": 991
            },
            "accuracy": 0.8191661279896574,
            "macro avg": {
                "precision": 0.7980322226421335,
                "recall": 0.7672874484331814,
                "f1-score": 0.7801419213813969,
                "support": 12376
            },
            "weighted avg": {
                "precision": 0.8151665864399802,
                "recall": 0.8191661279896574,
                "f1-score": 0.8155131998011208,
                "support": 12376
            },
            "logloss": 0.4570813403143457,
            "score": -0.4570813403143457
        }
    }
}
