{
    "program": "bin/ensemble.py",
    "single_program": "/slot/sandbox/d/in/script/0_script_unpacked/pretrains/bin/pretrain_ae___cec1e1af4d1949638aea1dc97d5b51db.py",
    "config": {
        "seeds": [
            "5",
            "6",
            "7",
            "8",
            "9"
        ]
    },
    "prediction_type": "probs",
    "metrics": {
        "train": {
            "0": {
                "precision": 0.8943396226415095,
                "recall": 0.7676113360323886,
                "f1-score": 0.8261437908496732,
                "support": 1235
            },
            "1": {
                "precision": 0.7958968037333803,
                "recall": 0.876041868579182,
                "f1-score": 0.8340484429065743,
                "support": 10318
            },
            "2": {
                "precision": 0.689829437776374,
                "recall": 0.6395939086294417,
                "f1-score": 0.6637625367237362,
                "support": 5122
            },
            "3": {
                "precision": 0.8658436213991769,
                "recall": 0.610917537746806,
                "f1-score": 0.7163772557030984,
                "support": 1722
            },
            "4": {
                "precision": 0.9790842283776144,
                "recall": 0.9880205362236166,
                "f1-score": 0.9835320840431573,
                "support": 1753
            },
            "5": {
                "precision": 0.975868939561656,
                "recall": 0.9745743975237674,
                "f1-score": 0.9752212389380531,
                "support": 9046
            },
            "6": {
                "precision": 0.8663672094329029,
                "recall": 0.8492019812878371,
                "f1-score": 0.857698721511951,
                "support": 1817
            },
            "7": {
                "precision": 0.9654407688042875,
                "recall": 0.9643714232970279,
                "f1-score": 0.9649057997783523,
                "support": 5417
            },
            "8": {
                "precision": 0.9231007751937984,
                "recall": 0.9388205613371177,
                "f1-score": 0.9308943089430893,
                "support": 3171
            },
            "accuracy": 0.8738920734324891,
            "macro avg": {
                "precision": 0.8839746007689667,
                "recall": 0.8454615056285761,
                "f1-score": 0.8613982421552984,
                "support": 39601
            },
            "weighted avg": {
                "precision": 0.8741203821402463,
                "recall": 0.8738920734324891,
                "f1-score": 0.8722652201165491,
                "support": 39601
            },
            "logloss": 0.32433004070268967,
            "score": -0.32433004070268967
        },
        "val": {
            "0": {
                "precision": 0.7178423236514523,
                "recall": 0.5616883116883117,
                "f1-score": 0.6302367941712204,
                "support": 308
            },
            "1": {
                "precision": 0.7523642732049037,
                "recall": 0.8325581395348837,
                "f1-score": 0.7904323827046918,
                "support": 2580
            },
            "2": {
                "precision": 0.6147403685092128,
                "recall": 0.5729898516783762,
                "f1-score": 0.5931313131313132,
                "support": 1281
            },
            "3": {
                "precision": 0.7610921501706485,
                "recall": 0.5174013921113689,
                "f1-score": 0.6160220994475138,
                "support": 431
            },
            "4": {
                "precision": 0.9726027397260274,
                "recall": 0.9726027397260274,
                "f1-score": 0.9726027397260274,
                "support": 438
            },
            "5": {
                "precision": 0.9495535714285714,
                "recall": 0.9403183023872679,
                "f1-score": 0.9449133718347401,
                "support": 2262
            },
            "6": {
                "precision": 0.7568181818181818,
                "recall": 0.7334801762114538,
                "f1-score": 0.7449664429530201,
                "support": 454
            },
            "7": {
                "precision": 0.9231327048585932,
                "recall": 0.9401772525849336,
                "f1-score": 0.9315770215879986,
                "support": 1354
            },
            "8": {
                "precision": 0.8587088915956151,
                "recall": 0.8890290037831021,
                "f1-score": 0.8736059479553903,
                "support": 793
            },
            "accuracy": 0.8223411776588223,
            "macro avg": {
                "precision": 0.8118728005514674,
                "recall": 0.7733605744117473,
                "f1-score": 0.7886097903902128,
                "support": 9901
            },
            "weighted avg": {
                "precision": 0.8207324367102202,
                "recall": 0.8223411776588223,
                "f1-score": 0.819560532584139,
                "support": 9901
            },
            "logloss": 0.459381896194569,
            "score": -0.459381896194569
        },
        "test": {
            "0": {
                "precision": 0.7147540983606557,
                "recall": 0.5647668393782384,
                "f1-score": 0.6309696092619392,
                "support": 386
            },
            "1": {
                "precision": 0.757178700864232,
                "recall": 0.8424317617866005,
                "f1-score": 0.7975334018499487,
                "support": 3224
            },
            "2": {
                "precision": 0.6180555555555556,
                "recall": 0.5559025608994379,
                "f1-score": 0.5853337717855969,
                "support": 1601
            },
            "3": {
                "precision": 0.7421875,
                "recall": 0.5297397769516728,
                "f1-score": 0.6182212581344901,
                "support": 538
            },
            "4": {
                "precision": 0.9710144927536232,
                "recall": 0.9781021897810219,
                "f1-score": 0.9745454545454545,
                "support": 548
            },
            "5": {
                "precision": 0.9543997149982187,
                "recall": 0.9476476830562434,
                "f1-score": 0.9510117145899893,
                "support": 2827
            },
            "6": {
                "precision": 0.7527675276752768,
                "recall": 0.7183098591549296,
                "f1-score": 0.7351351351351352,
                "support": 568
            },
            "7": {
                "precision": 0.9229422066549913,
                "recall": 0.9338452451269935,
                "f1-score": 0.9283617146212566,
                "support": 1693
            },
            "8": {
                "precision": 0.8565965583173997,
                "recall": 0.9041372351160444,
                "f1-score": 0.879725085910653,
                "support": 991
            },
            "accuracy": 0.8249030381383322,
            "macro avg": {
                "precision": 0.8099884839088837,
                "recall": 0.7749870168056869,
                "f1-score": 0.7889819050927183,
                "support": 12376
            },
            "weighted avg": {
                "precision": 0.8221596048970501,
                "recall": 0.8249030381383322,
                "f1-score": 0.8216035947179421,
                "support": 12376
            },
            "logloss": 0.45450934702398493,
            "score": -0.45450934702398493
        }
    }
}
