{
    "program": "bin/ensemble.py",
    "single_program": "/slot/sandbox/d/in/script/0_script_unpacked/pretrains/bin/pretrain_contrastive___dd0d069b1d474e5eaa6a5e808614cfe9.py",
    "config": {
        "seeds": [
            "10",
            "11",
            "12",
            "13",
            "14"
        ]
    },
    "prediction_type": "probs",
    "metrics": {
        "train": {
            "0": {
                "precision": 0.891193595342067,
                "recall": 0.9611459968602826,
                "f1-score": 0.9248489425981874,
                "support": 5096
            },
            "1": {
                "precision": 0.7809734513274337,
                "recall": 0.5414110429447853,
                "f1-score": 0.6394927536231885,
                "support": 1304
            },
            "accuracy": 0.875625,
            "macro avg": {
                "precision": 0.8360835233347503,
                "recall": 0.7512785199025339,
                "f1-score": 0.7821708481106879,
                "support": 6400
            },
            "weighted avg": {
                "precision": 0.8687362409990854,
                "recall": 0.875625,
                "f1-score": 0.8667076190945313,
                "support": 6400
            },
            "roc_auc": 0.8997403232175362,
            "score": 0.8997403232175362
        },
        "val": {
            "0": {
                "precision": 0.8842794759825328,
                "recall": 0.9536891679748822,
                "f1-score": 0.9176737160120846,
                "support": 1274
            },
            "1": {
                "precision": 0.7389380530973452,
                "recall": 0.5122699386503068,
                "f1-score": 0.605072463768116,
                "support": 326
            },
            "accuracy": 0.86375,
            "macro avg": {
                "precision": 0.811608764539939,
                "recall": 0.7329795533125945,
                "f1-score": 0.7613730898901003,
                "support": 1600
            },
            "weighted avg": {
                "precision": 0.8546661610696757,
                "recall": 0.86375,
                "f1-score": 0.8539812108673759,
                "support": 1600
            },
            "roc_auc": 0.8698317458177233,
            "score": 0.8698317458177233
        },
        "test": {
            "0": {
                "precision": 0.8742824339839265,
                "recall": 0.9560577526679221,
                "f1-score": 0.913343328335832,
                "support": 1593
            },
            "1": {
                "precision": 0.7286821705426356,
                "recall": 0.4619164619164619,
                "f1-score": 0.5654135338345864,
                "support": 407
            },
            "accuracy": 0.8555,
            "macro avg": {
                "precision": 0.8014823022632811,
                "recall": 0.708987107292192,
                "f1-score": 0.7393784310852092,
                "support": 2000
            },
            "weighted avg": {
                "precision": 0.8446527803736237,
                "recall": 0.8555,
                "f1-score": 0.8425396151548286,
                "support": 2000
            },
            "roc_auc": 0.8557957032533305,
            "score": 0.8557957032533305
        }
    }
}
