{
    "program": "bin/ensemble.py",
    "single_program": "/slot/sandbox/d/in/script/0_script_unpacked/pretrains/bin/pretrain_mask___00725c5b1bf1408397954f54f0c4caee.py",
    "config": {
        "seeds": [
            "0",
            "1",
            "2",
            "3",
            "4"
        ]
    },
    "prediction_type": null,
    "metrics": {
        "train": {
            "rmse": 16432.728249501073,
            "score": -16432.728249501073
        },
        "val": {
            "rmse": 26632.022513424454,
            "score": -26632.022513424454
        },
        "test": {
            "rmse": 30029.793021486377,
            "score": -30029.793021486377
        }
    }
}
