{
    "program": "bin/ensemble.py",
    "single_program": "/slot/sandbox/d/in/script/0_script_unpacked/pretrains/bin/augmented_supervised___898e583bf6914f1ab14fb8a20873c041.py",
    "config": {
        "seeds": [
            "0",
            "1",
            "2",
            "3",
            "4"
        ]
    },
    "prediction_type": null,
    "metrics": {
        "train": {
            "rmse": 20226.170116093326,
            "score": -20226.170116093326
        },
        "val": {
            "rmse": 29324.053866659826,
            "score": -29324.053866659826
        },
        "test": {
            "rmse": 31878.88776154764,
            "score": -31878.88776154764
        }
    }
}
