{
    "program": "bin/ensemble.py",
    "single_program": "/slot/sandbox/d/in/script/0_script_unpacked/pretrains/bin/pretrain_mask___f6d1a7dbfc4d4ceabba35c9a3613655a.py",
    "config": {
        "seeds": [
            "10",
            "11",
            "12",
            "13",
            "14"
        ]
    },
    "prediction_type": "probs",
    "metrics": {
        "train": {
            "0": {
                "precision": 0.8995568685376661,
                "recall": 0.9560439560439561,
                "f1-score": 0.9269406392694064,
                "support": 5096
            },
            "1": {
                "precision": 0.7723577235772358,
                "recall": 0.5828220858895705,
                "f1-score": 0.6643356643356644,
                "support": 1304
            },
            "accuracy": 0.88,
            "macro avg": {
                "precision": 0.835957296057451,
                "recall": 0.7694330209667632,
                "f1-score": 0.7956381518025354,
                "support": 6400
            },
            "weighted avg": {
                "precision": 0.8736400427519784,
                "recall": 0.88,
                "f1-score": 0.8734348756266564,
                "support": 6400
            },
            "roc_auc": 0.8965327370920053,
            "score": 0.8965327370920053
        },
        "val": {
            "0": {
                "precision": 0.8925680647534953,
                "recall": 0.9521193092621664,
                "f1-score": 0.9213824534751235,
                "support": 1274
            },
            "1": {
                "precision": 0.7468879668049793,
                "recall": 0.5521472392638037,
                "f1-score": 0.634920634920635,
                "support": 326
            },
            "accuracy": 0.870625,
            "macro avg": {
                "precision": 0.8197280157792373,
                "recall": 0.752133274262985,
                "f1-score": 0.7781515441978792,
                "support": 1600
            },
            "weighted avg": {
                "precision": 0.8628857447964852,
                "recall": 0.870625,
                "f1-score": 0.8630158579446464,
                "support": 1600
            },
            "roc_auc": 0.8788463946220302,
            "score": 0.8788463946220302
        },
        "test": {
            "0": {
                "precision": 0.8868698710433763,
                "recall": 0.9497802887633396,
                "f1-score": 0.9172476508032738,
                "support": 1593
            },
            "1": {
                "precision": 0.7278911564625851,
                "recall": 0.5257985257985258,
                "f1-score": 0.6105563480741798,
                "support": 407
            },
            "accuracy": 0.8635,
            "macro avg": {
                "precision": 0.8073805137529807,
                "recall": 0.7377894072809328,
                "f1-score": 0.7639019994387268,
                "support": 2000
            },
            "weighted avg": {
                "precision": 0.8545177026261853,
                "recall": 0.8635,
                "f1-score": 0.8548359706979031,
                "support": 2000
            },
            "roc_auc": 0.8644021525377457,
            "score": 0.8644021525377457
        }
    }
}
