{
    "program": "bin/ensemble.py",
    "single_program": "/slot/sandbox/d/in/script/0_script_unpacked/pretrains/bin/augmented_supervised___7062488519a34897a3c86ac47d158174.py",
    "config": {
        "seeds": [
            "10",
            "11",
            "12",
            "13",
            "14"
        ]
    },
    "prediction_type": null,
    "metrics": {
        "train": {
            "rmse": 0.7180379488908378,
            "score": -0.7180379488908378
        },
        "val": {
            "rmse": 0.7459907299297083,
            "score": -0.7459907299297083
        },
        "test": {
            "rmse": 0.7499940643942942,
            "score": -0.7499940643942942
        }
    }
}
