{
    "program": "bin/ensemble.py",
    "single_program": "/slot/sandbox/d/in/script/0_script_unpacked/pretrains/bin/pretrain_mask_supervised___d275e153b0e34261a2bea7b2cdacd9e7.py",
    "config": {
        "seeds": [
            "0",
            "1",
            "2",
            "3",
            "4"
        ]
    },
    "prediction_type": "probs",
    "metrics": {
        "train": {
            "0": {
                "precision": 0.8694469628286491,
                "recall": 0.7765182186234818,
                "f1-score": 0.8203592814371257,
                "support": 1235
            },
            "1": {
                "precision": 0.779952602475204,
                "recall": 0.8612134134522195,
                "f1-score": 0.818571231173138,
                "support": 10318
            },
            "2": {
                "precision": 0.6665260493566758,
                "recall": 0.6169465052713784,
                "f1-score": 0.6407786677481496,
                "support": 5122
            },
            "3": {
                "precision": 0.8277310924369747,
                "recall": 0.5720092915214866,
                "f1-score": 0.6765109890109889,
                "support": 1722
            },
            "4": {
                "precision": 0.9734162895927602,
                "recall": 0.9817455790074159,
                "f1-score": 0.9775631922749218,
                "support": 1753
            },
            "5": {
                "precision": 0.9711358378318827,
                "recall": 0.9744638514260446,
                "f1-score": 0.9727969982894664,
                "support": 9046
            },
            "6": {
                "precision": 0.8590643274853801,
                "recall": 0.8084755090809026,
                "f1-score": 0.8330025517436915,
                "support": 1817
            },
            "7": {
                "precision": 0.9538883806038426,
                "recall": 0.9623407790289829,
                "f1-score": 0.9580959382466457,
                "support": 5417
            },
            "8": {
                "precision": 0.9343690551680406,
                "recall": 0.9293598233995585,
                "f1-score": 0.9318577075098813,
                "support": 3171
            },
            "accuracy": 0.8624782202469634,
            "macro avg": {
                "precision": 0.8706145108643789,
                "recall": 0.8314525523123856,
                "f1-score": 0.8477262841593343,
                "support": 39601
            },
            "weighted avg": {
                "precision": 0.8621733889752035,
                "recall": 0.8624782202469634,
                "f1-score": 0.860540490952271,
                "support": 39601
            },
            "logloss": 0.3477333567924963,
            "score": -0.3477333567924963
        },
        "val": {
            "0": {
                "precision": 0.6889763779527559,
                "recall": 0.5681818181818182,
                "f1-score": 0.6227758007117438,
                "support": 308
            },
            "1": {
                "precision": 0.743704725767506,
                "recall": 0.8356589147286821,
                "f1-score": 0.7870049279065522,
                "support": 2580
            },
            "2": {
                "precision": 0.6147893379191746,
                "recall": 0.5581576893052302,
                "f1-score": 0.5851063829787234,
                "support": 1281
            },
            "3": {
                "precision": 0.7605633802816901,
                "recall": 0.5011600928074246,
                "f1-score": 0.6041958041958042,
                "support": 431
            },
            "4": {
                "precision": 0.9632183908045977,
                "recall": 0.95662100456621,
                "f1-score": 0.9599083619702177,
                "support": 438
            },
            "5": {
                "precision": 0.9489795918367347,
                "recall": 0.9456233421750663,
                "f1-score": 0.9472984942426925,
                "support": 2262
            },
            "6": {
                "precision": 0.764018691588785,
                "recall": 0.7202643171806168,
                "f1-score": 0.7414965986394557,
                "support": 454
            },
            "7": {
                "precision": 0.9206117989803351,
                "recall": 0.9335302806499262,
                "f1-score": 0.927026035936927,
                "support": 1354
            },
            "8": {
                "precision": 0.8643649815043156,
                "recall": 0.8839848675914249,
                "f1-score": 0.8740648379052368,
                "support": 793
            },
            "accuracy": 0.8193111806888194,
            "macro avg": {
                "precision": 0.8076919196262105,
                "recall": 0.7670202585762665,
                "f1-score": 0.7832085827208171,
                "support": 9901
            },
            "weighted avg": {
                "precision": 0.8174534551768707,
                "recall": 0.8193111806888194,
                "f1-score": 0.8161208474135894,
                "support": 9901
            },
            "logloss": 0.4683664089106441,
            "score": -0.4683664089106441
        },
        "test": {
            "0": {
                "precision": 0.6993464052287581,
                "recall": 0.5544041450777202,
                "f1-score": 0.6184971098265896,
                "support": 386
            },
            "1": {
                "precision": 0.7474269819193324,
                "recall": 0.8334367245657568,
                "f1-score": 0.7880920956151929,
                "support": 3224
            },
            "2": {
                "precision": 0.592797783933518,
                "recall": 0.5346658338538414,
                "f1-score": 0.5622331691297209,
                "support": 1601
            },
            "3": {
                "precision": 0.7349081364829396,
                "recall": 0.5204460966542751,
                "f1-score": 0.6093579978237215,
                "support": 538
            },
            "4": {
                "precision": 0.9743119266055046,
                "recall": 0.968978102189781,
                "f1-score": 0.9716376944190303,
                "support": 548
            },
            "5": {
                "precision": 0.94538407329105,
                "recall": 0.9490626105412098,
                "f1-score": 0.9472197705207414,
                "support": 2827
            },
            "6": {
                "precision": 0.758220502901354,
                "recall": 0.6901408450704225,
                "f1-score": 0.7225806451612904,
                "support": 568
            },
            "7": {
                "precision": 0.9122401847575058,
                "recall": 0.9332545776727702,
                "f1-score": 0.9226277372262773,
                "support": 1693
            },
            "8": {
                "precision": 0.8644400785854617,
                "recall": 0.887991927346115,
                "f1-score": 0.8760577401692383,
                "support": 991
            },
            "accuracy": 0.8163380736910149,
            "macro avg": {
                "precision": 0.8032306748561583,
                "recall": 0.7635978736635436,
                "f1-score": 0.7798115510990891,
                "support": 12376
            },
            "weighted avg": {
                "precision": 0.8130557400554174,
                "recall": 0.8163380736910149,
                "f1-score": 0.8127322431439457,
                "support": 12376
            },
            "logloss": 0.4667018947361392,
            "score": -0.4667018947361392
        }
    }
}
