{
    "program": "bin/ensemble.py",
    "single_program": "/slot/sandbox/d/in/script/0_script_unpacked/pretrains/bin/pretrain_ae_ddp___bf2be9084ddd47f6936054ac2428cb79.py",
    "config": {
        "seeds": [
            "5",
            "6",
            "7",
            "8",
            "9"
        ]
    },
    "prediction_type": null,
    "metrics": {
        "train": {
            "rmse": 0.7124974676935159,
            "score": -0.7124974676935159
        },
        "val": {
            "rmse": 0.7419835231577041,
            "score": -0.7419835231577041
        },
        "test": {
            "rmse": 0.743777177813739,
            "score": -0.743777177813739
        }
    }
}
