{
    "program": "bin/ensemble.py",
    "single_program": "/slot/sandbox/d/in/script/0_script_unpacked/pretrains/bin/pretrain_ae___71a0a9da88114f539abdd09237a6449a.py",
    "config": {
        "seeds": [
            "0",
            "1",
            "2",
            "3",
            "4"
        ]
    },
    "prediction_type": "probs",
    "metrics": {
        "train": {
            "0": {
                "precision": 0.8916935025573025,
                "recall": 0.9521618204804045,
                "f1-score": 0.9209361473184808,
                "support": 19775
            },
            "1": {
                "precision": 0.8081914030819141,
                "recall": 0.6354216483341304,
                "f1-score": 0.7114680946006248,
                "support": 6273
            },
            "accuracy": 0.8758829852579852,
            "macro avg": {
                "precision": 0.8499424528196082,
                "recall": 0.7937917344072675,
                "f1-score": 0.8162021209595528,
                "support": 26048
            },
            "weighted avg": {
                "precision": 0.8715841402258716,
                "recall": 0.8758829852579852,
                "f1-score": 0.8704910807222312,
                "support": 26048
            },
            "roc_auc": 0.932026373539559,
            "score": 0.932026373539559
        },
        "val": {
            "0": {
                "precision": 0.8827755719417659,
                "recall": 0.9441860465116279,
                "f1-score": 0.9124487004103967,
                "support": 4945
            },
            "1": {
                "precision": 0.7745098039215687,
                "recall": 0.6045918367346939,
                "f1-score": 0.6790830945558739,
                "support": 1568
            },
            "accuracy": 0.8624289881774911,
            "macro avg": {
                "precision": 0.8286426879316673,
                "recall": 0.7743889416231609,
                "f1-score": 0.7957658974831353,
                "support": 6513
            },
            "weighted avg": {
                "precision": 0.8567106672502766,
                "recall": 0.8624289881774911,
                "f1-score": 0.8562661009969326,
                "support": 6513
            },
            "roc_auc": 0.9232246032892429,
            "score": 0.9232246032892429
        },
        "test": {
            "0": {
                "precision": 0.8867853371549254,
                "recall": 0.9454764776839566,
                "f1-score": 0.9151909080294244,
                "support": 12435
            },
            "1": {
                "precision": 0.7757194839563347,
                "recall": 0.609724388975559,
                "f1-score": 0.6827776968991118,
                "support": 3846
            },
            "accuracy": 0.8661630120999939,
            "macro avg": {
                "precision": 0.83125241055563,
                "recall": 0.7776004333297578,
                "f1-score": 0.7989843024642681,
                "support": 16281
            },
            "weighted avg": {
                "precision": 0.8605486642600307,
                "recall": 0.8661630120999939,
                "f1-score": 0.8602888006645709,
                "support": 16281
            },
            "roc_auc": 0.9186884540118236,
            "score": 0.9186884540118236
        }
    }
}
