{
    "program": "bin/ensemble.py",
    "single_program": "/slot/sandbox/d/in/script/0_script_unpacked/pretrains/bin/pretrain_mask_supervised___adf82354b6dd4b23bc5e617aa7f80287.py",
    "config": {
        "seeds": [
            "10",
            "11",
            "12",
            "13",
            "14"
        ]
    },
    "prediction_type": null,
    "metrics": {
        "train": {
            "rmse": 0.3329787451989372,
            "score": -0.3329787451989372
        },
        "val": {
            "rmse": 0.42847970068099034,
            "score": -0.42847970068099034
        },
        "test": {
            "rmse": 0.42520546638756257,
            "score": -0.42520546638756257
        }
    }
}
