{
    "program": "bin/ensemble.py",
    "single_program": "/slot/sandbox/d/in/script/0_script_unpacked/pretrains/bin/finetune___4e4ca1a1cb4d4b6b83fb9f3dd99172f3.py",
    "config": {
        "seeds": [
            "10",
            "11",
            "12",
            "13",
            "14"
        ]
    },
    "prediction_type": "probs",
    "metrics": {
        "train": {
            "0": {
                "precision": 0.8810861423220974,
                "recall": 0.7619433198380566,
                "f1-score": 0.8171949630916197,
                "support": 1235
            },
            "1": {
                "precision": 0.7950186583355029,
                "recall": 0.8878658654778058,
                "f1-score": 0.8388810036170504,
                "support": 10318
            },
            "2": {
                "precision": 0.7168622338113864,
                "recall": 0.6440843420538852,
                "f1-score": 0.6785273549979431,
                "support": 5122
            },
            "3": {
                "precision": 0.8484848484848485,
                "recall": 0.6016260162601627,
                "f1-score": 0.7040434930343188,
                "support": 1722
            },
            "4": {
                "precision": 0.9799426934097422,
                "recall": 0.975470621791215,
                "f1-score": 0.9777015437392796,
                "support": 1753
            },
            "5": {
                "precision": 0.9706887052341597,
                "recall": 0.9738005748397082,
                "f1-score": 0.9722421499917222,
                "support": 9046
            },
            "6": {
                "precision": 0.8599766627771295,
                "recall": 0.8112272977435333,
                "f1-score": 0.8348909657320872,
                "support": 1817
            },
            "7": {
                "precision": 0.9519459163164626,
                "recall": 0.9617869669558796,
                "f1-score": 0.9568411386593204,
                "support": 5417
            },
            "8": {
                "precision": 0.9292452830188679,
                "recall": 0.9318826868495743,
                "f1-score": 0.930562116202173,
                "support": 3171
            },
            "accuracy": 0.8735890507815459,
            "macro avg": {
                "precision": 0.8814723493011329,
                "recall": 0.8388541879788689,
                "f1-score": 0.8567649698961683,
                "support": 39601
            },
            "weighted avg": {
                "precision": 0.8734273922286553,
                "recall": 0.8735890507815459,
                "f1-score": 0.8715037771867719,
                "support": 39601
            },
            "logloss": 0.3398639607626484,
            "score": -0.3398639607626484
        },
        "val": {
            "0": {
                "precision": 0.6708860759493671,
                "recall": 0.5162337662337663,
                "f1-score": 0.5834862385321101,
                "support": 308
            },
            "1": {
                "precision": 0.7463298053943326,
                "recall": 0.8472868217054264,
                "f1-score": 0.7936104556180796,
                "support": 2580
            },
            "2": {
                "precision": 0.6268788682581786,
                "recall": 0.5534738485558157,
                "f1-score": 0.5878938640132669,
                "support": 1281
            },
            "3": {
                "precision": 0.7430555555555556,
                "recall": 0.4965197215777262,
                "f1-score": 0.5952712100139083,
                "support": 431
            },
            "4": {
                "precision": 0.9767981438515081,
                "recall": 0.9611872146118722,
                "f1-score": 0.9689298043728424,
                "support": 438
            },
            "5": {
                "precision": 0.9441489361702128,
                "recall": 0.9416445623342176,
                "f1-score": 0.9428950863213812,
                "support": 2262
            },
            "6": {
                "precision": 0.7368421052631579,
                "recall": 0.7092511013215859,
                "f1-score": 0.7227833894500559,
                "support": 454
            },
            "7": {
                "precision": 0.9150326797385621,
                "recall": 0.930576070901034,
                "f1-score": 0.9227389234712559,
                "support": 1354
            },
            "8": {
                "precision": 0.8515337423312883,
                "recall": 0.8751576292559899,
                "f1-score": 0.8631840796019901,
                "support": 793
            },
            "accuracy": 0.8175941824058176,
            "macro avg": {
                "precision": 0.8012784347235736,
                "recall": 0.7590367484997149,
                "f1-score": 0.77564367237721,
                "support": 9901
            },
            "weighted avg": {
                "precision": 0.8148370756934789,
                "recall": 0.8175941824058176,
                "f1-score": 0.8136693004917259,
                "support": 9901
            },
            "logloss": 0.4707467226747792,
            "score": -0.4707467226747792
        },
        "test": {
            "0": {
                "precision": 0.68,
                "recall": 0.5284974093264249,
                "f1-score": 0.5947521865889213,
                "support": 386
            },
            "1": {
                "precision": 0.7525111607142857,
                "recall": 0.8365384615384616,
                "f1-score": 0.7923031727379553,
                "support": 3224
            },
            "2": {
                "precision": 0.6013840830449827,
                "recall": 0.542785758900687,
                "f1-score": 0.5705843729481286,
                "support": 1601
            },
            "3": {
                "precision": 0.7215189873417721,
                "recall": 0.5297397769516728,
                "f1-score": 0.6109324758842444,
                "support": 538
            },
            "4": {
                "precision": 0.977859778597786,
                "recall": 0.9671532846715328,
                "f1-score": 0.9724770642201834,
                "support": 548
            },
            "5": {
                "precision": 0.9463466290151783,
                "recall": 0.9483551467987266,
                "f1-score": 0.9473498233215547,
                "support": 2827
            },
            "6": {
                "precision": 0.7596153846153846,
                "recall": 0.6954225352112676,
                "f1-score": 0.7261029411764707,
                "support": 568
            },
            "7": {
                "precision": 0.9099826889786498,
                "recall": 0.9314825753101004,
                "f1-score": 0.9206071220081729,
                "support": 1693
            },
            "8": {
                "precision": 0.8583984375,
                "recall": 0.8869828456104945,
                "f1-score": 0.8724565756823821,
                "support": 991
            },
            "accuracy": 0.8174692954104719,
            "macro avg": {
                "precision": 0.800846349978671,
                "recall": 0.7629953104799297,
                "f1-score": 0.7786184149520015,
                "support": 12376
            },
            "weighted avg": {
                "precision": 0.8139538845871152,
                "recall": 0.8174692954104719,
                "f1-score": 0.8139011960583531,
                "support": 12376
            },
            "logloss": 0.4686919136758834,
            "score": -0.4686919136758834
        }
    }
}
