{
    "program": "bin/ensemble.py",
    "single_program": "/slot/sandbox/d/in/script/0_script_unpacked/pretrains/bin/finetune___ca9cc1c540c94fd8a4e6390f4f03bc86.py",
    "config": {
        "seeds": [
            "10",
            "11",
            "12",
            "13",
            "14"
        ]
    },
    "prediction_type": "probs",
    "metrics": {
        "train": {
            "0": {
                "precision": 0.889989196975153,
                "recall": 0.9699764521193093,
                "f1-score": 0.9282629107981221,
                "support": 5096
            },
            "1": {
                "precision": 0.8191489361702128,
                "recall": 0.531441717791411,
                "f1-score": 0.6446511627906976,
                "support": 1304
            },
            "accuracy": 0.880625,
            "macro avg": {
                "precision": 0.8545690665726828,
                "recall": 0.7507090849553602,
                "f1-score": 0.7864570367944098,
                "support": 6400
            },
            "weighted avg": {
                "precision": 0.8755554938361465,
                "recall": 0.880625,
                "f1-score": 0.8704770171416094,
                "support": 6400
            },
            "roc_auc": 0.8974178894068245,
            "score": 0.8974178894068245
        },
        "val": {
            "0": {
                "precision": 0.8820992092020129,
                "recall": 0.9631083202511774,
                "f1-score": 0.9208255159474671,
                "support": 1274
            },
            "1": {
                "precision": 0.7751196172248804,
                "recall": 0.49693251533742333,
                "f1-score": 0.6056074766355141,
                "support": 326
            },
            "accuracy": 0.868125,
            "macro avg": {
                "precision": 0.8286094132134467,
                "recall": 0.7300204177943004,
                "f1-score": 0.7632164962914906,
                "support": 1600
            },
            "weighted avg": {
                "precision": 0.8603021173366722,
                "recall": 0.868125,
                "f1-score": 0.8565998404376566,
                "support": 1600
            },
            "roc_auc": 0.8736360046614209,
            "score": 0.8736360046614209
        },
        "test": {
            "0": {
                "precision": 0.878062678062678,
                "recall": 0.9673571876961707,
                "f1-score": 0.9205495818399044,
                "support": 1593
            },
            "1": {
                "precision": 0.7877551020408163,
                "recall": 0.4742014742014742,
                "f1-score": 0.5920245398773006,
                "support": 407
            },
            "accuracy": 0.867,
            "macro avg": {
                "precision": 0.8329088900517472,
                "recall": 0.7207793309488224,
                "f1-score": 0.7562870608586025,
                "support": 2000
            },
            "weighted avg": {
                "precision": 0.8596850863422292,
                "recall": 0.867,
                "f1-score": 0.8536947358005146,
                "support": 2000
            },
            "roc_auc": 0.8675054098782913,
            "score": 0.8675054098782913
        }
    }
}
