{
    "program": "bin/ensemble.py",
    "single_program": "/slot/sandbox/d/in/script/0_script_unpacked/pretrains/bin/pretrain_ae___8d27791e8ac84b9ba9b7a74c767c229c.py",
    "config": {
        "seeds": [
            "5",
            "6",
            "7",
            "8",
            "9"
        ]
    },
    "prediction_type": "probs",
    "metrics": {
        "train": {
            "0": {
                "precision": 0.8944796380090497,
                "recall": 0.9697802197802198,
                "f1-score": 0.9306091705112512,
                "support": 5096
            },
            "1": {
                "precision": 0.824,
                "recall": 0.5529141104294478,
                "f1-score": 0.6617714547957778,
                "support": 1304
            },
            "accuracy": 0.88484375,
            "macro avg": {
                "precision": 0.8592398190045248,
                "recall": 0.7613471651048338,
                "f1-score": 0.7961903126535146,
                "support": 6400
            },
            "weighted avg": {
                "precision": 0.8801194117647059,
                "recall": 0.88484375,
                "f1-score": 0.8758334859342234,
                "support": 6400
            },
            "roc_auc": 0.901098600129056,
            "score": 0.901098600129056
        },
        "val": {
            "0": {
                "precision": 0.8788530465949821,
                "recall": 0.9623233908948194,
                "f1-score": 0.9186961408767328,
                "support": 1274
            },
            "1": {
                "precision": 0.7658536585365854,
                "recall": 0.4815950920245399,
                "f1-score": 0.5913370998116761,
                "support": 326
            },
            "accuracy": 0.864375,
            "macro avg": {
                "precision": 0.8223533525657838,
                "recall": 0.7219592414596796,
                "f1-score": 0.7550166203442045,
                "support": 1600
            },
            "weighted avg": {
                "precision": 0.8558294212780838,
                "recall": 0.864375,
                "f1-score": 0.8519967362597275,
                "support": 1600
            },
            "roc_auc": 0.8742114590054993,
            "score": 0.8742114590054993
        },
        "test": {
            "0": {
                "precision": 0.8769407705577918,
                "recall": 0.9573132454488387,
                "f1-score": 0.9153661464585834,
                "support": 1593
            },
            "1": {
                "precision": 0.7394636015325671,
                "recall": 0.4742014742014742,
                "f1-score": 0.5778443113772456,
                "support": 407
            },
            "accuracy": 0.859,
            "macro avg": {
                "precision": 0.8082021860451795,
                "recall": 0.7157573598251564,
                "f1-score": 0.7466052289179145,
                "support": 2000
            },
            "weighted avg": {
                "precision": 0.8489641666611586,
                "recall": 0.859,
                "f1-score": 0.8466804530195311,
                "support": 2000
            },
            "roc_auc": 0.8575817728360101,
            "score": 0.8575817728360101
        }
    }
}
