{
    "program": "bin/ensemble.py",
    "single_program": "/slot/sandbox/d/in/script/0_script_unpacked/pretrains/bin/pretrain_ae_mask___2ba38541aff94e608a4a51a74674445b.py",
    "config": {
        "seeds": [
            "0",
            "1",
            "2",
            "3",
            "4"
        ]
    },
    "prediction_type": "probs",
    "metrics": {
        "train": {
            "0": {
                "precision": 0.9749163879598662,
                "recall": 0.9971493728620296,
                "f1-score": 0.9859075535512966,
                "support": 1754
            },
            "1": {
                "precision": 0.9952153110047847,
                "recall": 0.9780564263322884,
                "f1-score": 0.9865612648221342,
                "support": 638
            },
            "2": {
                "precision": 1.0,
                "recall": 0.9858420268256334,
                "f1-score": 0.9928705440900563,
                "support": 1342
            },
            "3": {
                "precision": 1.0,
                "recall": 0.992816091954023,
                "f1-score": 0.996395097332372,
                "support": 696
            },
            "4": {
                "precision": 0.9978757302177377,
                "recall": 0.9952330508474576,
                "f1-score": 0.9965526385574118,
                "support": 1888
            },
            "accuracy": 0.9917695473251029,
            "macro avg": {
                "precision": 0.9936014858364777,
                "recall": 0.9898193937642865,
                "f1-score": 0.9916574196706541,
                "support": 6318
            },
            "weighted avg": {
                "precision": 0.9919183430759333,
                "recall": 0.9917695473251029,
                "f1-score": 0.9917889483054885,
                "support": 6318
            },
            "score": 0.9917695473251029
        },
        "val": {
            "0": {
                "precision": 0.7835051546391752,
                "recall": 0.8656036446469249,
                "f1-score": 0.8225108225108225,
                "support": 439
            },
            "1": {
                "precision": 0.6917808219178082,
                "recall": 0.63125,
                "f1-score": 0.6601307189542484,
                "support": 160
            },
            "2": {
                "precision": 0.7467532467532467,
                "recall": 0.6865671641791045,
                "f1-score": 0.7153965785381027,
                "support": 335
            },
            "3": {
                "precision": 0.6467065868263473,
                "recall": 0.6206896551724138,
                "f1-score": 0.6334310850439883,
                "support": 174
            },
            "4": {
                "precision": 0.7742616033755274,
                "recall": 0.777542372881356,
                "f1-score": 0.7758985200845666,
                "support": 472
            },
            "accuracy": 0.7506329113924051,
            "macro avg": {
                "precision": 0.7286014827024211,
                "recall": 0.7163305673759598,
                "f1-score": 0.7214735450263456,
                "support": 1580
            },
            "weighted avg": {
                "precision": 0.7485977563017836,
                "recall": 0.7506329113924051,
                "f1-score": 0.7486089431663067,
                "support": 1580
            },
            "score": 0.7506329113924051
        },
        "test": {
            "0": {
                "precision": 0.7969018932874354,
                "recall": 0.8448905109489051,
                "f1-score": 0.8201948627103631,
                "support": 548
            },
            "1": {
                "precision": 0.7011494252873564,
                "recall": 0.61,
                "f1-score": 0.6524064171122995,
                "support": 200
            },
            "2": {
                "precision": 0.6932989690721649,
                "recall": 0.6404761904761904,
                "f1-score": 0.6658415841584158,
                "support": 420
            },
            "3": {
                "precision": 0.6594594594594595,
                "recall": 0.5622119815668203,
                "f1-score": 0.6069651741293534,
                "support": 217
            },
            "4": {
                "precision": 0.723338485316847,
                "recall": 0.7932203389830509,
                "f1-score": 0.7566693613581243,
                "support": 590
            },
            "accuracy": 0.7311392405063292,
            "macro avg": {
                "precision": 0.7148296464846526,
                "recall": 0.6901598043949934,
                "f1-score": 0.7004154798937112,
                "support": 1975
            },
            "weighted avg": {
                "precision": 0.7280962524703481,
                "recall": 0.7311392405063292,
                "f1-score": 0.7279736200109552,
                "support": 1975
            },
            "score": 0.7311392405063292
        }
    }
}
