{
    "program": "bin/ensemble.py",
    "single_program": "/slot/sandbox/d/in/script/0_script_unpacked/pretrains/bin/pretrain_mask_supervised___d36aa1d651dc4f1dbac15f1e9e2316f2.py",
    "config": {
        "seeds": [
            "10",
            "11",
            "12",
            "13",
            "14"
        ]
    },
    "prediction_type": "probs",
    "metrics": {
        "train": {
            "0": {
                "precision": 0.7859643102264928,
                "recall": 0.7742208099519978,
                "f1-score": 0.7800483634753584,
                "support": 29582
            },
            "1": {
                "precision": 0.8012852935051025,
                "recall": 0.8119629774789713,
                "f1-score": 0.8065887990416291,
                "support": 33169
            },
            "accuracy": 0.7941706108269191,
            "macro avg": {
                "precision": 0.7936248018657976,
                "recall": 0.7930918937154845,
                "f1-score": 0.7933185812584937,
                "support": 62751
            },
            "weighted avg": {
                "precision": 0.7940626942262412,
                "recall": 0.7941706108269191,
                "f1-score": 0.7940771392286952,
                "support": 62751
            },
            "roc_auc": 0.8801203835252599,
            "score": 0.8801203835252599
        },
        "val": {
            "0": {
                "precision": 0.7323747033365908,
                "recall": 0.7093023255813954,
                "f1-score": 0.7206538910639468,
                "support": 7396
            },
            "1": {
                "precision": 0.7478005865102639,
                "recall": 0.7688133140376266,
                "f1-score": 0.7581613843134923,
                "support": 8292
            },
            "accuracy": 0.7407572667006629,
            "macro avg": {
                "precision": 0.7400876449234274,
                "recall": 0.739057819809511,
                "f1-score": 0.7394076376887195,
                "support": 15688
            },
            "weighted avg": {
                "precision": 0.7405281596902432,
                "recall": 0.7407572667006629,
                "f1-score": 0.740478733875346,
                "support": 15688
            },
            "roc_auc": 0.8238895397102566,
            "score": 0.8238895397102566
        },
        "test": {
            "0": {
                "precision": 0.725720620842572,
                "recall": 0.7080584099513251,
                "f1-score": 0.7167807281686286,
                "support": 9245
            },
            "1": {
                "precision": 0.7451369216241738,
                "recall": 0.7613121080559575,
                "f1-score": 0.7531376759723216,
                "support": 10365
            },
            "accuracy": 0.7362060173380928,
            "macro avg": {
                "precision": 0.7354287712333729,
                "recall": 0.7346852590036412,
                "f1-score": 0.7349592020704752,
                "support": 19610
            },
            "weighted avg": {
                "precision": 0.7359832397921541,
                "recall": 0.7362060173380928,
                "f1-score": 0.7359974422933241,
                "support": 19610
            },
            "roc_auc": 0.8191089745646791,
            "score": 0.8191089745646791
        }
    }
}
