{
    "program": "bin/ensemble.py",
    "single_program": "/slot/sandbox/d/in/script/0_script_unpacked/pretrains/bin/pretrain_mask_supervised___aaa0744afd9d425d8e4875ee27219c83.py",
    "config": {
        "seeds": [
            "10",
            "11",
            "12",
            "13",
            "14"
        ]
    },
    "prediction_type": "probs",
    "metrics": {
        "train": {
            "0": {
                "precision": 0.9926262053318208,
                "recall": 0.9977194982896237,
                "f1-score": 0.995166334944555,
                "support": 1754
            },
            "1": {
                "precision": 0.9984276729559748,
                "recall": 0.9952978056426333,
                "f1-score": 0.9968602825745683,
                "support": 638
            },
            "2": {
                "precision": 1.0,
                "recall": 0.9940387481371088,
                "f1-score": 0.9970104633781763,
                "support": 1342
            },
            "3": {
                "precision": 1.0,
                "recall": 1.0,
                "f1-score": 1.0,
                "support": 696
            },
            "4": {
                "precision": 0.9984118581259925,
                "recall": 0.9989406779661016,
                "f1-score": 0.9986761980407731,
                "support": 1888
            },
            "accuracy": 0.9973092750870529,
            "macro avg": {
                "precision": 0.9978931472827576,
                "recall": 0.9971993460070934,
                "f1-score": 0.9975426557876146,
                "support": 6318
            },
            "weighted avg": {
                "precision": 0.9973195327065211,
                "recall": 0.9973092750870529,
                "f1-score": 0.9973104329740133,
                "support": 6318
            },
            "score": 0.9973092750870529
        },
        "val": {
            "0": {
                "precision": 0.77079107505071,
                "recall": 0.8656036446469249,
                "f1-score": 0.815450643776824,
                "support": 439
            },
            "1": {
                "precision": 0.7518796992481203,
                "recall": 0.625,
                "f1-score": 0.6825938566552902,
                "support": 160
            },
            "2": {
                "precision": 0.7298136645962733,
                "recall": 0.7014925373134329,
                "f1-score": 0.7153729071537291,
                "support": 335
            },
            "3": {
                "precision": 0.75177304964539,
                "recall": 0.6091954022988506,
                "f1-score": 0.673015873015873,
                "support": 174
            },
            "4": {
                "precision": 0.7596741344195519,
                "recall": 0.7902542372881356,
                "f1-score": 0.77466251298027,
                "support": 472
            },
            "accuracy": 0.7556962025316456,
            "macro avg": {
                "precision": 0.752786324592009,
                "recall": 0.7183091643094688,
                "f1-score": 0.7322191587163972,
                "support": 1580
            },
            "weighted avg": {
                "precision": 0.7547723503487587,
                "recall": 0.7556962025316456,
                "f1-score": 0.7529071149435574,
                "support": 1580
            },
            "score": 0.7556962025316456
        },
        "test": {
            "0": {
                "precision": 0.79,
                "recall": 0.864963503649635,
                "f1-score": 0.8257839721254356,
                "support": 548
            },
            "1": {
                "precision": 0.7337278106508875,
                "recall": 0.62,
                "f1-score": 0.6720867208672087,
                "support": 200
            },
            "2": {
                "precision": 0.6968911917098446,
                "recall": 0.6404761904761904,
                "f1-score": 0.6674937965260546,
                "support": 420
            },
            "3": {
                "precision": 0.6896551724137931,
                "recall": 0.5529953917050692,
                "f1-score": 0.6138107416879796,
                "support": 217
            },
            "4": {
                "precision": 0.7167182662538699,
                "recall": 0.7847457627118644,
                "f1-score": 0.7491909385113269,
                "support": 590
            },
            "accuracy": 0.7341772151898734,
            "macro avg": {
                "precision": 0.725398488205679,
                "recall": 0.6926361697085518,
                "f1-score": 0.705673233943601,
                "support": 1975
            },
            "weighted avg": {
                "precision": 0.7315842086845005,
                "recall": 0.7341772151898734,
                "f1-score": 0.7303868051175179,
                "support": 1975
            },
            "score": 0.7341772151898734
        }
    }
}
