{
    "program": "bin/ensemble.py",
    "single_program": "/slot/sandbox/d/in/script/0_script_unpacked/pretrains/bin/pretrain_ae___efb459f8fdce4cfb860a128f001b0d9f.py",
    "config": {
        "seeds": [
            "0",
            "1",
            "2",
            "3",
            "4"
        ]
    },
    "prediction_type": "probs",
    "metrics": {
        "train": {
            "0": {
                "precision": 0.7769994772608468,
                "recall": 0.7537015752822662,
                "f1-score": 0.765173224428162,
                "support": 29582
            },
            "1": {
                "precision": 0.7860582569884895,
                "recall": 0.8070788989719316,
                "f1-score": 0.7964298995909261,
                "support": 33169
            },
            "accuracy": 0.7819158260426129,
            "macro avg": {
                "precision": 0.7815288671246682,
                "recall": 0.780390237127099,
                "f1-score": 0.7808015620095441,
                "support": 62751
            },
            "weighted avg": {
                "precision": 0.7817877780813307,
                "recall": 0.7819158260426129,
                "f1-score": 0.7816949158509876,
                "support": 62751
            },
            "roc_auc": 0.8689153244513775,
            "score": 0.8689153244513775
        },
        "val": {
            "0": {
                "precision": 0.740177803269286,
                "recall": 0.6979448350459708,
                "f1-score": 0.7184411969380654,
                "support": 7396
            },
            "1": {
                "precision": 0.7436309387193023,
                "recall": 0.7814761215629522,
                "f1-score": 0.7620839703634011,
                "support": 8292
            },
            "accuracy": 0.74209586945436,
            "macro avg": {
                "precision": 0.7419043709942941,
                "recall": 0.7397104783044615,
                "f1-score": 0.7402625836507333,
                "support": 15688
            },
            "weighted avg": {
                "precision": 0.7420029816955694,
                "recall": 0.74209586945436,
                "f1-score": 0.741508884166704,
                "support": 15688
            },
            "roc_auc": 0.8213639978794551,
            "score": 0.8213639978794551
        },
        "test": {
            "0": {
                "precision": 0.7235854341736695,
                "recall": 0.698539751216874,
                "f1-score": 0.710842047330765,
                "support": 9245
            },
            "1": {
                "precision": 0.7391670566214319,
                "recall": 0.7619874577906416,
                "f1-score": 0.7504038004750594,
                "support": 10365
            },
            "accuracy": 0.7320754716981132,
            "macro avg": {
                "precision": 0.7313762453975508,
                "recall": 0.7302636045037578,
                "f1-score": 0.7306229239029122,
                "support": 19610
            },
            "weighted avg": {
                "precision": 0.7318212075888179,
                "recall": 0.7320754716981132,
                "f1-score": 0.7317526832991796,
                "support": 19610
            },
            "roc_auc": 0.8140337132208203,
            "score": 0.8140337132208203
        }
    }
}
