{
    "program": "bin/ensemble.py",
    "single_program": "/slot/sandbox/d/in/script/0_script_unpacked/pretrains/bin/finetune___d924aec9b3d94a5888c34ca1834a0d7e.py",
    "config": {
        "seeds": [
            "10",
            "11",
            "12",
            "13",
            "14"
        ]
    },
    "prediction_type": "probs",
    "metrics": {
        "train": {
            "0": {
                "precision": 0.8227186311787072,
                "recall": 0.9868871151653363,
                "f1-score": 0.8973561430793157,
                "support": 1754
            },
            "1": {
                "precision": 0.9390962671905697,
                "recall": 0.7492163009404389,
                "f1-score": 0.8334786399302527,
                "support": 638
            },
            "2": {
                "precision": 0.9846526655896607,
                "recall": 0.9083457526080477,
                "f1-score": 0.9449612403100776,
                "support": 1342
            },
            "3": {
                "precision": 0.9910846953937593,
                "recall": 0.9583333333333334,
                "f1-score": 0.9744338933528123,
                "support": 696
            },
            "4": {
                "precision": 0.9760312151616499,
                "recall": 0.9274364406779662,
                "f1-score": 0.951113525258012,
                "support": 1888
            },
            "accuracy": 0.9252928141817031,
            "macro avg": {
                "precision": 0.9427166949028694,
                "recall": 0.9060437885450245,
                "f1-score": 0.920268688386094,
                "support": 6318
            },
            "weighted avg": {
                "precision": 0.9332284990496379,
                "recall": 0.9252928141817031,
                "f1-score": 0.9255727061084884,
                "support": 6318
            },
            "score": 0.9252928141817031
        },
        "val": {
            "0": {
                "precision": 0.6737588652482269,
                "recall": 0.8656036446469249,
                "f1-score": 0.7577268195413759,
                "support": 439
            },
            "1": {
                "precision": 0.5669291338582677,
                "recall": 0.45,
                "f1-score": 0.5017421602787456,
                "support": 160
            },
            "2": {
                "precision": 0.6835016835016835,
                "recall": 0.6059701492537314,
                "f1-score": 0.6424050632911392,
                "support": 335
            },
            "3": {
                "precision": 0.6291390728476821,
                "recall": 0.5459770114942529,
                "f1-score": 0.5846153846153846,
                "support": 174
            },
            "4": {
                "precision": 0.7324263038548753,
                "recall": 0.684322033898305,
                "f1-score": 0.7075575027382256,
                "support": 472
            },
            "accuracy": 0.6791139240506329,
            "macro avg": {
                "precision": 0.6571510118621471,
                "recall": 0.6303745678586428,
                "f1-score": 0.6388093860929742,
                "support": 1580
            },
            "weighted avg": {
                "precision": 0.6776185324869344,
                "recall": 0.6791139240506329,
                "f1-score": 0.6733017302793128,
                "support": 1580
            },
            "score": 0.6791139240506329
        },
        "test": {
            "0": {
                "precision": 0.6754385964912281,
                "recall": 0.843065693430657,
                "f1-score": 0.75,
                "support": 548
            },
            "1": {
                "precision": 0.5761589403973509,
                "recall": 0.435,
                "f1-score": 0.49572649572649574,
                "support": 200
            },
            "2": {
                "precision": 0.6802168021680217,
                "recall": 0.5976190476190476,
                "f1-score": 0.6362484157160964,
                "support": 420
            },
            "3": {
                "precision": 0.5847953216374269,
                "recall": 0.4608294930875576,
                "f1-score": 0.5154639175257733,
                "support": 217
            },
            "4": {
                "precision": 0.6866666666666666,
                "recall": 0.6983050847457627,
                "f1-score": 0.692436974789916,
                "support": 590
            },
            "accuracy": 0.6643037974683544,
            "macro avg": {
                "precision": 0.6406552654721388,
                "recall": 0.6069638637766049,
                "f1-score": 0.6179751607516563,
                "support": 1975
            },
            "weighted avg": {
                "precision": 0.6597960070865252,
                "recall": 0.6643037974683544,
                "f1-score": 0.6570952501140267,
                "support": 1975
            },
            "score": 0.6643037974683544
        }
    }
}
