{
    "program": "bin/ensemble.py",
    "single_program": "/slot/sandbox/d/in/script/0_script_unpacked/pretrains/bin/pretrain_ae___379adcf9c09d4a129c7600e31bdf2bdf.py",
    "config": {
        "seeds": [
            "5",
            "6",
            "7",
            "8",
            "9"
        ]
    },
    "prediction_type": null,
    "metrics": {
        "train": {
            "rmse": 1.5195083723013763,
            "score": -1.5195083723013763
        },
        "val": {
            "rmse": 1.8258417897066623,
            "score": -1.8258417897066623
        },
        "test": {
            "rmse": 1.827035338599766,
            "score": -1.827035338599766
        }
    }
}
