{
    "program": "bin/ensemble.py",
    "single_program": "/slot/sandbox/d/in/script/0_script_unpacked/pretrains/bin/pretrain_ae___b54ff5957f5a4102b8cab0d81a5a3c8c.py",
    "config": {
        "seeds": [
            "5",
            "6",
            "7",
            "8",
            "9"
        ]
    },
    "prediction_type": "probs",
    "metrics": {
        "train": {
            "0": {
                "precision": 0.8525345622119815,
                "recall": 0.7489878542510121,
                "f1-score": 0.7974137931034483,
                "support": 1235
            },
            "1": {
                "precision": 0.8077919756947547,
                "recall": 0.8761387865865478,
                "f1-score": 0.8405783625459109,
                "support": 10318
            },
            "2": {
                "precision": 0.7039390088945362,
                "recall": 0.6489652479500195,
                "f1-score": 0.675335229581471,
                "support": 5122
            },
            "3": {
                "precision": 0.8263386396526773,
                "recall": 0.6631823461091754,
                "f1-score": 0.7358247422680411,
                "support": 1722
            },
            "4": {
                "precision": 0.9756511891279728,
                "recall": 0.9828864803194524,
                "f1-score": 0.9792554703040636,
                "support": 1753
            },
            "5": {
                "precision": 0.9697705207413946,
                "recall": 0.9717001989829759,
                "f1-score": 0.9707344008834897,
                "support": 9046
            },
            "6": {
                "precision": 0.8463251670378619,
                "recall": 0.8365437534397359,
                "f1-score": 0.8414060337669527,
                "support": 1817
            },
            "7": {
                "precision": 0.9551635428151415,
                "recall": 0.9595717186634669,
                "f1-score": 0.9573625564048256,
                "support": 5417
            },
            "8": {
                "precision": 0.9264192832223279,
                "recall": 0.9211605171870072,
                "f1-score": 0.9237824161922834,
                "support": 3171
            },
            "accuracy": 0.8732860281306027,
            "macro avg": {
                "precision": 0.8737704321554054,
                "recall": 0.8454596559432659,
                "f1-score": 0.857965889450054,
                "support": 39601
            },
            "weighted avg": {
                "precision": 0.8724183349610719,
                "recall": 0.8732860281306027,
                "f1-score": 0.8718499743520018,
                "support": 39601
            },
            "logloss": 0.3310031035584629,
            "score": -0.3310031035584629
        },
        "val": {
            "0": {
                "precision": 0.7016806722689075,
                "recall": 0.5422077922077922,
                "f1-score": 0.6117216117216117,
                "support": 308
            },
            "1": {
                "precision": 0.7535112359550562,
                "recall": 0.8317829457364341,
                "f1-score": 0.7907148120854827,
                "support": 2580
            },
            "2": {
                "precision": 0.6202749140893471,
                "recall": 0.5636221701795472,
                "f1-score": 0.5905930470347648,
                "support": 1281
            },
            "3": {
                "precision": 0.7083333333333334,
                "recall": 0.5522041763341067,
                "f1-score": 0.620599739243807,
                "support": 431
            },
            "4": {
                "precision": 0.9745958429561201,
                "recall": 0.9634703196347032,
                "f1-score": 0.9690011481056258,
                "support": 438
            },
            "5": {
                "precision": 0.9444691248334074,
                "recall": 0.9398762157382847,
                "f1-score": 0.9421670729005097,
                "support": 2262
            },
            "6": {
                "precision": 0.7177242888402626,
                "recall": 0.7224669603524229,
                "f1-score": 0.7200878155872666,
                "support": 454
            },
            "7": {
                "precision": 0.9261695906432749,
                "recall": 0.9357459379615952,
                "f1-score": 0.9309331373989713,
                "support": 1354
            },
            "8": {
                "precision": 0.8598014888337469,
                "recall": 0.8738965952080706,
                "f1-score": 0.8667917448405253,
                "support": 793
            },
            "accuracy": 0.819008180991819,
            "macro avg": {
                "precision": 0.8007289435281618,
                "recall": 0.7694747903725507,
                "f1-score": 0.7825122365465071,
                "support": 9901
            },
            "weighted avg": {
                "precision": 0.8165847531093395,
                "recall": 0.819008180991819,
                "f1-score": 0.8163676663166343,
                "support": 9901
            },
            "logloss": 0.4604170508990452,
            "score": -0.4604170508990452
        },
        "test": {
            "0": {
                "precision": 0.6677316293929713,
                "recall": 0.5414507772020726,
                "f1-score": 0.597997138769671,
                "support": 386
            },
            "1": {
                "precision": 0.7626591230551627,
                "recall": 0.8362282878411911,
                "f1-score": 0.7977511466193224,
                "support": 3224
            },
            "2": {
                "precision": 0.610252808988764,
                "recall": 0.542785758900687,
                "f1-score": 0.5745454545454545,
                "support": 1601
            },
            "3": {
                "precision": 0.6977272727272728,
                "recall": 0.570631970260223,
                "f1-score": 0.6278118609406954,
                "support": 538
            },
            "4": {
                "precision": 0.9744525547445255,
                "recall": 0.9744525547445255,
                "f1-score": 0.9744525547445255,
                "support": 548
            },
            "5": {
                "precision": 0.9474055771267208,
                "recall": 0.9494163424124513,
                "f1-score": 0.948409893992933,
                "support": 2827
            },
            "6": {
                "precision": 0.7285714285714285,
                "recall": 0.7183098591549296,
                "f1-score": 0.7234042553191489,
                "support": 568
            },
            "7": {
                "precision": 0.9185573007562536,
                "recall": 0.932663910218547,
                "f1-score": 0.925556858147714,
                "support": 1693
            },
            "8": {
                "precision": 0.8685258964143426,
                "recall": 0.8799192734611504,
                "f1-score": 0.874185463659148,
                "support": 991
            },
            "accuracy": 0.8207821590174531,
            "macro avg": {
                "precision": 0.7973203990863824,
                "recall": 0.7717620815773087,
                "f1-score": 0.782679402970957,
                "support": 12376
            },
            "weighted avg": {
                "precision": 0.81697804242781,
                "recall": 0.8207821590174531,
                "f1-score": 0.8176891232101446,
                "support": 12376
            },
            "logloss": 0.4556051019372289,
            "score": -0.4556051019372289
        }
    }
}
