{
    "program": "bin/ensemble.py",
    "single_program": "/slot/sandbox/d/in/script/0_script_unpacked/pretrains/bin/pretrain_mask_fast___450642c9af4b4894ab12aef8ffda37b8.py",
    "config": {
        "seeds": [
            "10",
            "11",
            "12",
            "13",
            "14"
        ]
    },
    "prediction_type": null,
    "metrics": {
        "train": {
            "rmse": 1.6847600892570802,
            "score": -1.6847600892570802
        },
        "val": {
            "rmse": 1.8506180712482003,
            "score": -1.8506180712482003
        },
        "test": {
            "rmse": 1.8523724437640559,
            "score": -1.8523724437640559
        }
    }
}
