{
    "program": "bin/ensemble.py",
    "single_program": "/slot/sandbox/d/in/script/0_script_unpacked/pretrains/bin/pretrain_ae___eddc178d1d994f2692071f2cacb6292c.py",
    "config": {
        "seeds": [
            "10",
            "11",
            "12",
            "13",
            "14"
        ]
    },
    "prediction_type": "probs",
    "metrics": {
        "train": {
            "0": {
                "precision": 0.89058039961941,
                "recall": 0.7578947368421053,
                "f1-score": 0.8188976377952756,
                "support": 1235
            },
            "1": {
                "precision": 0.7827631009094846,
                "recall": 0.8758480325644504,
                "f1-score": 0.826693500434524,
                "support": 10318
            },
            "2": {
                "precision": 0.6842221730471343,
                "recall": 0.603670441233893,
                "f1-score": 0.6414272378383986,
                "support": 5122
            },
            "3": {
                "precision": 0.8401673640167364,
                "recall": 0.5830429732868757,
                "f1-score": 0.6883784710318821,
                "support": 1722
            },
            "4": {
                "precision": 0.9806818181818182,
                "recall": 0.9845978322875071,
                "f1-score": 0.9826359237119271,
                "support": 1753
            },
            "5": {
                "precision": 0.9723019201059369,
                "recall": 0.9740216670351537,
                "f1-score": 0.9731610337972167,
                "support": 9046
            },
            "6": {
                "precision": 0.840771349862259,
                "recall": 0.8398458998348927,
                "f1-score": 0.8403083700440529,
                "support": 1817
            },
            "7": {
                "precision": 0.9542794440380395,
                "recall": 0.9632637991508215,
                "f1-score": 0.9587505741846578,
                "support": 5417
            },
            "8": {
                "precision": 0.9256120527306968,
                "recall": 0.9299905392620624,
                "f1-score": 0.927796130250118,
                "support": 3171
            },
            "accuracy": 0.8661144920582814,
            "macro avg": {
                "precision": 0.874597735834613,
                "recall": 0.8346862134997513,
                "f1-score": 0.8508943198986726,
                "support": 39601
            },
            "weighted avg": {
                "precision": 0.8654952689758374,
                "recall": 0.8661144920582814,
                "f1-score": 0.8636183263865522,
                "support": 39601
            },
            "logloss": 0.33951156636145824,
            "score": -0.33951156636145824
        },
        "val": {
            "0": {
                "precision": 0.6816326530612244,
                "recall": 0.5422077922077922,
                "f1-score": 0.6039783001808318,
                "support": 308
            },
            "1": {
                "precision": 0.7439945092656143,
                "recall": 0.8403100775193798,
                "f1-score": 0.7892246086639971,
                "support": 2580
            },
            "2": {
                "precision": 0.6179875333926982,
                "recall": 0.5417642466822795,
                "f1-score": 0.5773710482529119,
                "support": 1281
            },
            "3": {
                "precision": 0.7705479452054794,
                "recall": 0.5220417633410673,
                "f1-score": 0.6224066390041494,
                "support": 431
            },
            "4": {
                "precision": 0.9724137931034482,
                "recall": 0.9657534246575342,
                "f1-score": 0.9690721649484535,
                "support": 438
            },
            "5": {
                "precision": 0.9507829977628636,
                "recall": 0.9394341290893015,
                "f1-score": 0.9450744941071826,
                "support": 2262
            },
            "6": {
                "precision": 0.7369565217391304,
                "recall": 0.7466960352422908,
                "f1-score": 0.7417943107221007,
                "support": 454
            },
            "7": {
                "precision": 0.9140794223826715,
                "recall": 0.9350073855243722,
                "f1-score": 0.9244249726177438,
                "support": 1354
            },
            "8": {
                "precision": 0.8583743842364532,
                "recall": 0.8789407313997478,
                "f1-score": 0.8685358255451713,
                "support": 793
            },
            "accuracy": 0.8185031814968186,
            "macro avg": {
                "precision": 0.8051966400166203,
                "recall": 0.768017287295974,
                "f1-score": 0.7824313737825046,
                "support": 9901
            },
            "weighted avg": {
                "precision": 0.8163536969499917,
                "recall": 0.8185031814968186,
                "f1-score": 0.8150188298756719,
                "support": 9901
            },
            "logloss": 0.4602386965699878,
            "score": -0.4602386965699878
        },
        "test": {
            "0": {
                "precision": 0.6938110749185668,
                "recall": 0.5518134715025906,
                "f1-score": 0.6147186147186147,
                "support": 386
            },
            "1": {
                "precision": 0.750137741046832,
                "recall": 0.8446029776674938,
                "f1-score": 0.7945725124015174,
                "support": 3224
            },
            "2": {
                "precision": 0.6163886874546773,
                "recall": 0.5309181761399125,
                "f1-score": 0.5704697986577181,
                "support": 1601
            },
            "3": {
                "precision": 0.7063291139240506,
                "recall": 0.5185873605947955,
                "f1-score": 0.5980707395498391,
                "support": 538
            },
            "4": {
                "precision": 0.9710144927536232,
                "recall": 0.9781021897810219,
                "f1-score": 0.9745454545454545,
                "support": 548
            },
            "5": {
                "precision": 0.9518373171601855,
                "recall": 0.9437566324725858,
                "f1-score": 0.9477797513321492,
                "support": 2827
            },
            "6": {
                "precision": 0.7326007326007326,
                "recall": 0.704225352112676,
                "f1-score": 0.718132854578097,
                "support": 568
            },
            "7": {
                "precision": 0.9125934445083381,
                "recall": 0.9373892498523332,
                "f1-score": 0.9248251748251748,
                "support": 1693
            },
            "8": {
                "precision": 0.8614634146341463,
                "recall": 0.8910191725529768,
                "f1-score": 0.8759920634920636,
                "support": 991
            },
            "accuracy": 0.8192469295410472,
            "macro avg": {
                "precision": 0.7995751132223502,
                "recall": 0.7667127314084874,
                "f1-score": 0.7799007737889587,
                "support": 12376
            },
            "weighted avg": {
                "precision": 0.8153609165459544,
                "recall": 0.8192469295410472,
                "f1-score": 0.8152252952649973,
                "support": 12376
            },
            "logloss": 0.4572983817596816,
            "score": -0.4572983817596816
        }
    }
}
