{
    "program": "bin/ensemble.py",
    "single_program": "/slot/sandbox/d/in/script/0_script_unpacked/pretrains/bin/pretrain_ae_supervised___4b67cff011c8479cba85f8ec6cdc62b9.py",
    "config": {
        "seeds": [
            "0",
            "1",
            "2",
            "3",
            "4"
        ]
    },
    "prediction_type": "probs",
    "metrics": {
        "train": {
            "0": {
                "precision": 0.9960136674259681,
                "recall": 0.9971493728620296,
                "f1-score": 0.9965811965811965,
                "support": 1754
            },
            "1": {
                "precision": 1.0,
                "recall": 0.9984326018808778,
                "f1-score": 0.9992156862745099,
                "support": 638
            },
            "2": {
                "precision": 1.0,
                "recall": 0.996274217585693,
                "f1-score": 0.9981336319522209,
                "support": 1342
            },
            "3": {
                "precision": 1.0,
                "recall": 0.9985632183908046,
                "f1-score": 0.9992810927390366,
                "support": 696
            },
            "4": {
                "precision": 0.9973586899101955,
                "recall": 1.0,
                "f1-score": 0.9986775985189105,
                "support": 1888
            },
            "accuracy": 0.9981006647673314,
            "macro avg": {
                "precision": 0.9986744714672329,
                "recall": 0.9980838821438811,
                "f1-score": 0.9983778412131749,
                "support": 6318
            },
            "weighted avg": {
                "precision": 0.9981040169698634,
                "recall": 0.9981006647673314,
                "f1-score": 0.9981008716803591,
                "support": 6318
            },
            "score": 0.9981006647673314
        },
        "val": {
            "0": {
                "precision": 0.8017057569296375,
                "recall": 0.856492027334852,
                "f1-score": 0.8281938325991189,
                "support": 439
            },
            "1": {
                "precision": 0.7342657342657343,
                "recall": 0.65625,
                "f1-score": 0.6930693069306931,
                "support": 160
            },
            "2": {
                "precision": 0.7422360248447205,
                "recall": 0.7134328358208956,
                "f1-score": 0.7275494672754947,
                "support": 335
            },
            "3": {
                "precision": 0.6993006993006993,
                "recall": 0.5747126436781609,
                "f1-score": 0.6309148264984228,
                "support": 174
            },
            "4": {
                "precision": 0.7435387673956262,
                "recall": 0.7923728813559322,
                "f1-score": 0.7671794871794871,
                "support": 472
            },
            "accuracy": 0.7556962025316456,
            "macro avg": {
                "precision": 0.7442093965472836,
                "recall": 0.7186520776379681,
                "f1-score": 0.7293813840966432,
                "support": 1580
            },
            "weighted avg": {
                "precision": 0.7536133120168778,
                "recall": 0.7556962025316456,
                "f1-score": 0.7532184499472521,
                "support": 1580
            },
            "score": 0.7556962025316456
        },
        "test": {
            "0": {
                "precision": 0.8024263431542461,
                "recall": 0.8448905109489051,
                "f1-score": 0.8231111111111111,
                "support": 548
            },
            "1": {
                "precision": 0.7111111111111111,
                "recall": 0.64,
                "f1-score": 0.6736842105263158,
                "support": 200
            },
            "2": {
                "precision": 0.6994949494949495,
                "recall": 0.6595238095238095,
                "f1-score": 0.678921568627451,
                "support": 420
            },
            "3": {
                "precision": 0.6795580110497238,
                "recall": 0.5668202764976958,
                "f1-score": 0.6180904522613065,
                "support": 217
            },
            "4": {
                "precision": 0.7285491419656787,
                "recall": 0.7915254237288135,
                "f1-score": 0.7587327376116977,
                "support": 590
            },
            "accuracy": 0.7382278481012658,
            "macro avg": {
                "precision": 0.7242279113551419,
                "recall": 0.7005520041398448,
                "f1-score": 0.7105080160275765,
                "support": 1975
            },
            "weighted avg": {
                "precision": 0.7357204147929967,
                "recall": 0.7382278481012658,
                "f1-score": 0.7355578395692591,
                "support": 1975
            },
            "score": 0.7382278481012658
        }
    }
}
