{
    "program": "bin/ensemble.py",
    "single_program": "/slot/sandbox/d/in/script/0_script_unpacked/pretrains/bin/augmented_supervised___60c1f7fcafd44e25ad7539e1833edc0e.py",
    "config": {
        "seeds": [
            "10",
            "11",
            "12",
            "13",
            "14"
        ]
    },
    "prediction_type": "probs",
    "metrics": {
        "train": {
            "0": {
                "precision": 0.9301270417422868,
                "recall": 0.8299595141700404,
                "f1-score": 0.8771929824561404,
                "support": 1235
            },
            "1": {
                "precision": 0.7957108680792891,
                "recall": 0.9025974025974026,
                "f1-score": 0.8457905730633004,
                "support": 10318
            },
            "2": {
                "precision": 0.7383631149349217,
                "recall": 0.6534556813744631,
                "f1-score": 0.6933195235629207,
                "support": 5122
            },
            "3": {
                "precision": 0.9081545064377683,
                "recall": 0.6144018583042973,
                "f1-score": 0.7329407689643227,
                "support": 1722
            },
            "4": {
                "precision": 0.9526431718061674,
                "recall": 0.9868796349115802,
                "f1-score": 0.9694592322779491,
                "support": 1753
            },
            "5": {
                "precision": 0.9769747714002424,
                "recall": 0.9803227946053504,
                "f1-score": 0.9786459195497434,
                "support": 9046
            },
            "6": {
                "precision": 0.9091981132075472,
                "recall": 0.848651623555311,
                "f1-score": 0.8778821520068318,
                "support": 1817
            },
            "7": {
                "precision": 0.9672161511390999,
                "recall": 0.9640022152482924,
                "f1-score": 0.9656065088757397,
                "support": 5417
            },
            "8": {
                "precision": 0.9559343840463171,
                "recall": 0.9372437716808578,
                "f1-score": 0.9464968152866242,
                "support": 3171
            },
            "accuracy": 0.8857604605944295,
            "macro avg": {
                "precision": 0.9038135691992932,
                "recall": 0.8575016107163995,
                "f1-score": 0.8763704973381746,
                "support": 39601
            },
            "weighted avg": {
                "precision": 0.8872245050546358,
                "recall": 0.8857604605944295,
                "f1-score": 0.8838904023263735,
                "support": 39601
            },
            "logloss": 0.31198213501947963,
            "score": -0.31198213501947963
        },
        "val": {
            "0": {
                "precision": 0.7149122807017544,
                "recall": 0.5292207792207793,
                "f1-score": 0.6082089552238805,
                "support": 308
            },
            "1": {
                "precision": 0.7397029034436192,
                "recall": 0.8492248062015504,
                "f1-score": 0.7906892818477084,
                "support": 2580
            },
            "2": {
                "precision": 0.6173913043478261,
                "recall": 0.5542544886807181,
                "f1-score": 0.5841217605923488,
                "support": 1281
            },
            "3": {
                "precision": 0.81640625,
                "recall": 0.48491879350348027,
                "f1-score": 0.6084425036390102,
                "support": 431
            },
            "4": {
                "precision": 0.9548532731376975,
                "recall": 0.9657534246575342,
                "f1-score": 0.960272417707151,
                "support": 438
            },
            "5": {
                "precision": 0.945575221238938,
                "recall": 0.9447391688771,
                "f1-score": 0.9451570101724901,
                "support": 2262
            },
            "6": {
                "precision": 0.7610208816705336,
                "recall": 0.7224669603524229,
                "f1-score": 0.7412429378531072,
                "support": 454
            },
            "7": {
                "precision": 0.9252199413489736,
                "recall": 0.9320531757754801,
                "f1-score": 0.9286239882266373,
                "support": 1354
            },
            "8": {
                "precision": 0.8686493184634448,
                "recall": 0.8839848675914249,
                "f1-score": 0.87625,
                "support": 793
            },
            "accuracy": 0.8205231794768205,
            "macro avg": {
                "precision": 0.8159701527058653,
                "recall": 0.7629573849844989,
                "f1-score": 0.7825565394735926,
                "support": 9901
            },
            "weighted avg": {
                "precision": 0.8196730534737375,
                "recall": 0.8205231794768205,
                "f1-score": 0.8165940106628964,
                "support": 9901
            },
            "logloss": 0.4642100038553538,
            "score": -0.4642100038553538
        },
        "test": {
            "0": {
                "precision": 0.735191637630662,
                "recall": 0.5466321243523317,
                "f1-score": 0.6270430906389302,
                "support": 386
            },
            "1": {
                "precision": 0.7462646020103233,
                "recall": 0.8520471464019851,
                "f1-score": 0.7956553222302679,
                "support": 3224
            },
            "2": {
                "precision": 0.6082690960056062,
                "recall": 0.5421611492816989,
                "f1-score": 0.5733157199471597,
                "support": 1601
            },
            "3": {
                "precision": 0.7869822485207101,
                "recall": 0.4944237918215613,
                "f1-score": 0.6073059360730594,
                "support": 538
            },
            "4": {
                "precision": 0.9467140319715808,
                "recall": 0.9726277372262774,
                "f1-score": 0.9594959495949595,
                "support": 548
            },
            "5": {
                "precision": 0.9434691011235955,
                "recall": 0.9504775380261762,
                "f1-score": 0.9469603524229075,
                "support": 2827
            },
            "6": {
                "precision": 0.7764705882352941,
                "recall": 0.6971830985915493,
                "f1-score": 0.7346938775510204,
                "support": 568
            },
            "7": {
                "precision": 0.921602787456446,
                "recall": 0.9373892498523332,
                "f1-score": 0.9294289897510981,
                "support": 1693
            },
            "8": {
                "precision": 0.876,
                "recall": 0.8839556004036327,
                "f1-score": 0.8799598191863386,
                "support": 991
            },
            "accuracy": 0.8218325791855203,
            "macro avg": {
                "precision": 0.8156626769949131,
                "recall": 0.764099715106394,
                "f1-score": 0.7837621174884157,
                "support": 12376
            },
            "weighted avg": {
                "precision": 0.8195206507024948,
                "recall": 0.8218325791855203,
                "f1-score": 0.817515411497137,
                "support": 12376
            },
            "logloss": 0.45265487334470694,
            "score": -0.45265487334470694
        }
    }
}
