{
    "program": "bin/ensemble.py",
    "single_program": "/slot/sandbox/d/in/script/0_script_unpacked/pretrains/bin/archive/xgboost____a29d269b981e43db8eecfa9776a355a9.py",
    "config": {
        "seeds": [
            "0",
            "1",
            "2",
            "3",
            "4"
        ]
    },
    "prediction_type": null,
    "metrics": {
        "train": {
            "rmse": 0.651138675256225,
            "score": -0.651138675256225
        },
        "val": {
            "rmse": 1.7759177949520348,
            "score": -1.7759177949520348
        },
        "test": {
            "rmse": 1.782208732146752,
            "score": -1.782208732146752
        }
    }
}
