{
    "program": "bin/ensemble.py",
    "single_program": "/slot/sandbox/d/in/script/0_script_unpacked/pretrains/bin/pretrain_mask_supervised___cadaaf4b8f4c47079840879c163c0ca0.py",
    "config": {
        "seeds": [
            "5",
            "6",
            "7",
            "8",
            "9"
        ]
    },
    "prediction_type": "probs",
    "metrics": {
        "train": {
            "0": {
                "precision": 0.9107303877366997,
                "recall": 0.8178137651821862,
                "f1-score": 0.8617747440273037,
                "support": 1235
            },
            "1": {
                "precision": 0.8113538650522067,
                "recall": 0.8962008141112618,
                "f1-score": 0.8516693529818098,
                "support": 10318
            },
            "2": {
                "precision": 0.73700042973786,
                "recall": 0.669660288949629,
                "f1-score": 0.7017184942716858,
                "support": 5122
            },
            "3": {
                "precision": 0.8658247829518547,
                "recall": 0.6370499419279907,
                "f1-score": 0.7340247574439612,
                "support": 1722
            },
            "4": {
                "precision": 0.9840182648401826,
                "recall": 0.9834569309754706,
                "f1-score": 0.983737517831669,
                "support": 1753
            },
            "5": {
                "precision": 0.9802231797591426,
                "recall": 0.9807649789962415,
                "f1-score": 0.9804940045311378,
                "support": 9046
            },
            "6": {
                "precision": 0.8848589522164652,
                "recall": 0.8458998348926803,
                "f1-score": 0.8649409116488465,
                "support": 1817
            },
            "7": {
                "precision": 0.9648961587943393,
                "recall": 0.9691711279305889,
                "f1-score": 0.9670289187695709,
                "support": 5417
            },
            "8": {
                "precision": 0.9426871280927028,
                "recall": 0.9492273730684326,
                "f1-score": 0.9459459459459458,
                "support": 3171
            },
            "accuracy": 0.888285649352289,
            "macro avg": {
                "precision": 0.8979547943534948,
                "recall": 0.8610272284482757,
                "f1-score": 0.8768149608279923,
                "support": 39601
            },
            "weighted avg": {
                "precision": 0.8883145041725755,
                "recall": 0.888285649352289,
                "f1-score": 0.8866856258857355,
                "support": 39601
            },
            "logloss": 0.30039930037462204,
            "score": -0.30039930037462204
        },
        "val": {
            "0": {
                "precision": 0.6872427983539094,
                "recall": 0.5422077922077922,
                "f1-score": 0.6061705989110708,
                "support": 308
            },
            "1": {
                "precision": 0.7535090722355358,
                "recall": 0.8531007751937985,
                "f1-score": 0.8002181421559716,
                "support": 2580
            },
            "2": {
                "precision": 0.6414273281114012,
                "recall": 0.5753317720530835,
                "f1-score": 0.6065843621399176,
                "support": 1281
            },
            "3": {
                "precision": 0.7482517482517482,
                "recall": 0.4965197215777262,
                "f1-score": 0.596931659693166,
                "support": 431
            },
            "4": {
                "precision": 0.9699769053117783,
                "recall": 0.958904109589041,
                "f1-score": 0.9644087256027555,
                "support": 438
            },
            "5": {
                "precision": 0.9500223114680946,
                "recall": 0.9412024756852343,
                "f1-score": 0.9455918276704419,
                "support": 2262
            },
            "6": {
                "precision": 0.7505773672055427,
                "recall": 0.7158590308370044,
                "f1-score": 0.7328072153325816,
                "support": 454
            },
            "7": {
                "precision": 0.918958031837916,
                "recall": 0.9379615952732644,
                "f1-score": 0.9283625730994153,
                "support": 1354
            },
            "8": {
                "precision": 0.8560885608856088,
                "recall": 0.8776796973518285,
                "f1-score": 0.866749688667497,
                "support": 793
            },
            "accuracy": 0.8240581759418241,
            "macro avg": {
                "precision": 0.8084504581846149,
                "recall": 0.7665296633076415,
                "f1-score": 0.7830916436969797,
                "support": 9901
            },
            "weighted avg": {
                "precision": 0.8218966751578048,
                "recall": 0.8240581759418241,
                "f1-score": 0.8205176349168243,
                "support": 9901
            },
            "logloss": 0.45976798040656014,
            "score": -0.45976798040656014
        },
        "test": {
            "0": {
                "precision": 0.7044673539518901,
                "recall": 0.5310880829015544,
                "f1-score": 0.6056129985228952,
                "support": 386
            },
            "1": {
                "precision": 0.7523676880222842,
                "recall": 0.8377791563275434,
                "f1-score": 0.7927795714705018,
                "support": 3224
            },
            "2": {
                "precision": 0.5947258848022207,
                "recall": 0.5352904434728295,
                "f1-score": 0.5634451019066404,
                "support": 1601
            },
            "3": {
                "precision": 0.7416879795396419,
                "recall": 0.5390334572490706,
                "f1-score": 0.6243272335844994,
                "support": 538
            },
            "4": {
                "precision": 0.9815157116451017,
                "recall": 0.968978102189781,
                "f1-score": 0.9752066115702479,
                "support": 548
            },
            "5": {
                "precision": 0.9470151889791593,
                "recall": 0.9483551467987266,
                "f1-score": 0.9476846942382467,
                "support": 2827
            },
            "6": {
                "precision": 0.7566037735849057,
                "recall": 0.7059859154929577,
                "f1-score": 0.7304189435336976,
                "support": 568
            },
            "7": {
                "precision": 0.9114942528735632,
                "recall": 0.9367985823981099,
                "f1-score": 0.9239732012816779,
                "support": 1693
            },
            "8": {
                "precision": 0.8599412340842312,
                "recall": 0.8859737638748738,
                "f1-score": 0.8727634194831013,
                "support": 991
            },
            "accuracy": 0.8185197155785391,
            "macro avg": {
                "precision": 0.8055354519425553,
                "recall": 0.7654758500783829,
                "f1-score": 0.7818013083990566,
                "support": 12376
            },
            "weighted avg": {
                "precision": 0.8152017715808174,
                "recall": 0.8185197155785391,
                "f1-score": 0.8149032488549225,
                "support": 12376
            },
            "logloss": 0.4593721201561762,
            "score": -0.4593721201561762
        }
    }
}
