{
    "program": "bin/ensemble.py",
    "single_program": "/slot/sandbox/d/in/script/0_script_unpacked/pretrains/bin/pretrain_ae___1c62bf1fc65a492ca9aa6fc84ee89c13.py",
    "config": {
        "seeds": [
            "0",
            "1",
            "2",
            "3",
            "4"
        ]
    },
    "prediction_type": "probs",
    "metrics": {
        "train": {
            "0": {
                "precision": 0.766112913267145,
                "recall": 0.7903792847001555,
                "f1-score": 0.7780569374885609,
                "support": 29582
            },
            "1": {
                "precision": 0.8076135517498139,
                "recall": 0.7847990593626579,
                "f1-score": 0.7960428739621719,
                "support": 33169
            },
            "accuracy": 0.7874296823954997,
            "macro avg": {
                "precision": 0.7868632325084794,
                "recall": 0.7875891720314068,
                "f1-score": 0.7870499057253664,
                "support": 62751
            },
            "weighted avg": {
                "precision": 0.7880493712970034,
                "recall": 0.7874296823954997,
                "f1-score": 0.7875639656935808,
                "support": 62751
            },
            "roc_auc": 0.8725450320054204,
            "score": 0.8725450320054204
        },
        "val": {
            "0": {
                "precision": 0.7178085843774993,
                "recall": 0.7280962682531098,
                "f1-score": 0.7229158276278694,
                "support": 7396
            },
            "1": {
                "precision": 0.7543366723674566,
                "recall": 0.744693680656054,
                "f1-score": 0.7494841606991139,
                "support": 8292
            },
            "accuracy": 0.7368689444161143,
            "macro avg": {
                "precision": 0.7360726283724779,
                "recall": 0.7363949744545819,
                "f1-score": 0.7361999941634917,
                "support": 15688
            },
            "weighted avg": {
                "precision": 0.7371157558214517,
                "recall": 0.7368689444161143,
                "f1-score": 0.7369587022981116,
                "support": 15688
            },
            "roc_auc": 0.8187059056837543,
            "score": 0.8187059056837543
        },
        "test": {
            "0": {
                "precision": 0.7073017205203525,
                "recall": 0.7292590589507842,
                "f1-score": 0.718112584544922,
                "support": 9245
            },
            "1": {
                "precision": 0.7516372296090494,
                "recall": 0.7308248914616498,
                "f1-score": 0.7410849679596928,
                "support": 10365
            },
            "accuracy": 0.730086690464049,
            "macro avg": {
                "precision": 0.729469475064701,
                "recall": 0.730041975206217,
                "f1-score": 0.7295987762523074,
                "support": 19610
            },
            "weighted avg": {
                "precision": 0.7307355579351584,
                "recall": 0.730086690464049,
                "f1-score": 0.7302547953605314,
                "support": 19610
            },
            "roc_auc": 0.8120901221165688,
            "score": 0.8120901221165688
        }
    }
}
