{
    "program": "bin/ensemble.py",
    "single_program": "/slot/sandbox/d/in/script/0_script_unpacked/pretrains/bin/pretrain_mask_supervised___b7c7488412c348dfa1fe4aa8fd041a75.py",
    "config": {
        "seeds": [
            "10",
            "11",
            "12",
            "13",
            "14"
        ]
    },
    "prediction_type": "probs",
    "metrics": {
        "train": {
            "0": {
                "precision": 0.8898916967509025,
                "recall": 0.967425431711146,
                "f1-score": 0.9270402406919894,
                "support": 5096
            },
            "1": {
                "precision": 0.8069767441860465,
                "recall": 0.5322085889570553,
                "f1-score": 0.6414048059149723,
                "support": 1304
            },
            "accuracy": 0.87875,
            "macro avg": {
                "precision": 0.8484342204684745,
                "recall": 0.7498170103341006,
                "f1-score": 0.7842225233034809,
                "support": 6400
            },
            "weighted avg": {
                "precision": 0.872997775165813,
                "recall": 0.87875,
                "f1-score": 0.8688420208561722,
                "support": 6400
            },
            "roc_auc": 0.8944289578738528,
            "score": 0.8944289578738528
        },
        "val": {
            "0": {
                "precision": 0.8804581245526127,
                "recall": 0.9654631083202512,
                "f1-score": 0.9210033695245227,
                "support": 1274
            },
            "1": {
                "precision": 0.7832512315270936,
                "recall": 0.48773006134969327,
                "f1-score": 0.6011342155009451,
                "support": 326
            },
            "accuracy": 0.868125,
            "macro avg": {
                "precision": 0.8318546780398532,
                "recall": 0.7265965848349722,
                "f1-score": 0.761068792512734,
                "support": 1600
            },
            "weighted avg": {
                "precision": 0.8606522200986632,
                "recall": 0.868125,
                "f1-score": 0.8558300293922187,
                "support": 1600
            },
            "roc_auc": 0.8780662807831958,
            "score": 0.8780662807831958
        },
        "test": {
            "0": {
                "precision": 0.8773638968481375,
                "recall": 0.9610797237915882,
                "f1-score": 0.9173157579388856,
                "support": 1593
            },
            "1": {
                "precision": 0.7568627450980392,
                "recall": 0.4742014742014742,
                "f1-score": 0.5830815709969789,
                "support": 407
            },
            "accuracy": 0.862,
            "macro avg": {
                "precision": 0.8171133209730883,
                "recall": 0.7176405989965312,
                "f1-score": 0.7501986644679323,
                "support": 2000
            },
            "weighted avg": {
                "precision": 0.8528419124669926,
                "recall": 0.862,
                "f1-score": 0.8492991008962076,
                "support": 2000
            },
            "roc_auc": 0.8683043598297835,
            "score": 0.8683043598297835
        }
    }
}
