{
    "program": "bin/ensemble.py",
    "single_program": "/slot/sandbox/d/in/script/0_script_unpacked/pretrains/bin/pretrain_supervised_contrastive___cd66305025e449979bf236000ead02e4.py",
    "config": {
        "seeds": [
            "10",
            "11",
            "12",
            "13",
            "14"
        ]
    },
    "prediction_type": "probs",
    "metrics": {
        "train": {
            "0": {
                "precision": 0.9023041474654377,
                "recall": 0.9605572998430141,
                "f1-score": 0.9305199125558408,
                "support": 5096
            },
            "1": {
                "precision": 0.7938461538461539,
                "recall": 0.593558282208589,
                "f1-score": 0.679245283018868,
                "support": 1304
            },
            "accuracy": 0.88578125,
            "macro avg": {
                "precision": 0.8480751506557958,
                "recall": 0.7770577910258015,
                "f1-score": 0.8048825977873544,
                "support": 6400
            },
            "weighted avg": {
                "precision": 0.8802058312655086,
                "recall": 0.88578125,
                "f1-score": 0.8793227067876827,
                "support": 6400
            },
            "roc_auc": 0.9167416583197696,
            "score": 0.9167416583197696
        },
        "val": {
            "0": {
                "precision": 0.8853783982365907,
                "recall": 0.945839874411303,
                "f1-score": 0.9146110056925996,
                "support": 1274
            },
            "1": {
                "precision": 0.7112970711297071,
                "recall": 0.5214723926380368,
                "f1-score": 0.6017699115044247,
                "support": 326
            },
            "accuracy": 0.859375,
            "macro avg": {
                "precision": 0.7983377346831488,
                "recall": 0.7336561335246699,
                "f1-score": 0.7581904585985122,
                "support": 1600
            },
            "weighted avg": {
                "precision": 0.8499093278385632,
                "recall": 0.859375,
                "f1-score": 0.8508696327517591,
                "support": 1600
            },
            "roc_auc": 0.8675299284414095,
            "score": 0.8675299284414095
        },
        "test": {
            "0": {
                "precision": 0.878999418266434,
                "recall": 0.9485247959824231,
                "f1-score": 0.91243961352657,
                "support": 1593
            },
            "1": {
                "precision": 0.708185053380783,
                "recall": 0.48894348894348894,
                "f1-score": 0.5784883720930232,
                "support": 407
            },
            "accuracy": 0.855,
            "macro avg": {
                "precision": 0.7935922358236085,
                "recall": 0.7187341424629561,
                "f1-score": 0.7454639928097966,
                "support": 2000
            },
            "weighted avg": {
                "precision": 0.844238695012204,
                "recall": 0.855,
                "f1-score": 0.8444805358948432,
                "support": 2000
            },
            "roc_auc": 0.8503526639119859,
            "score": 0.8503526639119859
        }
    }
}
