{
    "program": "bin/ensemble.py",
    "single_program": "/slot/sandbox/d/in/script/0_script_unpacked/pretrains/bin/pretrain_mask_supervised_fast___f9104ccac42947e9b099f9585b226816.py",
    "config": {
        "seeds": [
            "5",
            "6",
            "7",
            "8",
            "9"
        ]
    },
    "prediction_type": null,
    "metrics": {
        "train": {
            "rmse": 0.7236541757992566,
            "score": -0.7236541757992566
        },
        "val": {
            "rmse": 0.7432570164136922,
            "score": -0.7432570164136922
        },
        "test": {
            "rmse": 0.7461004846037456,
            "score": -0.7461004846037456
        }
    }
}
