{
    "program": "bin/ensemble.py",
    "single_program": "/slot/sandbox/d/in/script/0_script_unpacked/pretrains/bin/pretrain_mask_supervised___d275e153b0e34261a2bea7b2cdacd9e7.py",
    "config": {
        "seeds": [
            "10",
            "11",
            "12",
            "13",
            "14"
        ]
    },
    "prediction_type": "probs",
    "metrics": {
        "train": {
            "0": {
                "precision": 0.8730305838739574,
                "recall": 0.762753036437247,
                "f1-score": 0.8141745894554884,
                "support": 1235
            },
            "1": {
                "precision": 0.7741430311466853,
                "recall": 0.8623764295406087,
                "f1-score": 0.8158811663304603,
                "support": 10318
            },
            "2": {
                "precision": 0.6647752073330423,
                "recall": 0.5946895743850058,
                "f1-score": 0.6277823577906018,
                "support": 5122
            },
            "3": {
                "precision": 0.8100242522231205,
                "recall": 0.5818815331010453,
                "f1-score": 0.6772558296721866,
                "support": 1722
            },
            "4": {
                "precision": 0.9722064662507091,
                "recall": 0.9777524244152881,
                "f1-score": 0.9749715585893061,
                "support": 1753
            },
            "5": {
                "precision": 0.9686778766897461,
                "recall": 0.9743533053283219,
                "f1-score": 0.9715073022871313,
                "support": 9046
            },
            "6": {
                "precision": 0.8522988505747127,
                "recall": 0.8161805173362686,
                "f1-score": 0.8338487489457409,
                "support": 1817
            },
            "7": {
                "precision": 0.9528526875802605,
                "recall": 0.958833302565996,
                "f1-score": 0.9558336400441665,
                "support": 5417
            },
            "8": {
                "precision": 0.9299746514575412,
                "recall": 0.9255755282245348,
                "f1-score": 0.9277698751382962,
                "support": 3171
            },
            "accuracy": 0.8592712305244817,
            "macro avg": {
                "precision": 0.8664426230144194,
                "recall": 0.8282661834815906,
                "f1-score": 0.8443361186948198,
                "support": 39601
            },
            "weighted avg": {
                "precision": 0.8583560664757258,
                "recall": 0.8592712305244817,
                "f1-score": 0.8569908776340958,
                "support": 39601
            },
            "logloss": 0.35360112766560303,
            "score": -0.35360112766560303
        },
        "val": {
            "0": {
                "precision": 0.7125,
                "recall": 0.5551948051948052,
                "f1-score": 0.624087591240876,
                "support": 308
            },
            "1": {
                "precision": 0.7416038382453736,
                "recall": 0.8387596899224806,
                "f1-score": 0.7871953437613678,
                "support": 2580
            },
            "2": {
                "precision": 0.616206589492431,
                "recall": 0.5402029664324747,
                "f1-score": 0.5757071547420965,
                "support": 1281
            },
            "3": {
                "precision": 0.7384105960264901,
                "recall": 0.5174013921113689,
                "f1-score": 0.6084583901773533,
                "support": 431
            },
            "4": {
                "precision": 0.960919540229885,
                "recall": 0.954337899543379,
                "f1-score": 0.9576174112256586,
                "support": 438
            },
            "5": {
                "precision": 0.9456713780918727,
                "recall": 0.9465075154730327,
                "f1-score": 0.9460892620415376,
                "support": 2262
            },
            "6": {
                "precision": 0.7551963048498845,
                "recall": 0.7202643171806168,
                "f1-score": 0.7373167981961669,
                "support": 454
            },
            "7": {
                "precision": 0.9199417758369723,
                "recall": 0.9335302806499262,
                "f1-score": 0.9266862170087977,
                "support": 1354
            },
            "8": {
                "precision": 0.8583743842364532,
                "recall": 0.8789407313997478,
                "f1-score": 0.8685358255451713,
                "support": 793
            },
            "accuracy": 0.8177961822038178,
            "macro avg": {
                "precision": 0.8054249341121513,
                "recall": 0.765015510878648,
                "f1-score": 0.7812993326598918,
                "support": 9901
            },
            "weighted avg": {
                "precision": 0.8150233410917489,
                "recall": 0.8177961822038178,
                "f1-score": 0.8141221701970178,
                "support": 9901
            },
            "logloss": 0.46946705835669594,
            "score": -0.46946705835669594
        },
        "test": {
            "0": {
                "precision": 0.7133333333333334,
                "recall": 0.5544041450777202,
                "f1-score": 0.6239067055393586,
                "support": 386
            },
            "1": {
                "precision": 0.7436038514442916,
                "recall": 0.8383995037220844,
                "f1-score": 0.7881615395830296,
                "support": 3224
            },
            "2": {
                "precision": 0.5942652329749104,
                "recall": 0.5178013741411618,
                "f1-score": 0.5534045393858479,
                "support": 1601
            },
            "3": {
                "precision": 0.7340153452685422,
                "recall": 0.533457249070632,
                "f1-score": 0.6178686759956944,
                "support": 538
            },
            "4": {
                "precision": 0.9742647058823529,
                "recall": 0.9671532846715328,
                "f1-score": 0.9706959706959707,
                "support": 548
            },
            "5": {
                "precision": 0.9437016185784659,
                "recall": 0.9487088786699681,
                "f1-score": 0.9461986240959604,
                "support": 2827
            },
            "6": {
                "precision": 0.7533206831119544,
                "recall": 0.698943661971831,
                "f1-score": 0.7251141552511414,
                "support": 568
            },
            "7": {
                "precision": 0.9126157407407407,
                "recall": 0.9314825753101004,
                "f1-score": 0.9219526454253142,
                "support": 1693
            },
            "8": {
                "precision": 0.8668639053254438,
                "recall": 0.8869828456104945,
                "f1-score": 0.8768079800498753,
                "support": 991
            },
            "accuracy": 0.8159340659340659,
            "macro avg": {
                "precision": 0.8039982685177817,
                "recall": 0.7641481686939472,
                "f1-score": 0.7804567595580214,
                "support": 12376
            },
            "weighted avg": {
                "precision": 0.8122812410532,
                "recall": 0.8159340659340659,
                "f1-score": 0.8119559701498149,
                "support": 12376
            },
            "logloss": 0.46832100201417887,
            "score": -0.46832100201417887
        }
    }
}
