{
    "program": "bin/ensemble.py",
    "single_program": "/slot/sandbox/d/in/script/0_script_unpacked/pretrains/bin/augmented_supervised___4ff3f65ac4824f2d8f9e37076521fa66.py",
    "config": {
        "seeds": [
            "5",
            "6",
            "7",
            "8",
            "9"
        ]
    },
    "prediction_type": "probs",
    "metrics": {
        "train": {
            "0": {
                "precision": 0.7955952716014636,
                "recall": 0.7644513555540532,
                "f1-score": 0.7797124435403235,
                "support": 29582
            },
            "1": {
                "precision": 0.7970110991347918,
                "recall": 0.8248364436672797,
                "f1-score": 0.8106850776342301,
                "support": 33169
            },
            "accuracy": 0.7963697789676658,
            "macro avg": {
                "precision": 0.7963031853681277,
                "recall": 0.7946438996106664,
                "f1-score": 0.7951987605872768,
                "support": 62751
            },
            "weighted avg": {
                "precision": 0.7963436514432665,
                "recall": 0.7963697789676658,
                "f1-score": 0.7960839961890588,
                "support": 62751
            },
            "roc_auc": 0.8834106871030764,
            "score": 0.8834106871030764
        },
        "val": {
            "0": {
                "precision": 0.7370576191868967,
                "recall": 0.6814494321254733,
                "f1-score": 0.7081635520584516,
                "support": 7396
            },
            "1": {
                "precision": 0.7337853107344633,
                "recall": 0.7831644958996623,
                "f1-score": 0.757671216894178,
                "support": 8292
            },
            "accuracy": 0.7352116267210607,
            "macro avg": {
                "precision": 0.7354214649606801,
                "recall": 0.7323069640125678,
                "f1-score": 0.7329173844763148,
                "support": 15688
            },
            "weighted avg": {
                "precision": 0.735328018110432,
                "recall": 0.7352116267210607,
                "f1-score": 0.7343311678678501,
                "support": 15688
            },
            "roc_auc": 0.818672119934453,
            "score": 0.818672119934453
        },
        "test": {
            "0": {
                "precision": 0.7293519695044473,
                "recall": 0.6829637641968632,
                "f1-score": 0.705396045134622,
                "support": 9245
            },
            "1": {
                "precision": 0.7324020816214736,
                "recall": 0.7739507959479016,
                "f1-score": 0.7526034337179849,
                "support": 10365
            },
            "accuracy": 0.7310555838857725,
            "macro avg": {
                "precision": 0.7308770255629604,
                "recall": 0.7284572800723824,
                "f1-score": 0.7289997394263035,
                "support": 19610
            },
            "weighted avg": {
                "precision": 0.7309641271838444,
                "recall": 0.7310555838857725,
                "f1-score": 0.7303478341538242,
                "support": 19610
            },
            "roc_auc": 0.8116879908227992,
            "score": 0.8116879908227992
        }
    }
}
