{
    "program": "bin/ensemble.py",
    "single_program": "/slot/sandbox/d/in/script/0_script_unpacked/pretrains/bin/pretrain_ae_supervised_ddp___68814bbaf0344592a59b5bba1fd749fa.py",
    "config": {
        "seeds": [
            "5",
            "6",
            "7",
            "8",
            "9"
        ]
    },
    "prediction_type": null,
    "metrics": {
        "train": {
            "rmse": 1.4198740656994313,
            "score": -1.4198740656994313
        },
        "val": {
            "rmse": 1.8054089271736837,
            "score": -1.8054089271736837
        },
        "test": {
            "rmse": 1.811934170347011,
            "score": -1.811934170347011
        }
    }
}
