{
    "program": "bin/ensemble.py",
    "single_program": "/slot/sandbox/d/in/script/0_script_unpacked/pretrains/bin/finetune___f0dbe10dab4441f1a2ef761f1c1a000a.py",
    "config": {
        "seeds": [
            "10",
            "11",
            "12",
            "13",
            "14"
        ]
    },
    "prediction_type": "probs",
    "metrics": {
        "train": {
            "0": {
                "precision": 0.9994301994301994,
                "recall": 1.0,
                "f1-score": 0.999715018523796,
                "support": 1754
            },
            "1": {
                "precision": 1.0,
                "recall": 1.0,
                "f1-score": 1.0,
                "support": 638
            },
            "2": {
                "precision": 1.0,
                "recall": 0.9992548435171386,
                "f1-score": 0.9996272828922848,
                "support": 1342
            },
            "3": {
                "precision": 1.0,
                "recall": 1.0,
                "f1-score": 1.0,
                "support": 696
            },
            "4": {
                "precision": 1.0,
                "recall": 1.0,
                "f1-score": 1.0,
                "support": 1888
            },
            "accuracy": 0.9998417220639443,
            "macro avg": {
                "precision": 0.9998860398860397,
                "recall": 0.9998509687034277,
                "f1-score": 0.9998684602832162,
                "support": 6318
            },
            "weighted avg": {
                "precision": 0.9998418122508025,
                "recall": 0.9998417220639443,
                "f1-score": 0.9998417151206369,
                "support": 6318
            },
            "score": 0.9998417220639443
        },
        "val": {
            "0": {
                "precision": 0.7547568710359408,
                "recall": 0.8132118451025057,
                "f1-score": 0.7828947368421052,
                "support": 439
            },
            "1": {
                "precision": 0.6193548387096774,
                "recall": 0.6,
                "f1-score": 0.6095238095238096,
                "support": 160
            },
            "2": {
                "precision": 0.6865671641791045,
                "recall": 0.5492537313432836,
                "f1-score": 0.6102819237147595,
                "support": 335
            },
            "3": {
                "precision": 0.5384615384615384,
                "recall": 0.4827586206896552,
                "f1-score": 0.509090909090909,
                "support": 174
            },
            "4": {
                "precision": 0.6723484848484849,
                "recall": 0.7521186440677966,
                "f1-score": 0.71,
                "support": 472
            },
            "accuracy": 0.6810126582278481,
            "macro avg": {
                "precision": 0.6542977794469492,
                "recall": 0.6394685682406482,
                "f1-score": 0.6443582758343167,
                "support": 1580
            },
            "weighted avg": {
                "precision": 0.6781492614677969,
                "recall": 0.6810126582278481,
                "f1-score": 0.6768106719137699,
                "support": 1580
            },
            "score": 0.6810126582278481
        },
        "test": {
            "0": {
                "precision": 0.7483333333333333,
                "recall": 0.8193430656934306,
                "f1-score": 0.7822299651567944,
                "support": 548
            },
            "1": {
                "precision": 0.5789473684210527,
                "recall": 0.55,
                "f1-score": 0.5641025641025641,
                "support": 200
            },
            "2": {
                "precision": 0.6516516516516516,
                "recall": 0.5166666666666667,
                "f1-score": 0.5763612217795485,
                "support": 420
            },
            "3": {
                "precision": 0.5287958115183246,
                "recall": 0.46543778801843316,
                "f1-score": 0.49509803921568624,
                "support": 217
            },
            "4": {
                "precision": 0.6641452344931922,
                "recall": 0.7440677966101695,
                "f1-score": 0.7018385291766588,
                "support": 590
            },
            "accuracy": 0.6663291139240506,
            "macro avg": {
                "precision": 0.6343746798835109,
                "recall": 0.6191030633977401,
                "f1-score": 0.6239260638862504,
                "support": 1975
            },
            "weighted avg": {
                "precision": 0.6613489688582433,
                "recall": 0.6663291139240506,
                "f1-score": 0.6607975967584198,
                "support": 1975
            },
            "score": 0.6663291139240506
        }
    }
}
