{
    "program": "bin/ensemble.py",
    "single_program": "/slot/sandbox/d/in/script/0_script_unpacked/pretrains/bin/augmented_supervised___593358efce1f480f9ae1569a6df8e905.py",
    "config": {
        "seeds": [
            "0",
            "1",
            "2",
            "3",
            "4"
        ]
    },
    "prediction_type": "probs",
    "metrics": {
        "train": {
            "0": {
                "precision": 0.7787748058671269,
                "recall": 0.7627949428706646,
                "f1-score": 0.7707020509930496,
                "support": 29582
            },
            "1": {
                "precision": 0.7922489341544292,
                "recall": 0.806747264011577,
                "f1-score": 0.7994323698558518,
                "support": 33169
            },
            "accuracy": 0.7860273143057481,
            "macro avg": {
                "precision": 0.785511870010778,
                "recall": 0.7847711034411209,
                "f1-score": 0.7850672104244507,
                "support": 62751
            },
            "weighted avg": {
                "precision": 0.7858969770064159,
                "recall": 0.7860273143057481,
                "f1-score": 0.7858883579261707,
                "support": 62751
            },
            "roc_auc": 0.872644540736395,
            "score": 0.872644540736395
        },
        "val": {
            "0": {
                "precision": 0.7323404255319149,
                "recall": 0.6980800432666306,
                "f1-score": 0.7147999446213485,
                "support": 7396
            },
            "1": {
                "precision": 0.7414910858995137,
                "recall": 0.7724312590448625,
                "f1-score": 0.7566450088600118,
                "support": 8292
            },
            "accuracy": 0.7373788883222846,
            "macro avg": {
                "precision": 0.7369157557157143,
                "recall": 0.7352556511557466,
                "f1-score": 0.7357224767406803,
                "support": 15688
            },
            "weighted avg": {
                "precision": 0.7371770698312603,
                "recall": 0.7373788883222846,
                "f1-score": 0.7369174403293416,
                "support": 15688
            },
            "roc_auc": 0.8203280782144008,
            "score": 0.8203280782144008
        },
        "test": {
            "0": {
                "precision": 0.7216586779623231,
                "recall": 0.7002704164413196,
                "f1-score": 0.7108036890645586,
                "support": 9245
            },
            "1": {
                "precision": 0.7395431901494501,
                "recall": 0.7590931017848529,
                "f1-score": 0.7491906303561227,
                "support": 10365
            },
            "accuracy": 0.7313615502294748,
            "macro avg": {
                "precision": 0.7306009340558866,
                "recall": 0.7296817591130862,
                "f1-score": 0.7299971597103406,
                "support": 19610
            },
            "weighted avg": {
                "precision": 0.7311116595441473,
                "recall": 0.7313615502294748,
                "f1-score": 0.731093370170477,
                "support": 19610
            },
            "roc_auc": 0.8142677662819264,
            "score": 0.8142677662819264
        }
    }
}
