{
    "program": "bin/ensemble.py",
    "single_program": "/slot/sandbox/d/in/script/0_script_unpacked/pretrains/bin/pretrain_mask_supervised___d36aa1d651dc4f1dbac15f1e9e2316f2.py",
    "config": {
        "seeds": [
            "0",
            "1",
            "2",
            "3",
            "4"
        ]
    },
    "prediction_type": "probs",
    "metrics": {
        "train": {
            "0": {
                "precision": 0.7788741563024634,
                "recall": 0.7684740720708539,
                "f1-score": 0.7736391635045687,
                "support": 29582
            },
            "1": {
                "precision": 0.795942080800858,
                "recall": 0.8054207241701589,
                "f1-score": 0.8006533499168328,
                "support": 33169
            },
            "accuracy": 0.7880033784322162,
            "macro avg": {
                "precision": 0.7874081185516607,
                "recall": 0.7869473981205064,
                "f1-score": 0.7871462567107008,
                "support": 62751
            },
            "weighted avg": {
                "precision": 0.7878959406196417,
                "recall": 0.7880033784322162,
                "f1-score": 0.7879183550570282,
                "support": 62751
            },
            "roc_auc": 0.874098413249798,
            "score": 0.874098413249798
        },
        "val": {
            "0": {
                "precision": 0.7324414715719063,
                "recall": 0.7106544077879935,
                "f1-score": 0.721383475157837,
                "support": 7396
            },
            "1": {
                "precision": 0.7485902255639098,
                "recall": 0.768451519536903,
                "f1-score": 0.7583908593192097,
                "support": 8292
            },
            "accuracy": 0.7412034676185619,
            "macro avg": {
                "precision": 0.740515848567908,
                "recall": 0.7395529636624483,
                "f1-score": 0.7398871672385233,
                "support": 15688
            },
            "weighted avg": {
                "precision": 0.7409770062545741,
                "recall": 0.7412034676185619,
                "f1-score": 0.7409439818805614,
                "support": 15688
            },
            "roc_auc": 0.8241536131706503,
            "score": 0.8241536131706503
        },
        "test": {
            "0": {
                "precision": 0.7272425616635328,
                "recall": 0.7111952406706328,
                "f1-score": 0.7191293886033031,
                "support": 9245
            },
            "1": {
                "precision": 0.7473743968208912,
                "recall": 0.7620839363241678,
                "f1-score": 0.7546574949842362,
                "support": 10365
            },
            "accuracy": 0.738092809790923,
            "macro avg": {
                "precision": 0.737308479242212,
                "recall": 0.7366395884974003,
                "f1-score": 0.7368934417937696,
                "support": 19610
            },
            "weighted avg": {
                "precision": 0.7378833812150892,
                "recall": 0.738092809790923,
                "f1-score": 0.7379080129091864,
                "support": 19610
            },
            "roc_auc": 0.8189978442343901,
            "score": 0.8189978442343901
        }
    }
}
