{
    "program": "bin/ensemble.py",
    "single_program": "/slot/sandbox/d/in/script/0_script_unpacked/pretrains/bin/pretrain_ae___401aea8ccbea4c3c8b18d8a48ccfd302.py",
    "config": {
        "seeds": [
            "0",
            "1",
            "2",
            "3",
            "4"
        ]
    },
    "prediction_type": null,
    "metrics": {
        "train": {
            "rmse": 4.077530894988208,
            "score": -4.077530894988208
        },
        "val": {
            "rmse": 5.35908125925087,
            "score": -5.35908125925087
        },
        "test": {
            "rmse": 5.590390253670208,
            "score": -5.590390253670208
        }
    }
}
