{
    "program": "bin/ensemble.py",
    "single_program": "/slot/sandbox/d/in/script/0_script_unpacked/pretrains/bin/pretrain_ae___6d39f90aa34b469fba214c9de6095826.py",
    "config": {
        "seeds": [
            "10",
            "11",
            "12",
            "13",
            "14"
        ]
    },
    "prediction_type": null,
    "metrics": {
        "train": {
            "rmse": 0.7040921608959066,
            "score": -0.7040921608959066
        },
        "val": {
            "rmse": 0.7374294416884609,
            "score": -0.7374294416884609
        },
        "test": {
            "rmse": 0.7416670759812017,
            "score": -0.7416670759812017
        }
    }
}
