{
    "program": "bin/ensemble.py",
    "single_program": "/slot/sandbox/d/in/script/0_script_unpacked/pretrains/bin/pretrain_ae_supervised___b8ca166f76294fb1add7a507fa42f611.py",
    "config": {
        "seeds": [
            "5",
            "6",
            "7",
            "8",
            "9"
        ]
    },
    "prediction_type": null,
    "metrics": {
        "train": {
            "rmse": 3.693448745292016,
            "score": -3.693448745292016
        },
        "val": {
            "rmse": 5.3431089843181825,
            "score": -5.3431089843181825
        },
        "test": {
            "rmse": 5.528556537001292,
            "score": -5.528556537001292
        }
    }
}
