{
    "program": "bin/ensemble.py",
    "single_program": "/slot/sandbox/d/in/script/0_script_unpacked/pretrains/bin/finetune___274d6da8626d4547904a645f618bdc95.py",
    "config": {
        "seeds": [
            "0",
            "1",
            "2",
            "3",
            "4"
        ]
    },
    "prediction_type": "probs",
    "metrics": {
        "train": {
            "0": {
                "precision": 0.8819753966839009,
                "recall": 0.9707613814756672,
                "f1-score": 0.9242410088743578,
                "support": 5096
            },
            "1": {
                "precision": 0.8116308470290771,
                "recall": 0.49233128834355827,
                "f1-score": 0.6128878281622911,
                "support": 1304
            },
            "accuracy": 0.87328125,
            "macro avg": {
                "precision": 0.846803121856489,
                "recall": 0.7315463349096127,
                "f1-score": 0.7685644185183245,
                "support": 6400
            },
            "weighted avg": {
                "precision": 0.8676426946917306,
                "recall": 0.87328125,
                "f1-score": 0.8608027983042743,
                "support": 6400
            },
            "roc_auc": 0.8918535589082259,
            "score": 0.8918535589082259
        },
        "val": {
            "0": {
                "precision": 0.8746458923512748,
                "recall": 0.9693877551020408,
                "f1-score": 0.9195830230826508,
                "support": 1274
            },
            "1": {
                "precision": 0.7925531914893617,
                "recall": 0.4570552147239264,
                "f1-score": 0.5797665369649805,
                "support": 326
            },
            "accuracy": 0.865,
            "macro avg": {
                "precision": 0.8335995419203182,
                "recall": 0.7132214849129836,
                "f1-score": 0.7496747800238157,
                "support": 1600
            },
            "weighted avg": {
                "precision": 0.85791950455066,
                "recall": 0.865,
                "f1-score": 0.8503454140361755,
                "support": 1600
            },
            "roc_auc": 0.8740116150282672,
            "score": 0.8740116150282672
        },
        "test": {
            "0": {
                "precision": 0.872953133822699,
                "recall": 0.970495919648462,
                "f1-score": 0.9191438763376932,
                "support": 1593
            },
            "1": {
                "precision": 0.7947598253275109,
                "recall": 0.44717444717444715,
                "f1-score": 0.5723270440251572,
                "support": 407
            },
            "accuracy": 0.864,
            "macro avg": {
                "precision": 0.8338564795751049,
                "recall": 0.7088351834114546,
                "f1-score": 0.7457354601814252,
                "support": 2000
            },
            "weighted avg": {
                "precision": 0.8570407955439282,
                "recall": 0.864,
                "f1-score": 0.8485666509620922,
                "support": 2000
            },
            "roc_auc": 0.8649975090653058,
            "score": 0.8649975090653058
        }
    }
}
