{
    "program": "bin/ensemble.py",
    "single_program": "/slot/sandbox/d/in/script/0_script_unpacked/pretrains/bin/pretrain_mask_supervised___b7c7488412c348dfa1fe4aa8fd041a75.py",
    "config": {
        "seeds": [
            "5",
            "6",
            "7",
            "8",
            "9"
        ]
    },
    "prediction_type": "probs",
    "metrics": {
        "train": {
            "0": {
                "precision": 0.8889488840892729,
                "recall": 0.9691915227629513,
                "f1-score": 0.9273375891851295,
                "support": 5096
            },
            "1": {
                "precision": 0.8139810426540285,
                "recall": 0.526840490797546,
                "f1-score": 0.6396648044692738,
                "support": 1304
            },
            "accuracy": 0.8790625,
            "macro avg": {
                "precision": 0.8514649633716507,
                "recall": 0.7480160067802486,
                "f1-score": 0.7835011968272017,
                "support": 6400
            },
            "weighted avg": {
                "precision": 0.8736741863968419,
                "recall": 0.8790625,
                "f1-score": 0.868724259299274,
                "support": 6400
            },
            "roc_auc": 0.8925829593281389,
            "score": 0.8925829593281389
        },
        "val": {
            "0": {
                "precision": 0.8792857142857143,
                "recall": 0.966248037676609,
                "f1-score": 0.9207180254300673,
                "support": 1274
            },
            "1": {
                "precision": 0.785,
                "recall": 0.4815950920245399,
                "f1-score": 0.596958174904943,
                "support": 326
            },
            "accuracy": 0.8675,
            "macro avg": {
                "precision": 0.8321428571428572,
                "recall": 0.7239215648505745,
                "f1-score": 0.7588381001675051,
                "support": 1600
            },
            "weighted avg": {
                "precision": 0.860075,
                "recall": 0.8675,
                "f1-score": 0.8547519558855733,
                "support": 1600
            },
            "roc_auc": 0.8775425932524967,
            "score": 0.8775425932524967
        },
        "test": {
            "0": {
                "precision": 0.876,
                "recall": 0.9623352165725048,
                "f1-score": 0.9171402931498654,
                "support": 1593
            },
            "1": {
                "precision": 0.76,
                "recall": 0.4668304668304668,
                "f1-score": 0.578386605783866,
                "support": 407
            },
            "accuracy": 0.8615,
            "macro avg": {
                "precision": 0.8180000000000001,
                "recall": 0.7145828417014858,
                "f1-score": 0.7477634494668657,
                "support": 2000
            },
            "weighted avg": {
                "precision": 0.852394,
                "recall": 0.8615,
                "f1-score": 0.8482039177708846,
                "support": 2000
            },
            "roc_auc": 0.8691156487766656,
            "score": 0.8691156487766656
        }
    }
}
