{
    "program": "bin/ensemble.py",
    "single_program": "/slot/sandbox/d/in/script/0_script_unpacked/pretrains/bin/pretrain_mask_supervised___a8e00fb0e44b4b37a1a0be0093971958.py",
    "config": {
        "seeds": [
            "0",
            "1",
            "2",
            "3",
            "4"
        ]
    },
    "prediction_type": "probs",
    "metrics": {
        "train": {
            "0": {
                "precision": 0.8113357745581914,
                "recall": 1.0,
                "f1-score": 0.8958424892326623,
                "support": 5096
            },
            "1": {
                "precision": 1.0,
                "recall": 0.09125766871165644,
                "f1-score": 0.16725228390723823,
                "support": 1304
            },
            "accuracy": 0.81484375,
            "macro avg": {
                "precision": 0.9056678872790958,
                "recall": 0.5456288343558282,
                "f1-score": 0.5315473865699503,
                "support": 6400
            },
            "weighted avg": {
                "precision": 0.8497761104919599,
                "recall": 0.81484375,
                "f1-score": 0.7473922348976072,
                "support": 6400
            },
            "roc_auc": 0.8798379397771379,
            "score": 0.8798379397771379
        },
        "val": {
            "0": {
                "precision": 0.8073510773130546,
                "recall": 1.0,
                "f1-score": 0.8934081346423562,
                "support": 1274
            },
            "1": {
                "precision": 1.0,
                "recall": 0.06748466257668712,
                "f1-score": 0.1264367816091954,
                "support": 326
            },
            "accuracy": 0.81,
            "macro avg": {
                "precision": 0.9036755386565273,
                "recall": 0.5337423312883436,
                "f1-score": 0.5099224581257759,
                "support": 1600
            },
            "weighted avg": {
                "precision": 0.8466032953105197,
                "recall": 0.81,
                "f1-score": 0.7371377214618496,
                "support": 1600
            },
            "roc_auc": 0.8775787096339245,
            "score": 0.8775787096339245
        },
        "test": {
            "0": {
                "precision": 0.8094512195121951,
                "recall": 1.0,
                "f1-score": 0.8946925021061499,
                "support": 1593
            },
            "1": {
                "precision": 1.0,
                "recall": 0.07862407862407862,
                "f1-score": 0.14578587699316628,
                "support": 407
            },
            "accuracy": 0.8125,
            "macro avg": {
                "precision": 0.9047256097560976,
                "recall": 0.5393120393120393,
                "f1-score": 0.5202391895496581,
                "support": 2000
            },
            "weighted avg": {
                "precision": 0.8482278963414634,
                "recall": 0.8125,
                "f1-score": 0.7422900038956577,
                "support": 2000
            },
            "roc_auc": 0.8642139828580506,
            "score": 0.8642139828580506
        }
    }
}
