{
    "program": "bin/ensemble.py",
    "single_program": "/slot/sandbox/d/in/script/0_script_unpacked/pretrains/bin/pretrain_mask_pretrain_es___5cbc489ef20546a29c10e63012b184ee.py",
    "config": {
        "seeds": [
            "5",
            "6",
            "7",
            "8",
            "9"
        ]
    },
    "prediction_type": "probs",
    "metrics": {
        "train": {
            "0": {
                "precision": 0.9886325816686512,
                "recall": 0.9859564236085501,
                "f1-score": 0.9872926891417303,
                "support": 135578
            },
            "1": {
                "precision": 0.9898181377169917,
                "recall": 0.9903040063536886,
                "f1-score": 0.9900610124258021,
                "support": 181312
            },
            "2": {
                "precision": 0.9940846551573044,
                "recall": 0.9914780176557993,
                "f1-score": 0.9927796254157185,
                "support": 22882
            },
            "3": {
                "precision": 0.9757746478873239,
                "recall": 0.984650369528141,
                "f1-score": 0.980192416525184,
                "support": 1759
            },
            "4": {
                "precision": 0.9583400096138439,
                "recall": 0.9845267489711934,
                "f1-score": 0.9712569015914257,
                "support": 6075
            },
            "5": {
                "precision": 0.984195017412269,
                "recall": 0.9916329284750337,
                "f1-score": 0.9878999731110514,
                "support": 11115
            },
            "6": {
                "precision": 0.9845431125928171,
                "recall": 0.9899436233429834,
                "f1-score": 0.9872359823734995,
                "support": 13126
            },
            "accuracy": 0.9886969640739336,
            "macro avg": {
                "precision": 0.9821983088641716,
                "recall": 0.9883560168479129,
                "f1-score": 0.9852455143692017,
                "support": 371847
            },
            "weighted avg": {
                "precision": 0.9887134307954445,
                "recall": 0.9886969640739336,
                "f1-score": 0.9887007444614764,
                "support": 371847
            },
            "score": 0.9886969640739336
        },
        "val": {
            "0": {
                "precision": 0.9671072127066912,
                "recall": 0.9628842863043606,
                "f1-score": 0.9649911295091662,
                "support": 33894
            },
            "1": {
                "precision": 0.9710148122024335,
                "recall": 0.9718716907871514,
                "f1-score": 0.9714430625385906,
                "support": 45328
            },
            "2": {
                "precision": 0.971353711790393,
                "recall": 0.9720328613878693,
                "f1-score": 0.9716931679189237,
                "support": 5721
            },
            "3": {
                "precision": 0.9193548387096774,
                "recall": 0.908883826879271,
                "f1-score": 0.9140893470790377,
                "support": 439
            },
            "4": {
                "precision": 0.8856775850995504,
                "recall": 0.9078341013824884,
                "f1-score": 0.8966189856957087,
                "support": 1519
            },
            "5": {
                "precision": 0.9446022727272727,
                "recall": 0.9571788413098237,
                "f1-score": 0.9508489722966935,
                "support": 2779
            },
            "6": {
                "precision": 0.9598914354644149,
                "recall": 0.9698354661791591,
                "f1-score": 0.964837829645347,
                "support": 3282
            },
            "accuracy": 0.9667498547793723,
            "macro avg": {
                "precision": 0.9455716955286333,
                "recall": 0.950074439175732,
                "f1-score": 0.947788927811924,
                "support": 92962
            },
            "weighted avg": {
                "precision": 0.966790304567548,
                "recall": 0.9667498547793723,
                "f1-score": 0.9667637702453162,
                "support": 92962
            },
            "score": 0.9667498547793723
        },
        "test": {
            "0": {
                "precision": 0.9677534084173088,
                "recall": 0.9633449773413897,
                "f1-score": 0.9655441609595118,
                "support": 42368
            },
            "1": {
                "precision": 0.9707660046873072,
                "recall": 0.9722736979580311,
                "f1-score": 0.9715192663786262,
                "support": 56661
            },
            "2": {
                "precision": 0.9696842693489801,
                "recall": 0.9706334778352678,
                "f1-score": 0.9701586414144944,
                "support": 7151
            },
            "3": {
                "precision": 0.9122486288848263,
                "recall": 0.9089253187613844,
                "f1-score": 0.9105839416058393,
                "support": 549
            },
            "4": {
                "precision": 0.88259526261586,
                "recall": 0.9025803054239073,
                "f1-score": 0.8924759177297578,
                "support": 1899
            },
            "5": {
                "precision": 0.9448413832523578,
                "recall": 0.9519147710912755,
                "f1-score": 0.9483648881239243,
                "support": 3473
            },
            "6": {
                "precision": 0.9622550205661747,
                "recall": 0.969527059970746,
                "f1-score": 0.9658773527625987,
                "support": 4102
            },
            "accuracy": 0.9667736633305508,
            "macro avg": {
                "precision": 0.9443062825389736,
                "recall": 0.9484570869117145,
                "f1-score": 0.9463605955678218,
                "support": 116203
            },
            "weighted avg": {
                "precision": 0.9668084156939992,
                "recall": 0.9667736633305508,
                "f1-score": 0.9667861855353473,
                "support": 116203
            },
            "score": 0.9667736633305508
        }
    }
}
