{
    "program": "bin/ensemble.py",
    "single_program": "/slot/sandbox/d/in/script/0_script_unpacked/pretrains/bin/pretrain_contrastive___0afc615bf62648d2b33093008f3b01bb.py",
    "config": {
        "seeds": [
            "0",
            "1",
            "2",
            "3",
            "4"
        ]
    },
    "prediction_type": "probs",
    "metrics": {
        "train": {
            "0": {
                "precision": 0.9652509652509652,
                "recall": 0.9977194982896237,
                "f1-score": 0.9812167087188114,
                "support": 1754
            },
            "1": {
                "precision": 0.9888535031847133,
                "recall": 0.9733542319749217,
                "f1-score": 0.9810426540284359,
                "support": 638
            },
            "2": {
                "precision": 0.9992378048780488,
                "recall": 0.9769001490312966,
                "f1-score": 0.9879427279577997,
                "support": 1342
            },
            "3": {
                "precision": 1.0,
                "recall": 0.9870689655172413,
                "f1-score": 0.9934924078091106,
                "support": 696
            },
            "4": {
                "precision": 0.9978700745473909,
                "recall": 0.9925847457627118,
                "f1-score": 0.9952203929899096,
                "support": 1888
            },
            "accuracy": 0.9881291547958214,
            "macro avg": {
                "precision": 0.9902424695722237,
                "recall": 0.9855255181151591,
                "f1-score": 0.9877829783008135,
                "support": 6318
            },
            "weighted avg": {
                "precision": 0.9884290223130509,
                "recall": 0.9881291547958214,
                "f1-score": 0.9881648115040195,
                "support": 6318
            },
            "score": 0.9881291547958214
        },
        "val": {
            "0": {
                "precision": 0.7515151515151515,
                "recall": 0.8473804100227791,
                "f1-score": 0.7965738758029978,
                "support": 439
            },
            "1": {
                "precision": 0.6853146853146853,
                "recall": 0.6125,
                "f1-score": 0.6468646864686469,
                "support": 160
            },
            "2": {
                "precision": 0.7125,
                "recall": 0.6805970149253732,
                "f1-score": 0.6961832061068702,
                "support": 335
            },
            "3": {
                "precision": 0.6381578947368421,
                "recall": 0.5574712643678161,
                "f1-score": 0.5950920245398774,
                "support": 174
            },
            "4": {
                "precision": 0.7595744680851064,
                "recall": 0.7563559322033898,
                "f1-score": 0.7579617834394906,
                "support": 472
            },
            "accuracy": 0.7291139240506329,
            "macro avg": {
                "precision": 0.7094124399303571,
                "recall": 0.6908609243038717,
                "f1-score": 0.6985351152715766,
                "support": 1580
            },
            "weighted avg": {
                "precision": 0.7264630530290392,
                "recall": 0.7291139240506329,
                "f1-score": 0.7264048287415692,
                "support": 1580
            },
            "score": 0.7291139240506329
        },
        "test": {
            "0": {
                "precision": 0.7727272727272727,
                "recall": 0.8375912408759124,
                "f1-score": 0.8038528896672504,
                "support": 548
            },
            "1": {
                "precision": 0.6595744680851063,
                "recall": 0.62,
                "f1-score": 0.6391752577319586,
                "support": 200
            },
            "2": {
                "precision": 0.6768447837150128,
                "recall": 0.6333333333333333,
                "f1-score": 0.6543665436654366,
                "support": 420
            },
            "3": {
                "precision": 0.6416184971098265,
                "recall": 0.511520737327189,
                "f1-score": 0.5692307692307692,
                "support": 217
            },
            "4": {
                "precision": 0.7192982456140351,
                "recall": 0.764406779661017,
                "f1-score": 0.741166803615448,
                "support": 590
            },
            "accuracy": 0.7144303797468354,
            "macro avg": {
                "precision": 0.6940126534502506,
                "recall": 0.6733704182394904,
                "f1-score": 0.6815584527821725,
                "support": 1975
            },
            "weighted avg": {
                "precision": 0.710512114945309,
                "recall": 0.7144303797468354,
                "f1-score": 0.7108819617618833,
                "support": 1975
            },
            "score": 0.7144303797468354
        }
    }
}
