{
    "program": "bin/ensemble.py",
    "single_program": "/slot/sandbox/d/in/script/0_script_unpacked/pretrains/bin/pretrain_supervised_contrastive___98a30e741ea740c6855d9d15f3970db3.py",
    "config": {
        "seeds": [
            "10",
            "11",
            "12",
            "13",
            "14"
        ]
    },
    "prediction_type": "probs",
    "metrics": {
        "train": {
            "0": {
                "precision": 0.862708719851577,
                "recall": 0.7530364372469636,
                "f1-score": 0.8041504539559015,
                "support": 1235
            },
            "1": {
                "precision": 0.7911270563528177,
                "recall": 0.8762357045939135,
                "f1-score": 0.831509243079187,
                "support": 10318
            },
            "2": {
                "precision": 0.6897068264498181,
                "recall": 0.6292463881296368,
                "f1-score": 0.6580908626850434,
                "support": 5122
            },
            "3": {
                "precision": 0.8487115544472152,
                "recall": 0.5929152148664344,
                "f1-score": 0.6981196581196583,
                "support": 1722
            },
            "4": {
                "precision": 0.9783722253841776,
                "recall": 0.9806046776953794,
                "f1-score": 0.9794871794871794,
                "support": 1753
            },
            "5": {
                "precision": 0.9742768823139766,
                "recall": 0.9755693124032722,
                "f1-score": 0.9749226690234202,
                "support": 9046
            },
            "6": {
                "precision": 0.8523566155593413,
                "recall": 0.8260869565217391,
                "f1-score": 0.8390162101732812,
                "support": 1817
            },
            "7": {
                "precision": 0.9554292002934703,
                "recall": 0.9616023629315119,
                "f1-score": 0.9585058423037998,
                "support": 5417
            },
            "8": {
                "precision": 0.9232215606392981,
                "recall": 0.9290444654683065,
                "f1-score": 0.9261238604212512,
                "support": 3171
            },
            "accuracy": 0.8690437110173985,
            "macro avg": {
                "precision": 0.8751011823657435,
                "recall": 0.8360379466507953,
                "f1-score": 0.8522139976943025,
                "support": 39601
            },
            "weighted avg": {
                "precision": 0.8687325220084873,
                "recall": 0.8690437110173985,
                "f1-score": 0.8670283700752163,
                "support": 39601
            },
            "logloss": 0.3372005152536512,
            "score": -0.3372005152536512
        },
        "val": {
            "0": {
                "precision": 0.668,
                "recall": 0.5422077922077922,
                "f1-score": 0.5985663082437276,
                "support": 308
            },
            "1": {
                "precision": 0.7481789802289281,
                "recall": 0.836046511627907,
                "f1-score": 0.7896760021965952,
                "support": 2580
            },
            "2": {
                "precision": 0.6129310344827587,
                "recall": 0.5550351288056206,
                "f1-score": 0.582548136009832,
                "support": 1281
            },
            "3": {
                "precision": 0.7366666666666667,
                "recall": 0.5127610208816705,
                "f1-score": 0.6046511627906976,
                "support": 431
            },
            "4": {
                "precision": 0.9747126436781609,
                "recall": 0.9680365296803652,
                "f1-score": 0.9713631156930125,
                "support": 438
            },
            "5": {
                "precision": 0.9499776686020545,
                "recall": 0.9403183023872679,
                "f1-score": 0.9451233059320151,
                "support": 2262
            },
            "6": {
                "precision": 0.7325842696629213,
                "recall": 0.7180616740088106,
                "f1-score": 0.7252502780867629,
                "support": 454
            },
            "7": {
                "precision": 0.9236363636363636,
                "recall": 0.9379615952732644,
                "f1-score": 0.9307438622205936,
                "support": 1354
            },
            "8": {
                "precision": 0.855036855036855,
                "recall": 0.8776796973518285,
                "f1-score": 0.8662103298070939,
                "support": 793
            },
            "accuracy": 0.817998182001818,
            "macro avg": {
                "precision": 0.8001916091105232,
                "recall": 0.7653453613582807,
                "f1-score": 0.7793480556644812,
                "support": 9901
            },
            "weighted avg": {
                "precision": 0.8156477631188862,
                "recall": 0.817998182001818,
                "f1-score": 0.8148967671876101,
                "support": 9901
            },
            "logloss": 0.4711680638894159,
            "score": -0.4711680638894159
        },
        "test": {
            "0": {
                "precision": 0.7114093959731543,
                "recall": 0.5492227979274611,
                "f1-score": 0.6198830409356726,
                "support": 386
            },
            "1": {
                "precision": 0.7516685205784205,
                "recall": 0.8383995037220844,
                "f1-score": 0.7926686217008799,
                "support": 3224
            },
            "2": {
                "precision": 0.6059322033898306,
                "recall": 0.5359150530918176,
                "f1-score": 0.5687769307258866,
                "support": 1601
            },
            "3": {
                "precision": 0.7168367346938775,
                "recall": 0.5223048327137546,
                "f1-score": 0.6043010752688173,
                "support": 538
            },
            "4": {
                "precision": 0.9743589743589743,
                "recall": 0.9708029197080292,
                "f1-score": 0.9725776965265082,
                "support": 548
            },
            "5": {
                "precision": 0.9540761836952653,
                "recall": 0.948001414927485,
                "f1-score": 0.951029098651526,
                "support": 2827
            },
            "6": {
                "precision": 0.7396768402154399,
                "recall": 0.7253521126760564,
                "f1-score": 0.7324444444444445,
                "support": 568
            },
            "7": {
                "precision": 0.9185573007562536,
                "recall": 0.932663910218547,
                "f1-score": 0.925556858147714,
                "support": 1693
            },
            "8": {
                "precision": 0.8561840843720039,
                "recall": 0.9011099899091827,
                "f1-score": 0.8780727630285153,
                "support": 991
            },
            "accuracy": 0.8201357466063348,
            "macro avg": {
                "precision": 0.8031889153370244,
                "recall": 0.7693080594327132,
                "f1-score": 0.7828122810477738,
                "support": 12376
            },
            "weighted avg": {
                "precision": 0.8167900315427832,
                "recall": 0.8201357466063348,
                "f1-score": 0.8165208862141038,
                "support": 12376
            },
            "logloss": 0.4646821795101041,
            "score": -0.4646821795101041
        }
    }
}
