{
    "program": "bin/ensemble.py",
    "single_program": "/slot/sandbox/d/in/script/0_script_unpacked/pretrains/bin/pretrain_mask_supervised___c5d431054f9e4a49a363cdf2d3d50606.py",
    "config": {
        "seeds": [
            "5",
            "6",
            "7",
            "8",
            "9"
        ]
    },
    "prediction_type": "probs",
    "metrics": {
        "train": {
            "0": {
                "precision": 0.9000334816090305,
                "recall": 0.9515549936788875,
                "f1-score": 0.9250774298215428,
                "support": 19775
            },
            "1": {
                "precision": 0.8136549309472865,
                "recall": 0.6668260800255061,
                "f1-score": 0.7329595233923252,
                "support": 6273
            },
            "accuracy": 0.882985257985258,
            "macro avg": {
                "precision": 0.8568442062781585,
                "recall": 0.8091905368521968,
                "f1-score": 0.829018476606934,
                "support": 26048
            },
            "weighted avg": {
                "precision": 0.8792313989807627,
                "recall": 0.882985257985258,
                "f1-score": 0.8788107058108517,
                "support": 26048
            },
            "roc_auc": 0.9389747201852178,
            "score": 0.9389747201852178
        },
        "val": {
            "0": {
                "precision": 0.8902020587113991,
                "recall": 0.9443882709807887,
                "f1-score": 0.9164949465214405,
                "support": 4945
            },
            "1": {
                "precision": 0.7829518547750592,
                "recall": 0.6326530612244898,
                "f1-score": 0.6998236331569665,
                "support": 1568
            },
            "accuracy": 0.8693382465837556,
            "macro avg": {
                "precision": 0.8365769567432292,
                "recall": 0.7885206661026393,
                "f1-score": 0.8081592898392035,
                "support": 6513
            },
            "weighted avg": {
                "precision": 0.8643816503324369,
                "recall": 0.8693382465837556,
                "f1-score": 0.864331485849631,
                "support": 6513
            },
            "roc_auc": 0.930819176760694,
            "score": 0.930819176760694
        },
        "test": {
            "0": {
                "precision": 0.8941453413319158,
                "recall": 0.9469240048250904,
                "f1-score": 0.9197781596625526,
                "support": 12435
            },
            "1": {
                "precision": 0.787917737789203,
                "recall": 0.6375455018200729,
                "f1-score": 0.7048002299511353,
                "support": 3846
            },
            "accuracy": 0.8738406731773233,
            "macro avg": {
                "precision": 0.8410315395605594,
                "recall": 0.7922347533225816,
                "f1-score": 0.812289194806844,
                "support": 16281
            },
            "weighted avg": {
                "precision": 0.8690515901357194,
                "recall": 0.8738406731773233,
                "f1-score": 0.8689947238987722,
                "support": 16281
            },
            "roc_auc": 0.926388567404377,
            "score": 0.926388567404377
        }
    }
}
