{
    "program": "bin/ensemble.py",
    "single_program": "/slot/sandbox/d/in/script/0_script_unpacked/pretrains/bin/pretrain_mask_fast___e86a45a0fdf947489e6c113320f03e11.py",
    "config": {
        "seeds": [
            "10",
            "11",
            "12",
            "13",
            "14"
        ]
    },
    "prediction_type": null,
    "metrics": {
        "train": {
            "rmse": 0.7128228516622903,
            "score": -0.7128228516622903
        },
        "val": {
            "rmse": 0.7428555118055333,
            "score": -0.7428555118055333
        },
        "test": {
            "rmse": 0.7455279357191186,
            "score": -0.7455279357191186
        }
    }
}
