{
    "program": "bin/ensemble.py",
    "single_program": "/slot/sandbox/d/in/script/0_script_unpacked/pretrains/bin/pretrain_ae_supervised___8c8890798e4640389b38eb444d170ebb.py",
    "config": {
        "seeds": [
            "0",
            "1",
            "2",
            "3",
            "4"
        ]
    },
    "prediction_type": "probs",
    "metrics": {
        "train": {
            "0": {
                "precision": 0.8889925373134329,
                "recall": 0.7716599190283401,
                "f1-score": 0.8261811876896401,
                "support": 1235
            },
            "1": {
                "precision": 0.786049747782223,
                "recall": 0.8759449505718162,
                "f1-score": 0.8285661899523286,
                "support": 10318
            },
            "2": {
                "precision": 0.6931321084864392,
                "recall": 0.6187036313939868,
                "f1-score": 0.6538064782339592,
                "support": 5122
            },
            "3": {
                "precision": 0.8517049960348929,
                "recall": 0.6236933797909407,
                "f1-score": 0.7200804559168622,
                "support": 1722
            },
            "4": {
                "precision": 0.9746192893401016,
                "recall": 0.9857387335995437,
                "f1-score": 0.9801474758933637,
                "support": 1753
            },
            "5": {
                "precision": 0.9747184809008611,
                "recall": 0.9760114967941632,
                "f1-score": 0.9753645603181617,
                "support": 9046
            },
            "6": {
                "precision": 0.8731257208765859,
                "recall": 0.833241607044579,
                "f1-score": 0.8527175443537032,
                "support": 1817
            },
            "7": {
                "precision": 0.9556083302886372,
                "recall": 0.965663651467602,
                "f1-score": 0.960609677715545,
                "support": 5417
            },
            "8": {
                "precision": 0.934156378600823,
                "recall": 0.9306212551245664,
                "f1-score": 0.9323854660347551,
                "support": 3171
            },
            "accuracy": 0.8708618469230575,
            "macro avg": {
                "precision": 0.8813452877359996,
                "recall": 0.8423642916461709,
                "f1-score": 0.8588732262342575,
                "support": 39601
            },
            "weighted avg": {
                "precision": 0.8705902975437639,
                "recall": 0.8708618469230575,
                "f1-score": 0.8688974039614948,
                "support": 39601
            },
            "logloss": 0.323188492244295,
            "score": -0.323188492244295
        },
        "val": {
            "0": {
                "precision": 0.7016806722689075,
                "recall": 0.5422077922077922,
                "f1-score": 0.6117216117216117,
                "support": 308
            },
            "1": {
                "precision": 0.7508638562543193,
                "recall": 0.8422480620155038,
                "f1-score": 0.7939349652904639,
                "support": 2580
            },
            "2": {
                "precision": 0.6315331010452961,
                "recall": 0.5659640905542545,
                "f1-score": 0.5969534787978591,
                "support": 1281
            },
            "3": {
                "precision": 0.7633333333333333,
                "recall": 0.531322505800464,
                "f1-score": 0.6265389876880986,
                "support": 431
            },
            "4": {
                "precision": 0.9724137931034482,
                "recall": 0.9657534246575342,
                "f1-score": 0.9690721649484535,
                "support": 438
            },
            "5": {
                "precision": 0.95,
                "recall": 0.9407603890362511,
                "f1-score": 0.9453576188360728,
                "support": 2262
            },
            "6": {
                "precision": 0.751131221719457,
                "recall": 0.7312775330396476,
                "f1-score": 0.7410714285714286,
                "support": 454
            },
            "7": {
                "precision": 0.9179856115107914,
                "recall": 0.9423929098966026,
                "f1-score": 0.9300291545189504,
                "support": 1354
            },
            "8": {
                "precision": 0.8587223587223587,
                "recall": 0.8814627994955864,
                "f1-score": 0.8699439950217797,
                "support": 793
            },
            "accuracy": 0.8233511766488234,
            "macro avg": {
                "precision": 0.8108515497731013,
                "recall": 0.7714877229670707,
                "f1-score": 0.7871803783771909,
                "support": 9901
            },
            "weighted avg": {
                "precision": 0.8212389788701187,
                "recall": 0.8233511766488234,
                "f1-score": 0.820111323178493,
                "support": 9901
            },
            "logloss": 0.4506233990637221,
            "score": -0.4506233990637221
        },
        "test": {
            "0": {
                "precision": 0.711864406779661,
                "recall": 0.5440414507772021,
                "f1-score": 0.6167400881057269,
                "support": 386
            },
            "1": {
                "precision": 0.7533980582524272,
                "recall": 0.8424317617866005,
                "f1-score": 0.7954312490847855,
                "support": 3224
            },
            "2": {
                "precision": 0.6066150598170302,
                "recall": 0.5384134915677702,
                "f1-score": 0.5704831237590999,
                "support": 1601
            },
            "3": {
                "precision": 0.739240506329114,
                "recall": 0.5427509293680297,
                "f1-score": 0.6259378349410503,
                "support": 538
            },
            "4": {
                "precision": 0.9762340036563071,
                "recall": 0.9744525547445255,
                "f1-score": 0.9753424657534246,
                "support": 548
            },
            "5": {
                "precision": 0.9521446295639844,
                "recall": 0.9501238061549345,
                "f1-score": 0.9511331444759207,
                "support": 2827
            },
            "6": {
                "precision": 0.7595419847328244,
                "recall": 0.7007042253521126,
                "f1-score": 0.7289377289377288,
                "support": 568
            },
            "7": {
                "precision": 0.9139908256880734,
                "recall": 0.941523922031896,
                "f1-score": 0.9275530986325284,
                "support": 1693
            },
            "8": {
                "precision": 0.8671875,
                "recall": 0.8960645812310797,
                "f1-score": 0.8813895781637717,
                "support": 991
            },
            "accuracy": 0.8225597931480284,
            "macro avg": {
                "precision": 0.8089129972021579,
                "recall": 0.7700563025571279,
                "f1-score": 0.7858831457615596,
                "support": 12376
            },
            "weighted avg": {
                "precision": 0.8191269661840737,
                "recall": 0.8225597931480284,
                "f1-score": 0.8188277493570513,
                "support": 12376
            },
            "logloss": 0.44916119061896775,
            "score": -0.44916119061896775
        }
    }
}
