{
    "program": "bin/ensemble.py",
    "single_program": "/slot/sandbox/d/in/script/0_script_unpacked/pretrains/bin/pretrain_mask_supervised___04cac639803e446394e10b5218fdc2e0.py",
    "config": {
        "seeds": [
            "0",
            "1",
            "2",
            "3",
            "4"
        ]
    },
    "prediction_type": null,
    "metrics": {
        "train": {
            "rmse": 0.30474372626012075,
            "score": -0.30474372626012075
        },
        "val": {
            "rmse": 0.4200531076026809,
            "score": -0.4200531076026809
        },
        "test": {
            "rmse": 0.4216486112934463,
            "score": -0.4216486112934463
        }
    }
}
