{
    "program": "bin/ensemble.py",
    "single_program": "/slot/sandbox/d/in/script/0_script_unpacked/pretrains/bin/pretrain_supervised_contrastive___6059585be3cc4fccadeadd0ea6146de6.py",
    "config": {
        "seeds": [
            "10",
            "11",
            "12",
            "13",
            "14"
        ]
    },
    "prediction_type": "probs",
    "metrics": {
        "train": {
            "0": {
                "precision": 0.942733657482442,
                "recall": 0.9948688711516533,
                "f1-score": 0.9680998613037449,
                "support": 1754
            },
            "1": {
                "precision": 0.9845890410958904,
                "recall": 0.9012539184952978,
                "f1-score": 0.9410801963993454,
                "support": 638
            },
            "2": {
                "precision": 0.9984756097560976,
                "recall": 0.9761549925484352,
                "f1-score": 0.987189148455162,
                "support": 1342
            },
            "3": {
                "precision": 0.9970674486803519,
                "recall": 0.9770114942528736,
                "f1-score": 0.9869375907111756,
                "support": 696
            },
            "4": {
                "precision": 0.9931180518793012,
                "recall": 0.9936440677966102,
                "f1-score": 0.9933809902038655,
                "support": 1888
            },
            "accuracy": 0.9791073124406457,
            "macro avg": {
                "precision": 0.9831967617788167,
                "recall": 0.9685866688489739,
                "f1-score": 0.9753375574146587,
                "support": 6318
            },
            "weighted avg": {
                "precision": 0.979842155423506,
                "recall": 0.9791073124406457,
                "f1-score": 0.9790560354378371,
                "support": 6318
            },
            "score": 0.9791073124406457
        },
        "val": {
            "0": {
                "precision": 0.7594142259414226,
                "recall": 0.826879271070615,
                "f1-score": 0.7917121046892038,
                "support": 439
            },
            "1": {
                "precision": 0.636986301369863,
                "recall": 0.58125,
                "f1-score": 0.607843137254902,
                "support": 160
            },
            "2": {
                "precision": 0.7165605095541401,
                "recall": 0.6716417910447762,
                "f1-score": 0.6933744221879816,
                "support": 335
            },
            "3": {
                "precision": 0.6305732484076433,
                "recall": 0.5689655172413793,
                "f1-score": 0.5981873111782477,
                "support": 174
            },
            "4": {
                "precision": 0.7422680412371134,
                "recall": 0.7627118644067796,
                "f1-score": 0.7523510971786834,
                "support": 472
            },
            "accuracy": 0.7215189873417721,
            "macro avg": {
                "precision": 0.6971604653020365,
                "recall": 0.6822896887527101,
                "f1-score": 0.6886936144978038,
                "support": 1580
            },
            "weighted avg": {
                "precision": 0.7186194207562957,
                "recall": 0.7215189873417721,
                "f1-score": 0.7191716818770079,
                "support": 1580
            },
            "score": 0.7215189873417721
        },
        "test": {
            "0": {
                "precision": 0.765625,
                "recall": 0.8047445255474452,
                "f1-score": 0.7846975088967971,
                "support": 548
            },
            "1": {
                "precision": 0.5396039603960396,
                "recall": 0.545,
                "f1-score": 0.5422885572139304,
                "support": 200
            },
            "2": {
                "precision": 0.6788511749347258,
                "recall": 0.6190476190476191,
                "f1-score": 0.6475716064757161,
                "support": 420
            },
            "3": {
                "precision": 0.5882352941176471,
                "recall": 0.5069124423963134,
                "f1-score": 0.5445544554455446,
                "support": 217
            },
            "4": {
                "precision": 0.6874003189792663,
                "recall": 0.7305084745762712,
                "f1-score": 0.7082990961380444,
                "support": 590
            },
            "accuracy": 0.6840506329113925,
            "macro avg": {
                "precision": 0.6519431496855358,
                "recall": 0.6412426123135297,
                "f1-score": 0.6454822448340065,
                "support": 1975
            },
            "weighted avg": {
                "precision": 0.6814248266192857,
                "recall": 0.6840506329113925,
                "f1-score": 0.6817806605524865,
                "support": 1975
            },
            "score": 0.6840506329113925
        }
    }
}
