{
    "program": "bin/ensemble.py",
    "single_program": "/slot/sandbox/d/in/script/0_script_unpacked/pretrains/bin/pretrain_mask_fast___0dcd2fe0ecbe4394892c91e21eed73d2.py",
    "config": {
        "seeds": [
            "0",
            "1",
            "2",
            "3",
            "4"
        ]
    },
    "prediction_type": "probs",
    "metrics": {
        "train": {
            "0": {
                "precision": 0.9978684171706741,
                "recall": 0.9978831373821712,
                "f1-score": 0.9978757772221362,
                "support": 135578
            },
            "1": {
                "precision": 0.9985705612892544,
                "recall": 0.9978986498411578,
                "f1-score": 0.9982344924993518,
                "support": 181312
            },
            "2": {
                "precision": 0.9988636860277086,
                "recall": 0.9988200332138799,
                "f1-score": 0.9988418591438499,
                "support": 22882
            },
            "3": {
                "precision": 0.996031746031746,
                "recall": 0.9988629903354178,
                "f1-score": 0.9974453590689754,
                "support": 1759
            },
            "4": {
                "precision": 0.9850479440923127,
                "recall": 0.9976954732510288,
                "f1-score": 0.9913313706247956,
                "support": 6075
            },
            "5": {
                "precision": 0.9978434720100638,
                "recall": 0.9991003148897886,
                "f1-score": 0.9984714979320267,
                "support": 11115
            },
            "6": {
                "precision": 0.9965019011406844,
                "recall": 0.9983239372238306,
                "f1-score": 0.9974120870756583,
                "support": 13126
            },
            "accuracy": 0.9980018663590132,
            "macro avg": {
                "precision": 0.9958182468232062,
                "recall": 0.998369219448182,
                "f1-score": 0.9970874919381135,
                "support": 371847
            },
            "weighted avg": {
                "precision": 0.9980049025075477,
                "recall": 0.9980018663590132,
                "f1-score": 0.9980026195365632,
                "support": 371847
            },
            "score": 0.9980018663590132
        },
        "val": {
            "0": {
                "precision": 0.973853508823703,
                "recall": 0.9736236502035759,
                "f1-score": 0.9737385659486574,
                "support": 33894
            },
            "1": {
                "precision": 0.9790004199916001,
                "recall": 0.9770781856689023,
                "f1-score": 0.9780383583424427,
                "support": 45328
            },
            "2": {
                "precision": 0.9689343977785491,
                "recall": 0.9758783429470372,
                "f1-score": 0.9723939737002525,
                "support": 5721
            },
            "3": {
                "precision": 0.9193548387096774,
                "recall": 0.908883826879271,
                "f1-score": 0.9140893470790377,
                "support": 439
            },
            "4": {
                "precision": 0.9008370895041854,
                "recall": 0.9210006583278473,
                "f1-score": 0.9108072916666666,
                "support": 1519
            },
            "5": {
                "precision": 0.9505021520803444,
                "recall": 0.9535804246131702,
                "f1-score": 0.952038800071852,
                "support": 2779
            },
            "6": {
                "precision": 0.9693939393939394,
                "recall": 0.9747105423522242,
                "f1-score": 0.972044971133394,
                "support": 3282
            },
            "accuracy": 0.9737204449129752,
            "macro avg": {
                "precision": 0.9516966208974285,
                "recall": 0.9549650901417184,
                "f1-score": 0.9533073297060434,
                "support": 92962
            },
            "weighted avg": {
                "precision": 0.9737544400724327,
                "recall": 0.9737204449129752,
                "f1-score": 0.9737339182119363,
                "support": 92962
            },
            "score": 0.9737204449129752
        },
        "test": {
            "0": {
                "precision": 0.9732782043709391,
                "recall": 0.9722904078549849,
                "f1-score": 0.9727840553528627,
                "support": 42368
            },
            "1": {
                "precision": 0.9772530597107183,
                "recall": 0.9765976597659766,
                "f1-score": 0.9769252498146253,
                "support": 56661
            },
            "2": {
                "precision": 0.9675270607826811,
                "recall": 0.9749685358691093,
                "f1-score": 0.9712335446123842,
                "support": 7151
            },
            "3": {
                "precision": 0.9183673469387755,
                "recall": 0.9016393442622951,
                "f1-score": 0.9099264705882353,
                "support": 549
            },
            "4": {
                "precision": 0.9046378322042731,
                "recall": 0.9141653501843076,
                "f1-score": 0.9093766369827134,
                "support": 1899
            },
            "5": {
                "precision": 0.9530394698934025,
                "recall": 0.9524906420961704,
                "f1-score": 0.9527649769585254,
                "support": 3473
            },
            "6": {
                "precision": 0.970873786407767,
                "recall": 0.9751340809361287,
                "f1-score": 0.9729992702505473,
                "support": 4102
            },
            "accuracy": 0.9727803929330568,
            "macro avg": {
                "precision": 0.9521395371869367,
                "recall": 0.952469431566996,
                "f1-score": 0.9522871720799849,
                "support": 116203
            },
            "weighted avg": {
                "precision": 0.9727915273988077,
                "recall": 0.9727803929330568,
                "f1-score": 0.9727839999998927,
                "support": 116203
            },
            "score": 0.9727803929330568
        }
    }
}
