{
    "program": "bin/ensemble.py",
    "single_program": "/slot/sandbox/d/in/script/0_script_unpacked/pretrains/bin/pretrain_ae___eddc178d1d994f2692071f2cacb6292c.py",
    "config": {
        "seeds": [
            "5",
            "6",
            "7",
            "8",
            "9"
        ]
    },
    "prediction_type": "probs",
    "metrics": {
        "train": {
            "0": {
                "precision": 0.8885793871866295,
                "recall": 0.7748987854251013,
                "f1-score": 0.8278546712802769,
                "support": 1235
            },
            "1": {
                "precision": 0.7888009738283628,
                "recall": 0.8792401628222524,
                "f1-score": 0.8315688161693937,
                "support": 10318
            },
            "2": {
                "precision": 0.69609392639422,
                "recall": 0.6019133151112847,
                "f1-score": 0.6455868495445504,
                "support": 5122
            },
            "3": {
                "precision": 0.8261538461538461,
                "recall": 0.6236933797909407,
                "f1-score": 0.7107875579086697,
                "support": 1722
            },
            "4": {
                "precision": 0.9812606473594548,
                "recall": 0.9857387335995437,
                "f1-score": 0.983494593056346,
                "support": 1753
            },
            "5": {
                "precision": 0.9724031350038636,
                "recall": 0.9738005748397082,
                "f1-score": 0.9731013532173434,
                "support": 9046
            },
            "6": {
                "precision": 0.8481012658227848,
                "recall": 0.8481012658227848,
                "f1-score": 0.8481012658227848,
                "support": 1817
            },
            "7": {
                "precision": 0.955068493150685,
                "recall": 0.9652944434188665,
                "f1-score": 0.9601542416452442,
                "support": 5417
            },
            "8": {
                "precision": 0.9283469516027656,
                "recall": 0.9315673289183223,
                "f1-score": 0.929954352274516,
                "support": 3171
            },
            "accuracy": 0.8698517714199137,
            "macro avg": {
                "precision": 0.8760898473891792,
                "recall": 0.8426942210832005,
                "f1-score": 0.8567337445465694,
                "support": 39601
            },
            "weighted avg": {
                "precision": 0.8686441476275942,
                "recall": 0.8698517714199137,
                "f1-score": 0.8674271160637232,
                "support": 39601
            },
            "logloss": 0.3323553907093004,
            "score": -0.3323553907093004
        },
        "val": {
            "0": {
                "precision": 0.6680497925311203,
                "recall": 0.5227272727272727,
                "f1-score": 0.5865209471766848,
                "support": 308
            },
            "1": {
                "precision": 0.7459938629389703,
                "recall": 0.8480620155038759,
                "f1-score": 0.7937602031561762,
                "support": 2580
            },
            "2": {
                "precision": 0.62756052141527,
                "recall": 0.5261514441842311,
                "f1-score": 0.5723991507430997,
                "support": 1281
            },
            "3": {
                "precision": 0.740506329113924,
                "recall": 0.54292343387471,
                "f1-score": 0.6265060240963856,
                "support": 431
            },
            "4": {
                "precision": 0.9746543778801844,
                "recall": 0.9657534246575342,
                "f1-score": 0.9701834862385321,
                "support": 438
            },
            "5": {
                "precision": 0.9488206497552292,
                "recall": 0.9425287356321839,
                "f1-score": 0.9456642271013528,
                "support": 2262
            },
            "6": {
                "precision": 0.735357917570499,
                "recall": 0.7466960352422908,
                "f1-score": 0.740983606557377,
                "support": 454
            },
            "7": {
                "precision": 0.912167026637869,
                "recall": 0.9357459379615952,
                "f1-score": 0.923806051768137,
                "support": 1354
            },
            "8": {
                "precision": 0.8622828784119106,
                "recall": 0.8764186633039092,
                "f1-score": 0.8692933083176986,
                "support": 793
            },
            "accuracy": 0.8194121805878194,
            "macro avg": {
                "precision": 0.8017103729172196,
                "recall": 0.7674452181208449,
                "f1-score": 0.781013000572827,
                "support": 9901
            },
            "weighted avg": {
                "precision": 0.8160119843193986,
                "recall": 0.8194121805878194,
                "f1-score": 0.8153155820627801,
                "support": 9901
            },
            "logloss": 0.4580507941165332,
            "score": -0.4580507941165332
        },
        "test": {
            "0": {
                "precision": 0.6819672131147541,
                "recall": 0.538860103626943,
                "f1-score": 0.602026049204052,
                "support": 386
            },
            "1": {
                "precision": 0.7484190266703327,
                "recall": 0.8442928039702233,
                "f1-score": 0.7934703396006413,
                "support": 3224
            },
            "2": {
                "precision": 0.6070901033973413,
                "recall": 0.5134291068082448,
                "f1-score": 0.5563451776649746,
                "support": 1601
            },
            "3": {
                "precision": 0.7111111111111111,
                "recall": 0.5353159851301115,
                "f1-score": 0.6108165429480381,
                "support": 538
            },
            "4": {
                "precision": 0.9744990892531876,
                "recall": 0.9762773722627737,
                "f1-score": 0.97538742023701,
                "support": 548
            },
            "5": {
                "precision": 0.9526184538653366,
                "recall": 0.9458790237000354,
                "f1-score": 0.949236776712815,
                "support": 2827
            },
            "6": {
                "precision": 0.7216312056737588,
                "recall": 0.7165492957746479,
                "f1-score": 0.7190812720848055,
                "support": 568
            },
            "7": {
                "precision": 0.9109707064905227,
                "recall": 0.9367985823981099,
                "f1-score": 0.9237041351193943,
                "support": 1693
            },
            "8": {
                "precision": 0.8658777120315582,
                "recall": 0.8859737638748738,
                "f1-score": 0.8758104738154614,
                "support": 991
            },
            "accuracy": 0.8177117000646412,
            "macro avg": {
                "precision": 0.7971316246231004,
                "recall": 0.7659306708384404,
                "f1-score": 0.778430909709688,
                "support": 12376
            },
            "weighted avg": {
                "precision": 0.8135095291763774,
                "recall": 0.8177117000646412,
                "f1-score": 0.8135149059730394,
                "support": 12376
            },
            "logloss": 0.4555296933807798,
            "score": -0.4555296933807798
        }
    }
}
