{
    "program": "bin/ensemble.py",
    "single_program": "/slot/sandbox/d/in/script/0_script_unpacked/pretrains/bin/pretrain_mask_supervised___c6ab001745fc4eb68b68987562693631.py",
    "config": {
        "seeds": [
            "0",
            "1",
            "2",
            "3",
            "4"
        ]
    },
    "prediction_type": null,
    "metrics": {
        "train": {
            "rmse": 14294.437224489844,
            "score": -14294.437224489844
        },
        "val": {
            "rmse": 27649.457496239836,
            "score": -27649.457496239836
        },
        "test": {
            "rmse": 30045.958431523704,
            "score": -30045.958431523704
        }
    }
}
