{
    "program": "bin/ensemble.py",
    "single_program": "/home/irubachev/repos/pretrains/bin/finetune_ddp___3ee5e8dcf98445c3a6636f7cb260861f.py",
    "config": {
        "seeds": [
            "5",
            "6",
            "7",
            "8",
            "9"
        ]
    },
    "prediction_type": "probs",
    "metrics": {
        "train": {
            "0": {
                "precision": 0.9948392891323232,
                "recall": 0.9967177565681747,
                "f1-score": 0.9957776369504664,
                "support": 135578
            },
            "1": {
                "precision": 0.9978972996901284,
                "recall": 0.9946390751853159,
                "f1-score": 0.9962655234896363,
                "support": 181312
            },
            "2": {
                "precision": 0.9974630391041903,
                "recall": 0.9965912070623197,
                "f1-score": 0.997026932493879,
                "support": 22882
            },
            "3": {
                "precision": 0.984822934232715,
                "recall": 0.9960204661739624,
                "f1-score": 0.9903900508762012,
                "support": 1759
            },
            "4": {
                "precision": 0.9629982531364142,
                "recall": 0.9981893004115227,
                "f1-score": 0.9802780472033624,
                "support": 6075
            },
            "5": {
                "precision": 0.9920400679724533,
                "recall": 0.9979307242465137,
                "f1-score": 0.9949766774309294,
                "support": 11115
            },
            "6": {
                "precision": 0.9941551540913921,
                "recall": 0.9977906445223221,
                "f1-score": 0.9959695817490495,
                "support": 13126
            },
            "accuracy": 0.9957912797467776,
            "macro avg": {
                "precision": 0.9891737196228023,
                "recall": 0.9968398820243044,
                "f1-score": 0.9929549214562178,
                "support": 371847
            },
            "weighted avg": {
                "precision": 0.9958164229949877,
                "recall": 0.9957912797467776,
                "f1-score": 0.9957965320755113,
                "support": 371847
            },
            "score": 0.9957912797467776
        },
        "val": {
            "0": {
                "precision": 0.9720257140341092,
                "recall": 0.9769870773588246,
                "f1-score": 0.9745000809287679,
                "support": 33894
            },
            "1": {
                "precision": 0.9822668209327162,
                "recall": 0.9739454641722556,
                "f1-score": 0.9780884438142502,
                "support": 45328
            },
            "2": {
                "precision": 0.9692280945757997,
                "recall": 0.9744799860164307,
                "f1-score": 0.9718469450013074,
                "support": 5721
            },
            "3": {
                "precision": 0.909297052154195,
                "recall": 0.9134396355353075,
                "f1-score": 0.9113636363636363,
                "support": 439
            },
            "4": {
                "precision": 0.8807906114885732,
                "recall": 0.9387755102040817,
                "f1-score": 0.9088591459528362,
                "support": 1519
            },
            "5": {
                "precision": 0.9461183977313009,
                "recall": 0.9604174163368118,
                "f1-score": 0.9532142857142856,
                "support": 2779
            },
            "6": {
                "precision": 0.9665461121157324,
                "recall": 0.9771480804387569,
                "f1-score": 0.9718181818181818,
                "support": 3282
            },
            "accuracy": 0.9739355865837654,
            "macro avg": {
                "precision": 0.9466104004332038,
                "recall": 0.9593133100089241,
                "f1-score": 0.952812959941895,
                "support": 92962
            },
            "weighted avg": {
                "precision": 0.9740921414318149,
                "recall": 0.9739355865837654,
                "f1-score": 0.9739847523542711,
                "support": 92962
            },
            "score": 0.9739355865837654
        },
        "test": {
            "0": {
                "precision": 0.9721217530179905,
                "recall": 0.9769401435045317,
                "f1-score": 0.9745249923480799,
                "support": 42368
            },
            "1": {
                "precision": 0.9818446929957145,
                "recall": 0.9744974497449745,
                "f1-score": 0.9781572747081436,
                "support": 56661
            },
            "2": {
                "precision": 0.9700181285734207,
                "recall": 0.9727310865613201,
                "f1-score": 0.9713727133081972,
                "support": 7151
            },
            "3": {
                "precision": 0.9028776978417267,
                "recall": 0.9143897996357013,
                "f1-score": 0.9085972850678734,
                "support": 549
            },
            "4": {
                "precision": 0.8911189162067236,
                "recall": 0.9352290679304898,
                "f1-score": 0.9126413155190134,
                "support": 1899
            },
            "5": {
                "precision": 0.941259531205874,
                "recall": 0.9596890296573568,
                "f1-score": 0.9503849443969205,
                "support": 3473
            },
            "6": {
                "precision": 0.9706808819966077,
                "recall": 0.9765967820575329,
                "f1-score": 0.9736298456677603,
                "support": 4102
            },
            "accuracy": 0.9739851811054792,
            "macro avg": {
                "precision": 0.947131657405437,
                "recall": 0.958581908441701,
                "f1-score": 0.9527583387165698,
                "support": 116203
            },
            "weighted avg": {
                "precision": 0.9741090869163852,
                "recall": 0.9739851811054792,
                "f1-score": 0.9740262540330371,
                "support": 116203
            },
            "score": 0.9739851811054792
        }
    }
}
