{
    "program": "bin/ensemble.py",
    "single_program": "/slot/sandbox/d/in/script/0_script_unpacked/pretrains/bin/pretrain_mask___17498239f11e4a5487638c4c0354853b.py",
    "config": {
        "seeds": [
            "0",
            "1",
            "2",
            "3",
            "4"
        ]
    },
    "prediction_type": "probs",
    "metrics": {
        "train": {
            "0": {
                "precision": 0.9056005463947702,
                "recall": 0.9387104930467762,
                "f1-score": 0.9218583169865667,
                "support": 19775
            },
            "1": {
                "precision": 0.7816216216216216,
                "recall": 0.6915351506456241,
                "f1-score": 0.7338239025628014,
                "support": 6273
            },
            "accuracy": 0.8791845823095823,
            "macro avg": {
                "precision": 0.8436110840081958,
                "recall": 0.8151228218462001,
                "f1-score": 0.8278411097746841,
                "support": 26048
            },
            "weighted avg": {
                "precision": 0.8757433675287551,
                "recall": 0.8791845823095823,
                "f1-score": 0.8765749984331163,
                "support": 26048
            },
            "roc_auc": 0.9377157335342224,
            "score": 0.9377157335342224
        },
        "val": {
            "0": {
                "precision": 0.8938329430132709,
                "recall": 0.9261880687563195,
                "f1-score": 0.909722911907836,
                "support": 4945
            },
            "1": {
                "precision": 0.7372210223182145,
                "recall": 0.6530612244897959,
                "f1-score": 0.6925938451132904,
                "support": 1568
            },
            "accuracy": 0.8604329801934593,
            "macro avg": {
                "precision": 0.8155269826657428,
                "recall": 0.7896246466230576,
                "f1-score": 0.8011583785105632,
                "support": 6513
            },
            "weighted avg": {
                "precision": 0.8561287373246714,
                "recall": 0.8604329801934593,
                "f1-score": 0.8574492474315811,
                "support": 6513
            },
            "roc_auc": 0.9180080373908914,
            "score": 0.9180080373908914
        },
        "test": {
            "0": {
                "precision": 0.8925862869524841,
                "recall": 0.9275432247687978,
                "f1-score": 0.9097290688961628,
                "support": 12435
            },
            "1": {
                "precision": 0.7317654063709438,
                "recall": 0.6391055642225689,
                "f1-score": 0.6823039555863984,
                "support": 3846
            },
            "accuracy": 0.859406670351944,
            "macro avg": {
                "precision": 0.8121758466617139,
                "recall": 0.7833243944956834,
                "f1-score": 0.7960165122412806,
                "support": 16281
            },
            "weighted avg": {
                "precision": 0.8545961692252804,
                "recall": 0.859406670351944,
                "f1-score": 0.856005281303917,
                "support": 16281
            },
            "roc_auc": 0.9140071272332196,
            "score": 0.9140071272332196
        }
    }
}
