{
    "program": "bin/ensemble.py",
    "single_program": "/slot/sandbox/d/in/script/0_script_unpacked/pretrains/bin/pretrain_mask_supervised___4ea043ec0c874cc09f064092b83ffa21.py",
    "config": {
        "seeds": [
            "10",
            "11",
            "12",
            "13",
            "14"
        ]
    },
    "prediction_type": null,
    "metrics": {
        "train": {
            "rmse": 23075.451653719847,
            "score": -23075.451653719847
        },
        "val": {
            "rmse": 29237.768113525846,
            "score": -29237.768113525846
        },
        "test": {
            "rmse": 31148.02745683062,
            "score": -31148.02745683062
        }
    }
}
