{
    "program": "bin/ensemble.py",
    "single_program": "/slot/sandbox/d/in/script/0_script_unpacked/pretrains/bin/finetune___23697debe1fe477b9c4ab84f1fadaf78.py",
    "config": {
        "seeds": [
            "5",
            "6",
            "7",
            "8",
            "9"
        ]
    },
    "prediction_type": null,
    "metrics": {
        "train": {
            "rmse": 0.7029391152228401,
            "score": -0.7029391152228401
        },
        "val": {
            "rmse": 0.7406597589799072,
            "score": -0.7406597589799072
        },
        "test": {
            "rmse": 0.744822171262667,
            "score": -0.744822171262667
        }
    }
}
