{
    "program": "bin/ensemble.py",
    "single_program": "/slot/sandbox/d/in/script/0_script_unpacked/pretrains/bin/pretrain_mask___2e0dcbcdcf5f42ebb9a0890736725361.py",
    "config": {
        "seeds": [
            "5",
            "6",
            "7",
            "8",
            "9"
        ]
    },
    "prediction_type": null,
    "metrics": {
        "train": {
            "rmse": 21161.15612803134,
            "score": -21161.15612803134
        },
        "val": {
            "rmse": 26449.123349871672,
            "score": -26449.123349871672
        },
        "test": {
            "rmse": 30149.540631540105,
            "score": -30149.540631540105
        }
    }
}
