{
    "program": "bin/ensemble.py",
    "single_program": "/slot/sandbox/d/in/script/0_script_unpacked/pretrains/bin/finetune___3d4c0342d6fe4c25bbab33c1d0ac07de.py",
    "config": {
        "seeds": [
            "10",
            "11",
            "12",
            "13",
            "14"
        ]
    },
    "prediction_type": "probs",
    "metrics": {
        "train": {
            "0": {
                "precision": 0.8763837638376384,
                "recall": 0.7692307692307693,
                "f1-score": 0.8193186718413109,
                "support": 1235
            },
            "1": {
                "precision": 0.7920104211897525,
                "recall": 0.8838922271758093,
                "f1-score": 0.8354326020244583,
                "support": 10318
            },
            "2": {
                "precision": 0.7044749667700487,
                "recall": 0.6208512299882858,
                "f1-score": 0.660024906600249,
                "support": 5122
            },
            "3": {
                "precision": 0.8652892561983471,
                "recall": 0.60801393728223,
                "f1-score": 0.7141882673942702,
                "support": 1722
            },
            "4": {
                "precision": 0.9783968163729392,
                "recall": 0.9817455790074159,
                "f1-score": 0.9800683371298405,
                "support": 1753
            },
            "5": {
                "precision": 0.9748838238548352,
                "recall": 0.9740216670351537,
                "f1-score": 0.9744525547445255,
                "support": 9046
            },
            "6": {
                "precision": 0.84141689373297,
                "recall": 0.8497523390203633,
                "f1-score": 0.8455640744797371,
                "support": 1817
            },
            "7": {
                "precision": 0.9566806799488211,
                "recall": 0.9662174635407051,
                "f1-score": 0.9614254224834681,
                "support": 5417
            },
            "8": {
                "precision": 0.9281889763779527,
                "recall": 0.9293598233995585,
                "f1-score": 0.9287740308855972,
                "support": 3171
            },
            "accuracy": 0.8725537233908235,
            "macro avg": {
                "precision": 0.879747288698145,
                "recall": 0.8425650039644768,
                "f1-score": 0.8576943186203841,
                "support": 39601
            },
            "weighted avg": {
                "precision": 0.8722268636177811,
                "recall": 0.8725537233908235,
                "f1-score": 0.8703028562293942,
                "support": 39601
            },
            "logloss": 0.33151372524322886,
            "score": -0.33151372524322886
        },
        "val": {
            "0": {
                "precision": 0.6919831223628692,
                "recall": 0.5324675324675324,
                "f1-score": 0.601834862385321,
                "support": 308
            },
            "1": {
                "precision": 0.7465421853388658,
                "recall": 0.8368217054263566,
                "f1-score": 0.7891081871345029,
                "support": 2580
            },
            "2": {
                "precision": 0.6123348017621145,
                "recall": 0.5425448868071819,
                "f1-score": 0.5753311258278146,
                "support": 1281
            },
            "3": {
                "precision": 0.7290322580645161,
                "recall": 0.5243619489559165,
                "f1-score": 0.6099865047233469,
                "support": 431
            },
            "4": {
                "precision": 0.9746543778801844,
                "recall": 0.9657534246575342,
                "f1-score": 0.9701834862385321,
                "support": 438
            },
            "5": {
                "precision": 0.953300404131118,
                "recall": 0.9385499557913352,
                "f1-score": 0.9458676765426598,
                "support": 2262
            },
            "6": {
                "precision": 0.7303609341825902,
                "recall": 0.7577092511013216,
                "f1-score": 0.7437837837837837,
                "support": 454
            },
            "7": {
                "precision": 0.9129496402877698,
                "recall": 0.9372230428360414,
                "f1-score": 0.9249271137026239,
                "support": 1354
            },
            "8": {
                "precision": 0.8621118012422361,
                "recall": 0.8751576292559899,
                "f1-score": 0.8685857321652066,
                "support": 793
            },
            "accuracy": 0.8177961822038178,
            "macro avg": {
                "precision": 0.8014743916946959,
                "recall": 0.7678432641443567,
                "f1-score": 0.7810676080559769,
                "support": 9901
            },
            "weighted avg": {
                "precision": 0.8153176336991064,
                "recall": 0.8177961822038178,
                "f1-score": 0.8145114940766651,
                "support": 9901
            },
            "logloss": 0.4654790727927925,
            "score": -0.4654790727927925
        },
        "test": {
            "0": {
                "precision": 0.7009345794392523,
                "recall": 0.582901554404145,
                "f1-score": 0.6364922206506365,
                "support": 386
            },
            "1": {
                "precision": 0.7470914127423822,
                "recall": 0.8365384615384616,
                "f1-score": 0.7892888498683055,
                "support": 3224
            },
            "2": {
                "precision": 0.6089181286549707,
                "recall": 0.5202998126171143,
                "f1-score": 0.5611316941731223,
                "support": 1601
            },
            "3": {
                "precision": 0.7304785894206549,
                "recall": 0.5390334572490706,
                "f1-score": 0.6203208556149732,
                "support": 538
            },
            "4": {
                "precision": 0.9709090909090909,
                "recall": 0.9744525547445255,
                "f1-score": 0.9726775956284153,
                "support": 548
            },
            "5": {
                "precision": 0.9537531127712557,
                "recall": 0.9483551467987266,
                "f1-score": 0.9510464703795671,
                "support": 2827
            },
            "6": {
                "precision": 0.7417677642980935,
                "recall": 0.7535211267605634,
                "f1-score": 0.7475982532751092,
                "support": 568
            },
            "7": {
                "precision": 0.9176882661996497,
                "recall": 0.928529238038984,
                "f1-score": 0.923076923076923,
                "support": 1693
            },
            "8": {
                "precision": 0.858114674441205,
                "recall": 0.8910191725529768,
                "f1-score": 0.8742574257425743,
                "support": 991
            },
            "accuracy": 0.8195701357466063,
            "macro avg": {
                "precision": 0.8032950687640618,
                "recall": 0.7749611694116187,
                "f1-score": 0.7862100320455141,
                "support": 12376
            },
            "weighted avg": {
                "precision": 0.8161553867340815,
                "recall": 0.8195701357466063,
                "f1-score": 0.815924980086165,
                "support": 12376
            },
            "logloss": 0.4619190809466334,
            "score": -0.4619190809466334
        }
    }
}
