{
    "program": "bin/ensemble.py",
    "single_program": "/slot/sandbox/d/in/script/0_script_unpacked/pretrains/bin/finetune___802ac9c20ab446f19fae527119149652.py",
    "config": {
        "seeds": [
            "5",
            "6",
            "7",
            "8",
            "9"
        ]
    },
    "prediction_type": "probs",
    "metrics": {
        "train": {
            "0": {
                "precision": 0.9588590235874932,
                "recall": 0.9965792474344356,
                "f1-score": 0.9773553256919206,
                "support": 1754
            },
            "1": {
                "precision": 0.9887278582930756,
                "recall": 0.9623824451410659,
                "f1-score": 0.9753772835583797,
                "support": 638
            },
            "2": {
                "precision": 0.9992435703479576,
                "recall": 0.9843517138599106,
                "f1-score": 0.9917417417417419,
                "support": 1342
            },
            "3": {
                "precision": 1.0,
                "recall": 0.9899425287356322,
                "f1-score": 0.9949458483754512,
                "support": 696
            },
            "4": {
                "precision": 0.9967793880837359,
                "recall": 0.9835805084745762,
                "f1-score": 0.990135963743002,
                "support": 1888
            },
            "accuracy": 0.9859132636910415,
            "macro avg": {
                "precision": 0.9887219680624526,
                "recall": 0.9833672887291242,
                "f1-score": 0.9859112326220991,
                "support": 6318
            },
            "weighted avg": {
                "precision": 0.9863171030504112,
                "recall": 0.9859132636910415,
                "f1-score": 0.9859684038631521,
                "support": 6318
            },
            "score": 0.9859132636910415
        },
        "val": {
            "0": {
                "precision": 0.75,
                "recall": 0.8337129840546698,
                "f1-score": 0.7896440129449838,
                "support": 439
            },
            "1": {
                "precision": 0.6622516556291391,
                "recall": 0.625,
                "f1-score": 0.6430868167202572,
                "support": 160
            },
            "2": {
                "precision": 0.7147335423197492,
                "recall": 0.6805970149253732,
                "f1-score": 0.6972477064220183,
                "support": 335
            },
            "3": {
                "precision": 0.6445783132530121,
                "recall": 0.6149425287356322,
                "f1-score": 0.6294117647058822,
                "support": 174
            },
            "4": {
                "precision": 0.7543859649122807,
                "recall": 0.7288135593220338,
                "f1-score": 0.7413793103448276,
                "support": 472
            },
            "accuracy": 0.7246835443037974,
            "macro avg": {
                "precision": 0.7051898952228363,
                "recall": 0.6966132174075418,
                "f1-score": 0.7001539222275939,
                "support": 1580
            },
            "weighted avg": {
                "precision": 0.7233372174192397,
                "recall": 0.7246835443037974,
                "f1-score": 0.7231482756652198,
                "support": 1580
            },
            "score": 0.7246835443037974
        },
        "test": {
            "0": {
                "precision": 0.7606837606837606,
                "recall": 0.8120437956204379,
                "f1-score": 0.7855251544571932,
                "support": 548
            },
            "1": {
                "precision": 0.6030927835051546,
                "recall": 0.585,
                "f1-score": 0.5939086294416243,
                "support": 200
            },
            "2": {
                "precision": 0.6556122448979592,
                "recall": 0.611904761904762,
                "f1-score": 0.6330049261083743,
                "support": 420
            },
            "3": {
                "precision": 0.615,
                "recall": 0.5668202764976958,
                "f1-score": 0.5899280575539568,
                "support": 217
            },
            "4": {
                "precision": 0.6986754966887417,
                "recall": 0.7152542372881356,
                "f1-score": 0.7068676716917923,
                "support": 590
            },
            "accuracy": 0.690632911392405,
            "macro avg": {
                "precision": 0.6666128571551233,
                "recall": 0.6582046142622062,
                "f1-score": 0.6618468878505882,
                "support": 1975
            },
            "weighted avg": {
                "precision": 0.6878500979540416,
                "recall": 0.690632911392405,
                "f1-score": 0.6886976679917721,
                "support": 1975
            },
            "score": 0.690632911392405
        }
    }
}
