{
    "program": "bin/ensemble.py",
    "single_program": "/slot/sandbox/d/in/script/0_script_unpacked/pretrains/bin/pretrain_mask_supervised___2512197f3d844993a7d24711f38a4652.py",
    "config": {
        "seeds": [
            "5",
            "6",
            "7",
            "8",
            "9"
        ]
    },
    "prediction_type": null,
    "metrics": {
        "train": {
            "rmse": 17684.5506136418,
            "score": -17684.5506136418
        },
        "val": {
            "rmse": 27674.451293127157,
            "score": -27674.451293127157
        },
        "test": {
            "rmse": 30751.396672278024,
            "score": -30751.396672278024
        }
    }
}
