{
    "program": "bin/ensemble.py",
    "single_program": "/slot/sandbox/d/in/script/0_script_unpacked/pretrains/bin/pretrain_ae_mask___6677757038bd45d9a53eb52ed7d75968.py",
    "config": {
        "seeds": [
            "5",
            "6",
            "7",
            "8",
            "9"
        ]
    },
    "prediction_type": null,
    "metrics": {
        "train": {
            "rmse": 0.274036435253703,
            "score": -0.274036435253703
        },
        "val": {
            "rmse": 0.4215859621036023,
            "score": -0.4215859621036023
        },
        "test": {
            "rmse": 0.4083226900997886,
            "score": -0.4083226900997886
        }
    }
}
