{
    "program": "bin/ensemble.py",
    "single_program": "/slot/sandbox/d/in/script/0_script_unpacked/pretrains/bin/pretrain_supervised_contrastive___902690bb764844279612a4a6bb2d6d2c.py",
    "config": {
        "seeds": [
            "0",
            "1",
            "2",
            "3",
            "4"
        ]
    },
    "prediction_type": null,
    "metrics": {
        "train": {
            "rmse": 1.5577567706066389,
            "score": -1.5577567706066389
        },
        "val": {
            "rmse": 1.8210841463546608,
            "score": -1.8210841463546608
        },
        "test": {
            "rmse": 1.8254275914359905,
            "score": -1.8254275914359905
        }
    }
}
