{
    "program": "bin/ensemble.py",
    "single_program": "/slot/sandbox/d/in/script/0_script_unpacked/pretrains/bin/pretrain_ae_supervised___16ef8699e4aa4c6883233d3fa6df125e.py",
    "config": {
        "seeds": [
            "5",
            "6",
            "7",
            "8",
            "9"
        ]
    },
    "prediction_type": null,
    "metrics": {
        "train": {
            "rmse": 1.5273710390863628,
            "score": -1.5273710390863628
        },
        "val": {
            "rmse": 1.8027642825481307,
            "score": -1.8027642825481307
        },
        "test": {
            "rmse": 1.8065307394080752,
            "score": -1.8065307394080752
        }
    }
}
