{
    "program": "bin/ensemble.py",
    "single_program": "/slot/sandbox/d/in/script/0_script_unpacked/pretrains/bin/pretrain_ae_ddp___b41572f2f7264fc681597fb76e68d3ab.py",
    "config": {
        "seeds": [
            "0",
            "1",
            "2",
            "3",
            "4"
        ]
    },
    "prediction_type": "probs",
    "metrics": {
        "train": {
            "0": {
                "precision": 0.99770699697707,
                "recall": 0.9980896605643984,
                "f1-score": 0.9978982920857793,
                "support": 135578
            },
            "1": {
                "precision": 0.9985760960748818,
                "recall": 0.9979151959054007,
                "f1-score": 0.9982455366009756,
                "support": 181312
            },
            "2": {
                "precision": 0.998688696564385,
                "recall": 0.9985141158989599,
                "f1-score": 0.9986013986013986,
                "support": 22882
            },
            "3": {
                "precision": 0.9915302089215132,
                "recall": 0.9982944855031268,
                "f1-score": 0.994900849858357,
                "support": 1759
            },
            "4": {
                "precision": 0.9874162444843929,
                "recall": 0.994567901234568,
                "f1-score": 0.9909791700836478,
                "support": 6075
            },
            "5": {
                "precision": 0.9972137335969801,
                "recall": 0.9982006297795771,
                "f1-score": 0.9977069376376962,
                "support": 11115
            },
            "6": {
                "precision": 0.9969537735130607,
                "recall": 0.9973335364924577,
                "f1-score": 0.9971436188444985,
                "support": 13126
            },
            "accuracy": 0.9979507700747888,
            "macro avg": {
                "precision": 0.9954408214474691,
                "recall": 0.9975593607683555,
                "f1-score": 0.996496543387479,
                "support": 371847
            },
            "weighted avg": {
                "precision": 0.99795250284464,
                "recall": 0.9979507700747888,
                "f1-score": 0.9979512955203456,
                "support": 371847
            },
            "score": 0.9979507700747888
        },
        "val": {
            "0": {
                "precision": 0.9739478957915831,
                "recall": 0.9750398300584174,
                "f1-score": 0.9744935570430219,
                "support": 33894
            },
            "1": {
                "precision": 0.979659518019014,
                "recall": 0.9775414754677021,
                "f1-score": 0.9785993506923739,
                "support": 45328
            },
            "2": {
                "precision": 0.9707469963433746,
                "recall": 0.9744799860164307,
                "f1-score": 0.9726099092812281,
                "support": 5721
            },
            "3": {
                "precision": 0.9136363636363637,
                "recall": 0.9157175398633257,
                "f1-score": 0.9146757679180887,
                "support": 439
            },
            "4": {
                "precision": 0.9040829552819183,
                "recall": 0.9183673469387755,
                "f1-score": 0.9111691704768126,
                "support": 1519
            },
            "5": {
                "precision": 0.9512020093290277,
                "recall": 0.9539402662828356,
                "f1-score": 0.9525691699604744,
                "support": 2779
            },
            "6": {
                "precision": 0.970185579555826,
                "recall": 0.9716636197440585,
                "f1-score": 0.9709240371441619,
                "support": 3282
            },
            "accuracy": 0.9742690561734902,
            "macro avg": {
                "precision": 0.951923045422444,
                "recall": 0.955250009195935,
                "f1-score": 0.9535772803594516,
                "support": 92962
            },
            "weighted avg": {
                "precision": 0.9742966804451647,
                "recall": 0.9742690561734902,
                "f1-score": 0.9742809785384956,
                "support": 92962
            },
            "score": 0.9742690561734902
        },
        "test": {
            "0": {
                "precision": 0.9742444649228515,
                "recall": 0.9731637084592145,
                "f1-score": 0.9737037867963962,
                "support": 42368
            },
            "1": {
                "precision": 0.977788371559228,
                "recall": 0.9773742080090362,
                "f1-score": 0.977581245917845,
                "support": 56661
            },
            "2": {
                "precision": 0.9698534542916958,
                "recall": 0.9717522024891624,
                "f1-score": 0.9708018999720592,
                "support": 7151
            },
            "3": {
                "precision": 0.9090909090909091,
                "recall": 0.9107468123861566,
                "f1-score": 0.9099181073703366,
                "support": 549
            },
            "4": {
                "precision": 0.90134994807892,
                "recall": 0.9141653501843076,
                "f1-score": 0.9077124183006536,
                "support": 1899
            },
            "5": {
                "precision": 0.9470217640320733,
                "recall": 0.952202706593723,
                "f1-score": 0.9496051687006459,
                "support": 3473
            },
            "6": {
                "precision": 0.9713035019455253,
                "recall": 0.9736713798147245,
                "f1-score": 0.9724859995130265,
                "support": 4102
            },
            "accuracy": 0.9732623082020257,
            "macro avg": {
                "precision": 0.9500932019887433,
                "recall": 0.9532966239909035,
                "f1-score": 0.9516869466529948,
                "support": 116203
            },
            "weighted avg": {
                "precision": 0.9732857712310822,
                "recall": 0.9732623082020257,
                "f1-score": 0.9732728470421586,
                "support": 116203
            },
            "score": 0.9732623082020257
        }
    }
}
