{
    "program": "bin/ensemble.py",
    "single_program": "/slot/sandbox/d/in/script/0_script_unpacked/pretrains/bin/pretrain_mask_fast___88f334f0dee44fc782727ac73dc94e4f.py",
    "config": {
        "seeds": [
            "0",
            "1",
            "2",
            "3",
            "4"
        ]
    },
    "prediction_type": null,
    "metrics": {
        "train": {
            "rmse": 3.4298983008928574,
            "score": -3.4298983008928574
        },
        "val": {
            "rmse": 5.103331532666522,
            "score": -5.103331532666522
        },
        "test": {
            "rmse": 5.364644881883589,
            "score": -5.364644881883589
        }
    }
}
