{
    "program": "bin/ensemble.py",
    "single_program": "/slot/sandbox/d/in/script/0_script_unpacked/pretrains/bin/augmented_supervised___c757dfd80d8d493089008e3491b4bf3e.py",
    "config": {
        "seeds": [
            "0",
            "1",
            "2",
            "3",
            "4"
        ]
    },
    "prediction_type": "probs",
    "metrics": {
        "train": {
            "0": {
                "precision": 0.9381720430107527,
                "recall": 0.9948688711516533,
                "f1-score": 0.965688987271721,
                "support": 1754
            },
            "1": {
                "precision": 0.975767366720517,
                "recall": 0.9467084639498433,
                "f1-score": 0.9610182975338106,
                "support": 638
            },
            "2": {
                "precision": 0.9977011494252873,
                "recall": 0.970193740685544,
                "f1-score": 0.983755194559879,
                "support": 1342
            },
            "3": {
                "precision": 1.0,
                "recall": 0.9841954022988506,
                "f1-score": 0.9920347574221579,
                "support": 696
            },
            "4": {
                "precision": 0.997836668469443,
                "recall": 0.9772245762711864,
                "f1-score": 0.9874230666309874,
                "support": 1888
            },
            "accuracy": 0.9783159227603672,
            "macro avg": {
                "precision": 0.9818954455252001,
                "recall": 0.9746382108714154,
                "f1-score": 0.977984060683711,
                "support": 6318
            },
            "weighted avg": {
                "precision": 0.9792535479594164,
                "recall": 0.9783159227603672,
                "f1-score": 0.9784518153791791,
                "support": 6318
            },
            "score": 0.9783159227603672
        },
        "val": {
            "0": {
                "precision": 0.7190388170055453,
                "recall": 0.8861047835990888,
                "f1-score": 0.7938775510204081,
                "support": 439
            },
            "1": {
                "precision": 0.6544117647058824,
                "recall": 0.55625,
                "f1-score": 0.6013513513513513,
                "support": 160
            },
            "2": {
                "precision": 0.7118055555555556,
                "recall": 0.6119402985074627,
                "f1-score": 0.6581059390048154,
                "support": 335
            },
            "3": {
                "precision": 0.678082191780822,
                "recall": 0.5689655172413793,
                "f1-score": 0.6187500000000001,
                "support": 174
            },
            "4": {
                "precision": 0.7505330490405118,
                "recall": 0.7457627118644068,
                "f1-score": 0.7481402763018067,
                "support": 472
            },
            "accuracy": 0.7177215189873418,
            "macro avg": {
                "precision": 0.7027742756176634,
                "recall": 0.6738046622424676,
                "f1-score": 0.6840450235356764,
                "support": 1580
            },
            "weighted avg": {
                "precision": 0.7158586611686527,
                "recall": 0.7177215189873418,
                "f1-score": 0.7126447222121781,
                "support": 1580
            },
            "score": 0.7177215189873418
        },
        "test": {
            "0": {
                "precision": 0.7512038523274478,
                "recall": 0.8540145985401459,
                "f1-score": 0.7993168232280102,
                "support": 548
            },
            "1": {
                "precision": 0.7058823529411765,
                "recall": 0.6,
                "f1-score": 0.6486486486486486,
                "support": 200
            },
            "2": {
                "precision": 0.6895604395604396,
                "recall": 0.5976190476190476,
                "f1-score": 0.6403061224489797,
                "support": 420
            },
            "3": {
                "precision": 0.6329787234042553,
                "recall": 0.5483870967741935,
                "f1-score": 0.5876543209876544,
                "support": 217
            },
            "4": {
                "precision": 0.707936507936508,
                "recall": 0.7559322033898305,
                "f1-score": 0.7311475409836066,
                "support": 590
            },
            "accuracy": 0.710886075949367,
            "macro avg": {
                "precision": 0.6975123752339654,
                "recall": 0.6711905892646435,
                "f1-score": 0.6814146912593799,
                "support": 1975
            },
            "weighted avg": {
                "precision": 0.7075901209824428,
                "recall": 0.710886075949367,
                "f1-score": 0.7066237757579239,
                "support": 1975
            },
            "score": 0.710886075949367
        }
    }
}
