{
    "program": "bin/ensemble.py",
    "single_program": "/slot/sandbox/d/in/script/0_script_unpacked/pretrains/bin/pretrain_mask___4e9617f8d1c44e5eaad9c2bbaf99ec8b.py",
    "config": {
        "seeds": [
            "0",
            "1",
            "2",
            "3",
            "4"
        ]
    },
    "prediction_type": "probs",
    "metrics": {
        "train": {
            "0": {
                "precision": 0.7939305958799945,
                "recall": 0.776485700763978,
                "f1-score": 0.7851112554260519,
                "support": 29582
            },
            "1": {
                "precision": 0.8044886010822319,
                "recall": 0.820253851487835,
                "f1-score": 0.8122947393563027,
                "support": 33169
            },
            "accuracy": 0.7996207231757263,
            "macro avg": {
                "precision": 0.7992095984811132,
                "recall": 0.7983697761259065,
                "f1-score": 0.7987029973911772,
                "support": 62751
            },
            "weighted avg": {
                "precision": 0.7995113591276402,
                "recall": 0.7996207231757263,
                "f1-score": 0.7994799344667443,
                "support": 62751
            },
            "roc_auc": 0.8843278564730381,
            "score": 0.8843278564730381
        },
        "val": {
            "0": {
                "precision": 0.7421741605008537,
                "recall": 0.7052460789616009,
                "f1-score": 0.7232390460343872,
                "support": 7396
            },
            "1": {
                "precision": 0.7482678983833718,
                "recall": 0.7814761215629522,
                "f1-score": 0.7645115620575743,
                "support": 8292
            },
            "accuracy": 0.7455379908210097,
            "macro avg": {
                "precision": 0.7452210294421128,
                "recall": 0.7433611002622765,
                "f1-score": 0.7438753040459807,
                "support": 15688
            },
            "weighted avg": {
                "precision": 0.7453950474540563,
                "recall": 0.7455379908210097,
                "f1-score": 0.7450539174561278,
                "support": 15688
            },
            "roc_auc": 0.8296337693260356,
            "score": 0.8296337693260356
        },
        "test": {
            "0": {
                "precision": 0.7301180663844954,
                "recall": 0.7090319091400757,
                "f1-score": 0.719420512539099,
                "support": 9245
            },
            "1": {
                "precision": 0.7469902182091799,
                "recall": 0.7662325132657983,
                "f1-score": 0.7564890222412726,
                "support": 10365
            },
            "accuracy": 0.7392656807751148,
            "macro avg": {
                "precision": 0.7385541422968376,
                "recall": 0.737632211202937,
                "f1-score": 0.7379547673901858,
                "support": 19610
            },
            "weighted avg": {
                "precision": 0.7390359579532285,
                "recall": 0.7392656807751148,
                "f1-score": 0.7390133275856584,
                "support": 19610
            },
            "roc_auc": 0.8230158907814995,
            "score": 0.8230158907814995
        }
    }
}
