{
    "program": "bin/ensemble.py",
    "single_program": "/home/irubachev/repos/pretrains/bin/finetune___a7254e3be37f44669e1af1416428fca8.py",
    "config": {
        "seeds": [
            "5",
            "6",
            "7",
            "8",
            "9"
        ]
    },
    "prediction_type": null,
    "metrics": {
        "train": {
            "rmse": 1.6549500813107036,
            "score": -1.6549500813107036
        },
        "val": {
            "rmse": 1.8343216656375183,
            "score": -1.8343216656375183
        },
        "test": {
            "rmse": 1.836533347458881,
            "score": -1.836533347458881
        }
    }
}
