{
    "program": "bin/ensemble.py",
    "single_program": "/slot/sandbox/d/in/script/0_script_unpacked/pretrains/bin/pretrain_mask_supervised___07a965f956b34808a4d75723857aa4a9.py",
    "config": {
        "seeds": [
            "10",
            "11",
            "12",
            "13",
            "14"
        ]
    },
    "prediction_type": null,
    "metrics": {
        "train": {
            "rmse": 0.7064785465411548,
            "score": -0.7064785465411548
        },
        "val": {
            "rmse": 0.7421024749946474,
            "score": -0.7421024749946474
        },
        "test": {
            "rmse": 0.7469397023658899,
            "score": -0.7469397023658899
        }
    }
}
