{
    "program": "bin/ensemble.py",
    "single_program": "/slot/sandbox/d/in/script/0_script_unpacked/pretrains/bin/pretrain_ae_supervised___acbf734f899c4666b9b36945818600a3.py",
    "config": {
        "seeds": [
            "10",
            "11",
            "12",
            "13",
            "14"
        ]
    },
    "prediction_type": null,
    "metrics": {
        "train": {
            "rmse": 0.32467147442947475,
            "score": -0.32467147442947475
        },
        "val": {
            "rmse": 0.4162647721160031,
            "score": -0.4162647721160031
        },
        "test": {
            "rmse": 0.41090327474126387,
            "score": -0.41090327474126387
        }
    }
}
