{
    "program": "bin/ensemble.py",
    "single_program": "/slot/sandbox/d/in/script/0_script_unpacked/pretrains/bin/pretrain_ae_supervised___16ef8699e4aa4c6883233d3fa6df125e.py",
    "config": {
        "seeds": [
            "0",
            "1",
            "2",
            "3",
            "4"
        ]
    },
    "prediction_type": null,
    "metrics": {
        "train": {
            "rmse": 1.4744372595570685,
            "score": -1.4744372595570685
        },
        "val": {
            "rmse": 1.7954538666993882,
            "score": -1.7954538666993882
        },
        "test": {
            "rmse": 1.798709113901158,
            "score": -1.798709113901158
        }
    }
}
