{
    "program": "bin/ensemble.py",
    "single_program": "/slot/sandbox/d/in/script/0_script_unpacked/pretrains/bin/pretrain_ae_supervised___638a927773204aeb8e36ec739fc660f8.py",
    "config": {
        "seeds": [
            "5",
            "6",
            "7",
            "8",
            "9"
        ]
    },
    "prediction_type": null,
    "metrics": {
        "train": {
            "rmse": 0.3136260373421668,
            "score": -0.3136260373421668
        },
        "val": {
            "rmse": 0.42710914488966867,
            "score": -0.42710914488966867
        },
        "test": {
            "rmse": 0.41786383701110497,
            "score": -0.41786383701110497
        }
    }
}
