{
    "program": "bin/ensemble.py",
    "single_program": "/slot/sandbox/d/in/script/0_script_unpacked/pretrains/bin/pretrain_ae___8f456e26d7d949259d2dc200c0ce0c20.py",
    "config": {
        "seeds": [
            "10",
            "11",
            "12",
            "13",
            "14"
        ]
    },
    "prediction_type": null,
    "metrics": {
        "train": {
            "rmse": 0.24874428201620707,
            "score": -0.24874428201620707
        },
        "val": {
            "rmse": 0.4262262321392389,
            "score": -0.4262262321392389
        },
        "test": {
            "rmse": 0.41995475859279363,
            "score": -0.41995475859279363
        }
    }
}
