{
    "program": "bin/ensemble.py",
    "single_program": "/slot/sandbox/d/in/script/0_script_unpacked/pretrains/bin/pretrain_mask_supervised___4339a10b6d354fe58a1acfa0d4cda9d4.py",
    "config": {
        "seeds": [
            "10",
            "11",
            "12",
            "13",
            "14"
        ]
    },
    "prediction_type": "probs",
    "metrics": {
        "train": {
            "0": {
                "precision": 0.9847972972972973,
                "recall": 0.9971493728620296,
                "f1-score": 0.9909348441926346,
                "support": 1754
            },
            "1": {
                "precision": 1.0,
                "recall": 0.9843260188087775,
                "f1-score": 0.9921011058451817,
                "support": 638
            },
            "2": {
                "precision": 0.9992492492492493,
                "recall": 0.9918032786885246,
                "f1-score": 0.9955123410620793,
                "support": 1342
            },
            "3": {
                "precision": 1.0,
                "recall": 0.9971264367816092,
                "f1-score": 0.9985611510791367,
                "support": 696
            },
            "4": {
                "precision": 0.9973516949152542,
                "recall": 0.9973516949152542,
                "f1-score": 0.9973516949152542,
                "support": 1888
            },
            "accuracy": 0.9947768281101614,
            "macro avg": {
                "precision": 0.9962796482923603,
                "recall": 0.993551360411239,
                "f1-score": 0.9948922274188574,
                "support": 6318
            },
            "weighted avg": {
                "precision": 0.9948285773903057,
                "recall": 0.9947768281101614,
                "f1-score": 0.9947825807374955,
                "support": 6318
            },
            "score": 0.9947768281101614
        },
        "val": {
            "0": {
                "precision": 0.7550607287449392,
                "recall": 0.8496583143507973,
                "f1-score": 0.7995712754555199,
                "support": 439
            },
            "1": {
                "precision": 0.7164179104477612,
                "recall": 0.6,
                "f1-score": 0.6530612244897959,
                "support": 160
            },
            "2": {
                "precision": 0.7106109324758842,
                "recall": 0.6597014925373135,
                "f1-score": 0.6842105263157895,
                "support": 335
            },
            "3": {
                "precision": 0.6827586206896552,
                "recall": 0.5689655172413793,
                "f1-score": 0.6206896551724138,
                "support": 174
            },
            "4": {
                "precision": 0.7298387096774194,
                "recall": 0.7669491525423728,
                "f1-score": 0.7479338842975205,
                "support": 472
            },
            "accuracy": 0.7284810126582278,
            "macro avg": {
                "precision": 0.7189373804071318,
                "recall": 0.6890548953343726,
                "f1-score": 0.7010933131462078,
                "support": 1580
            },
            "weighted avg": {
                "precision": 0.7262259866695147,
                "recall": 0.7284810126582278,
                "f1-score": 0.7251499402199745,
                "support": 1580
            },
            "score": 0.7284810126582278
        },
        "test": {
            "0": {
                "precision": 0.7707979626485568,
                "recall": 0.8284671532846716,
                "f1-score": 0.7985927880386983,
                "support": 548
            },
            "1": {
                "precision": 0.7037037037037037,
                "recall": 0.57,
                "f1-score": 0.6298342541436465,
                "support": 200
            },
            "2": {
                "precision": 0.6565656565656566,
                "recall": 0.6190476190476191,
                "f1-score": 0.6372549019607843,
                "support": 420
            },
            "3": {
                "precision": 0.6763005780346821,
                "recall": 0.5391705069124424,
                "f1-score": 0.6000000000000001,
                "support": 217
            },
            "4": {
                "precision": 0.6977099236641221,
                "recall": 0.7745762711864407,
                "f1-score": 0.734136546184739,
                "support": 590
            },
            "accuracy": 0.709873417721519,
            "macro avg": {
                "precision": 0.7010155649233443,
                "recall": 0.6662523100862348,
                "f1-score": 0.6799636980655737,
                "support": 1975
            },
            "weighted avg": {
                "precision": 0.7074945217342197,
                "recall": 0.709873417721519,
                "f1-score": 0.7061181365804867,
                "support": 1975
            },
            "score": 0.709873417721519
        }
    }
}
