{
    "program": "bin/ensemble.py",
    "single_program": "/slot/sandbox/d/in/script/0_script_unpacked/pretrains/bin/pretrain_ae___daab580a30594a3b8864da68a4570cb7.py",
    "config": {
        "seeds": [
            "0",
            "1",
            "2",
            "3",
            "4"
        ]
    },
    "prediction_type": "probs",
    "metrics": {
        "train": {
            "0": {
                "precision": 1.0,
                "recall": 1.0,
                "f1-score": 1.0,
                "support": 1754
            },
            "1": {
                "precision": 1.0,
                "recall": 1.0,
                "f1-score": 1.0,
                "support": 638
            },
            "2": {
                "precision": 1.0,
                "recall": 1.0,
                "f1-score": 1.0,
                "support": 1342
            },
            "3": {
                "precision": 1.0,
                "recall": 1.0,
                "f1-score": 1.0,
                "support": 696
            },
            "4": {
                "precision": 1.0,
                "recall": 1.0,
                "f1-score": 1.0,
                "support": 1888
            },
            "accuracy": 1.0,
            "macro avg": {
                "precision": 1.0,
                "recall": 1.0,
                "f1-score": 1.0,
                "support": 6318
            },
            "weighted avg": {
                "precision": 1.0,
                "recall": 1.0,
                "f1-score": 1.0,
                "support": 6318
            },
            "score": 1.0
        },
        "val": {
            "0": {
                "precision": 0.7504873294346979,
                "recall": 0.876993166287016,
                "f1-score": 0.8088235294117648,
                "support": 439
            },
            "1": {
                "precision": 0.6643356643356644,
                "recall": 0.59375,
                "f1-score": 0.6270627062706271,
                "support": 160
            },
            "2": {
                "precision": 0.7133550488599348,
                "recall": 0.6537313432835821,
                "f1-score": 0.6822429906542057,
                "support": 335
            },
            "3": {
                "precision": 0.6516129032258065,
                "recall": 0.5804597701149425,
                "f1-score": 0.6139817629179332,
                "support": 174
            },
            "4": {
                "precision": 0.7554112554112554,
                "recall": 0.739406779661017,
                "f1-score": 0.7473233404710922,
                "support": 472
            },
            "accuracy": 0.7272151898734177,
            "macro avg": {
                "precision": 0.7070404402534718,
                "recall": 0.6888682118693115,
                "f1-score": 0.6958868659451246,
                "support": 1580
            },
            "weighted avg": {
                "precision": 0.7244723689867213,
                "recall": 0.7272151898734177,
                "f1-score": 0.723749625148291,
                "support": 1580
            },
            "score": 0.7272151898734177
        },
        "test": {
            "0": {
                "precision": 0.7214397496087637,
                "recall": 0.8412408759124088,
                "f1-score": 0.776748104465038,
                "support": 548
            },
            "1": {
                "precision": 0.6127167630057804,
                "recall": 0.53,
                "f1-score": 0.5683646112600537,
                "support": 200
            },
            "2": {
                "precision": 0.6587301587301587,
                "recall": 0.5928571428571429,
                "f1-score": 0.6240601503759398,
                "support": 420
            },
            "3": {
                "precision": 0.6094674556213018,
                "recall": 0.47465437788018433,
                "f1-score": 0.533678756476684,
                "support": 217
            },
            "4": {
                "precision": 0.7207792207792207,
                "recall": 0.752542372881356,
                "f1-score": 0.736318407960199,
                "support": 590
            },
            "accuracy": 0.690126582278481,
            "macro avg": {
                "precision": 0.6646266695490451,
                "recall": 0.6382589539062183,
                "f1-score": 0.6478340061075828,
                "support": 1975
            },
            "weighted avg": {
                "precision": 0.6845940152825255,
                "recall": 0.690126582278481,
                "f1-score": 0.684391036713268,
                "support": 1975
            },
            "score": 0.690126582278481
        }
    }
}
