{
    "program": "bin/ensemble.py",
    "single_program": "/slot/sandbox/d/in/script/0_script_unpacked/pretrains/bin/finetune___23697debe1fe477b9c4ab84f1fadaf78.py",
    "config": {
        "seeds": [
            "0",
            "1",
            "2",
            "3",
            "4"
        ]
    },
    "prediction_type": null,
    "metrics": {
        "train": {
            "rmse": 0.7024682312755673,
            "score": -0.7024682312755673
        },
        "val": {
            "rmse": 0.7403940855103285,
            "score": -0.7403940855103285
        },
        "test": {
            "rmse": 0.7447063586965578,
            "score": -0.7447063586965578
        }
    }
}
