{
    "program": "bin/ensemble.py",
    "single_program": "/slot/sandbox/d/in/script/0_script_unpacked/pretrains/bin/pretrain_ae_supervised___b8ca166f76294fb1add7a507fa42f611.py",
    "config": {
        "seeds": [
            "10",
            "11",
            "12",
            "13",
            "14"
        ]
    },
    "prediction_type": null,
    "metrics": {
        "train": {
            "rmse": 3.735676298450198,
            "score": -3.735676298450198
        },
        "val": {
            "rmse": 5.314311066502025,
            "score": -5.314311066502025
        },
        "test": {
            "rmse": 5.529563323575874,
            "score": -5.529563323575874
        }
    }
}
