{
    "program": "bin/ensemble.py",
    "single_program": "/slot/sandbox/d/in/script/0_script_unpacked/pretrains/bin/finetune___1c1bd2cb5d99444c9806713b82ef3def.py",
    "config": {
        "seeds": [
            "5",
            "6",
            "7",
            "8",
            "9"
        ]
    },
    "prediction_type": null,
    "metrics": {
        "train": {
            "rmse": 22819.697496365985,
            "score": -22819.697496365985
        },
        "val": {
            "rmse": 27674.47907420295,
            "score": -27674.47907420295
        },
        "test": {
            "rmse": 31120.29611561932,
            "score": -31120.29611561932
        }
    }
}
