{
    "program": "bin/ensemble.py",
    "single_program": "/slot/sandbox/d/in/script/0_script_unpacked/pretrains/bin/pretrain_ae___94bf34cd903b4e7492eacd2991b7b811.py",
    "config": {
        "seeds": [
            "0",
            "1",
            "2",
            "3",
            "4"
        ]
    },
    "prediction_type": "probs",
    "metrics": {
        "train": {
            "0": {
                "precision": 0.8667883211678832,
                "recall": 0.7692307692307693,
                "f1-score": 0.815100815100815,
                "support": 1235
            },
            "1": {
                "precision": 0.802608695652174,
                "recall": 0.8945532079860438,
                "f1-score": 0.8460903840865341,
                "support": 10318
            },
            "2": {
                "precision": 0.7325248070562294,
                "recall": 0.6485747754783288,
                "f1-score": 0.6879983431707569,
                "support": 5122
            },
            "3": {
                "precision": 0.8462138953942233,
                "recall": 0.629500580720093,
                "f1-score": 0.7219447219447219,
                "support": 1722
            },
            "4": {
                "precision": 0.9805269186712485,
                "recall": 0.9766115231032516,
                "f1-score": 0.978565304372678,
                "support": 1753
            },
            "5": {
                "precision": 0.9717095811691899,
                "recall": 0.9720318372761442,
                "f1-score": 0.9718706825089803,
                "support": 9046
            },
            "6": {
                "precision": 0.8523182598740698,
                "recall": 0.8194826637314254,
                "f1-score": 0.8355780022446689,
                "support": 1817
            },
            "7": {
                "precision": 0.9541368556228215,
                "recall": 0.96012553073657,
                "f1-score": 0.9571218255428782,
                "support": 5417
            },
            "8": {
                "precision": 0.9264705882352942,
                "recall": 0.9337748344370861,
                "f1-score": 0.9301083712894614,
                "support": 3171
            },
            "accuracy": 0.8773010782555996,
            "macro avg": {
                "precision": 0.8814775469825704,
                "recall": 0.8448761914110792,
                "f1-score": 0.8604864944734995,
                "support": 39601
            },
            "weighted avg": {
                "precision": 0.8768713140595855,
                "recall": 0.8773010782555996,
                "f1-score": 0.8753072243506111,
                "support": 39601
            },
            "logloss": 0.33220714029038245,
            "score": -0.33220714029038245
        },
        "val": {
            "0": {
                "precision": 0.6818181818181818,
                "recall": 0.5357142857142857,
                "f1-score": 0.6,
                "support": 308
            },
            "1": {
                "precision": 0.7497421794431076,
                "recall": 0.8453488372093023,
                "f1-score": 0.7946802696301695,
                "support": 2580
            },
            "2": {
                "precision": 0.6326164874551972,
                "recall": 0.5511319281811085,
                "f1-score": 0.5890696704213599,
                "support": 1281
            },
            "3": {
                "precision": 0.738562091503268,
                "recall": 0.5243619489559165,
                "f1-score": 0.6132971506105834,
                "support": 431
            },
            "4": {
                "precision": 0.9745370370370371,
                "recall": 0.9611872146118722,
                "f1-score": 0.967816091954023,
                "support": 438
            },
            "5": {
                "precision": 0.9477445288075034,
                "recall": 0.9381078691423519,
                "f1-score": 0.9429015774272385,
                "support": 2262
            },
            "6": {
                "precision": 0.724669603524229,
                "recall": 0.724669603524229,
                "f1-score": 0.7246696035242289,
                "support": 454
            },
            "7": {
                "precision": 0.918958031837916,
                "recall": 0.9379615952732644,
                "f1-score": 0.9283625730994153,
                "support": 1354
            },
            "8": {
                "precision": 0.8514007308160779,
                "recall": 0.8814627994955864,
                "f1-score": 0.866171003717472,
                "support": 793
            },
            "accuracy": 0.82001817998182,
            "macro avg": {
                "precision": 0.8022276524713909,
                "recall": 0.7666606757897685,
                "f1-score": 0.7807742155982768,
                "support": 9901
            },
            "weighted avg": {
                "precision": 0.817302505389528,
                "recall": 0.82001817998182,
                "f1-score": 0.8164455874870821,
                "support": 9901
            },
            "logloss": 0.4693266735455706,
            "score": -0.4693266735455706
        },
        "test": {
            "0": {
                "precision": 0.6798679867986799,
                "recall": 0.533678756476684,
                "f1-score": 0.5979680696661829,
                "support": 386
            },
            "1": {
                "precision": 0.7563959955506118,
                "recall": 0.8436724565756824,
                "f1-score": 0.7976539589442816,
                "support": 3224
            },
            "2": {
                "precision": 0.6191839656406586,
                "recall": 0.5402873204247346,
                "f1-score": 0.5770513675783857,
                "support": 1601
            },
            "3": {
                "precision": 0.7094430992736077,
                "recall": 0.5446096654275093,
                "f1-score": 0.6161934805467928,
                "support": 538
            },
            "4": {
                "precision": 0.9795918367346939,
                "recall": 0.9635036496350365,
                "f1-score": 0.97148114075437,
                "support": 548
            },
            "5": {
                "precision": 0.9476291578202406,
                "recall": 0.9472939511850018,
                "f1-score": 0.9474615248540598,
                "support": 2827
            },
            "6": {
                "precision": 0.7490706319702602,
                "recall": 0.7095070422535211,
                "f1-score": 0.7287522603978301,
                "support": 568
            },
            "7": {
                "precision": 0.9119861030689056,
                "recall": 0.9303012404016539,
                "f1-score": 0.9210526315789475,
                "support": 1693
            },
            "8": {
                "precision": 0.8524590163934426,
                "recall": 0.8920282542885973,
                "f1-score": 0.8717948717948718,
                "support": 991
            },
            "accuracy": 0.8202973497091144,
            "macro avg": {
                "precision": 0.8006253103612334,
                "recall": 0.7672091485187134,
                "f1-score": 0.7810454784573024,
                "support": 12376
            },
            "weighted avg": {
                "precision": 0.8164236491070183,
                "recall": 0.8202973497091144,
                "f1-score": 0.816571660760209,
                "support": 12376
            },
            "logloss": 0.46579891363514675,
            "score": -0.46579891363514675
        }
    }
}
