{
    "program": "bin/ensemble.py",
    "single_program": "/slot/sandbox/d/in/script/0_script_unpacked/pretrains/bin/pretrain_ae_supervised_ddp___cc0656caf83047a2833bbba074cf6d00.py",
    "config": {
        "seeds": [
            "0",
            "1",
            "2",
            "3",
            "4"
        ]
    },
    "prediction_type": null,
    "metrics": {
        "train": {
            "rmse": 0.7054820879901217,
            "score": -0.7054820879901217
        },
        "val": {
            "rmse": 0.74069059889086,
            "score": -0.74069059889086
        },
        "test": {
            "rmse": 0.7439564678894419,
            "score": -0.7439564678894419
        }
    }
}
