{
    "program": "bin/ensemble.py",
    "single_program": "/slot/sandbox/d/in/script/0_script_unpacked/pretrains/bin/finetune___90606b84003d4470a2ce0ba2debb15e5.py",
    "config": {
        "seeds": [
            "10",
            "11",
            "12",
            "13",
            "14"
        ]
    },
    "prediction_type": "probs",
    "metrics": {
        "train": {
            "0": {
                "precision": 0.9011399466407956,
                "recall": 0.9394184576485461,
                "f1-score": 0.9198811587026492,
                "support": 19775
            },
            "1": {
                "precision": 0.7794956745812627,
                "recall": 0.6751155746851586,
                "f1-score": 0.7235605672304801,
                "support": 6273
            },
            "accuracy": 0.8757678132678133,
            "macro avg": {
                "precision": 0.8403178106110292,
                "recall": 0.8072670161668524,
                "f1-score": 0.8217208629665647,
                "support": 26048
            },
            "weighted avg": {
                "precision": 0.8718450096540998,
                "recall": 0.8757678132678133,
                "f1-score": 0.8726023246153904,
                "support": 26048
            },
            "roc_auc": 0.9344062598058865,
            "score": 0.9344062598058865
        },
        "val": {
            "0": {
                "precision": 0.8884787254711483,
                "recall": 0.9247724974721941,
                "f1-score": 0.9062623860483552,
                "support": 4945
            },
            "1": {
                "precision": 0.7276720351390923,
                "recall": 0.6339285714285714,
                "f1-score": 0.6775732788002726,
                "support": 1568
            },
            "accuracy": 0.8547520343927529,
            "macro avg": {
                "precision": 0.8080753803051203,
                "recall": 0.7793505344503828,
                "f1-score": 0.7919178324243139,
                "support": 6513
            },
            "weighted avg": {
                "precision": 0.8497646320517311,
                "recall": 0.8547520343927529,
                "f1-score": 0.8512056502637715,
                "support": 6513
            },
            "roc_auc": 0.9154812632838778,
            "score": 0.9154812632838778
        },
        "test": {
            "0": {
                "precision": 0.8903021893308665,
                "recall": 0.9287494973864093,
                "f1-score": 0.9091195339866965,
                "support": 12435
            },
            "1": {
                "precision": 0.7322453913569054,
                "recall": 0.6300052002080083,
                "f1-score": 0.677288609364081,
                "support": 3846
            },
            "accuracy": 0.8581782445795713,
            "macro avg": {
                "precision": 0.8112737903438859,
                "recall": 0.7793773487972089,
                "f1-score": 0.7932040716753888,
                "support": 16281
            },
            "weighted avg": {
                "precision": 0.8529650205446829,
                "recall": 0.8581782445795713,
                "f1-score": 0.8543549779951372,
                "support": 16281
            },
            "roc_auc": 0.9119338919113662,
            "score": 0.9119338919113662
        }
    }
}
