{
    "program": "bin/ensemble.py",
    "single_program": "/slot/sandbox/d/in/script/0_script_unpacked/pretrains/bin/finetune___c717cf973dd547c585115cc0c2c89877.py",
    "config": {
        "seeds": [
            "10",
            "11",
            "12",
            "13",
            "14"
        ]
    },
    "prediction_type": "probs",
    "metrics": {
        "train": {
            "0": {
                "precision": 0.8653667595171773,
                "recall": 0.7546558704453441,
                "f1-score": 0.8062283737024222,
                "support": 1235
            },
            "1": {
                "precision": 0.8090901052259263,
                "recall": 0.8867997673967823,
                "f1-score": 0.8461645165765017,
                "support": 10318
            },
            "2": {
                "precision": 0.7215777262180975,
                "recall": 0.6679031628270207,
                "f1-score": 0.6937037412551962,
                "support": 5122
            },
            "3": {
                "precision": 0.8366375892149088,
                "recall": 0.6126596980255516,
                "f1-score": 0.7073416024136775,
                "support": 1722
            },
            "4": {
                "precision": 0.9794754846066135,
                "recall": 0.980034227039361,
                "f1-score": 0.9797547761619618,
                "support": 1753
            },
            "5": {
                "precision": 0.971419112778636,
                "recall": 0.9731372982533717,
                "f1-score": 0.972277446432516,
                "support": 9046
            },
            "6": {
                "precision": 0.8477389811104751,
                "recall": 0.8150798018712163,
                "f1-score": 0.8310886644219978,
                "support": 1817
            },
            "7": {
                "precision": 0.9538857247841264,
                "recall": 0.9584640945172604,
                "f1-score": 0.9561694290976058,
                "support": 5417
            },
            "8": {
                "precision": 0.9201746180230745,
                "recall": 0.9306212551245664,
                "f1-score": 0.9253684540608341,
                "support": 3171
            },
            "accuracy": 0.8763162546400344,
            "macro avg": {
                "precision": 0.8783740112754483,
                "recall": 0.8421505750556082,
                "f1-score": 0.8575663337914126,
                "support": 39601
            },
            "weighted avg": {
                "precision": 0.8758218966272934,
                "recall": 0.8763162546400344,
                "f1-score": 0.8745825483489852,
                "support": 39601
            },
            "logloss": 0.3356418290798612,
            "score": -0.3356418290798612
        },
        "val": {
            "0": {
                "precision": 0.6624472573839663,
                "recall": 0.5097402597402597,
                "f1-score": 0.5761467889908257,
                "support": 308
            },
            "1": {
                "precision": 0.7552155771905424,
                "recall": 0.8418604651162791,
                "f1-score": 0.7961876832844575,
                "support": 2580
            },
            "2": {
                "precision": 0.6306769494430163,
                "recall": 0.5745511319281811,
                "f1-score": 0.6013071895424837,
                "support": 1281
            },
            "3": {
                "precision": 0.73,
                "recall": 0.5081206496519721,
                "f1-score": 0.5991792065663475,
                "support": 431
            },
            "4": {
                "precision": 0.9722863741339491,
                "recall": 0.9611872146118722,
                "f1-score": 0.9667049368541907,
                "support": 438
            },
            "5": {
                "precision": 0.946126447016919,
                "recall": 0.9394341290893015,
                "f1-score": 0.942768411712511,
                "support": 2262
            },
            "6": {
                "precision": 0.7333333333333333,
                "recall": 0.7026431718061674,
                "f1-score": 0.7176602924634422,
                "support": 454
            },
            "7": {
                "precision": 0.9130434782608695,
                "recall": 0.930576070901034,
                "f1-score": 0.9217264081931237,
                "support": 1354
            },
            "8": {
                "precision": 0.8343409915356711,
                "recall": 0.8701134930643127,
                "f1-score": 0.8518518518518517,
                "support": 793
            },
            "accuracy": 0.817998182001818,
            "macro avg": {
                "precision": 0.7974967120331408,
                "recall": 0.759802953989931,
                "f1-score": 0.7748369743843593,
                "support": 9901
            },
            "weighted avg": {
                "precision": 0.8152553460126899,
                "recall": 0.817998182001818,
                "f1-score": 0.8146097302639469,
                "support": 9901
            },
            "logloss": 0.4728100396794352,
            "score": -0.4728100396794352
        },
        "test": {
            "0": {
                "precision": 0.6613924050632911,
                "recall": 0.5414507772020726,
                "f1-score": 0.5954415954415955,
                "support": 386
            },
            "1": {
                "precision": 0.7602487984167373,
                "recall": 0.8340570719602978,
                "f1-score": 0.7954444608785681,
                "support": 3224
            },
            "2": {
                "precision": 0.6117241379310345,
                "recall": 0.5540287320424735,
                "f1-score": 0.5814487053425107,
                "support": 1601
            },
            "3": {
                "precision": 0.7063106796116505,
                "recall": 0.5408921933085502,
                "f1-score": 0.6126315789473684,
                "support": 538
            },
            "4": {
                "precision": 0.9744058500914077,
                "recall": 0.9726277372262774,
                "f1-score": 0.9735159817351599,
                "support": 548
            },
            "5": {
                "precision": 0.9478908188585607,
                "recall": 0.9458790237000354,
                "f1-score": 0.9468838526912182,
                "support": 2827
            },
            "6": {
                "precision": 0.7408088235294118,
                "recall": 0.7095070422535211,
                "f1-score": 0.7248201438848921,
                "support": 568
            },
            "7": {
                "precision": 0.9146341463414634,
                "recall": 0.9303012404016539,
                "f1-score": 0.9224011713030746,
                "support": 1693
            },
            "8": {
                "precision": 0.8500486854917235,
                "recall": 0.8809283551967709,
                "f1-score": 0.865213082259663,
                "support": 991
            },
            "accuracy": 0.8188429217840982,
            "macro avg": {
                "precision": 0.7963849272594756,
                "recall": 0.7677413525879614,
                "f1-score": 0.7797556191648946,
                "support": 12376
            },
            "weighted avg": {
                "precision": 0.8153700795503386,
                "recall": 0.8188429217840982,
                "f1-score": 0.8157664159058657,
                "support": 12376
            },
            "logloss": 0.4708906221047269,
            "score": -0.4708906221047269
        }
    }
}
