{
    "program": "bin/ensemble.py",
    "single_program": "/slot/sandbox/d/in/script/0_script_unpacked/pretrains/bin/finetune___d56323c6e08e42bdb7f6479812e6d192.py",
    "config": {
        "seeds": [
            "10",
            "11",
            "12",
            "13",
            "14"
        ]
    },
    "prediction_type": "probs",
    "metrics": {
        "train": {
            "0": {
                "precision": 0.8783783783783784,
                "recall": 0.7368421052631579,
                "f1-score": 0.8014090708938794,
                "support": 1235
            },
            "1": {
                "precision": 0.7938816891474918,
                "recall": 0.8727466563287459,
                "f1-score": 0.8314482249203637,
                "support": 10318
            },
            "2": {
                "precision": 0.6859015007398013,
                "recall": 0.633541585318235,
                "f1-score": 0.6586826347305388,
                "support": 5122
            },
            "3": {
                "precision": 0.8443548387096774,
                "recall": 0.60801393728223,
                "f1-score": 0.7069547602970965,
                "support": 1722
            },
            "4": {
                "precision": 0.9812393405343945,
                "recall": 0.9845978322875071,
                "f1-score": 0.9829157175398633,
                "support": 1753
            },
            "5": {
                "precision": 0.9722283691082098,
                "recall": 0.9713685606898077,
                "f1-score": 0.9717982747179826,
                "support": 9046
            },
            "6": {
                "precision": 0.8554421768707483,
                "recall": 0.8304898183819482,
                "f1-score": 0.8427813459927394,
                "support": 1817
            },
            "7": {
                "precision": 0.9577205882352942,
                "recall": 0.9617869669558796,
                "f1-score": 0.9597494703877683,
                "support": 5417
            },
            "8": {
                "precision": 0.9138461538461539,
                "recall": 0.9366130558183539,
                "f1-score": 0.9250895499143434,
                "support": 3171
            },
            "accuracy": 0.868892199691927,
            "macro avg": {
                "precision": 0.87588811506335,
                "recall": 0.8373333909250962,
                "f1-score": 0.8534254499327305,
                "support": 39601
            },
            "weighted avg": {
                "precision": 0.8686205522984013,
                "recall": 0.868892199691927,
                "f1-score": 0.8670858194259656,
                "support": 39601
            },
            "logloss": 0.33546579451313513,
            "score": -0.33546579451313513
        },
        "val": {
            "0": {
                "precision": 0.7017543859649122,
                "recall": 0.5194805194805194,
                "f1-score": 0.5970149253731343,
                "support": 308
            },
            "1": {
                "precision": 0.7506138197123816,
                "recall": 0.8294573643410853,
                "f1-score": 0.7880684956729884,
                "support": 2580
            },
            "2": {
                "precision": 0.6087321578505458,
                "recall": 0.5659640905542545,
                "f1-score": 0.5865695792880259,
                "support": 1281
            },
            "3": {
                "precision": 0.7275641025641025,
                "recall": 0.5266821345707656,
                "f1-score": 0.611036339165545,
                "support": 431
            },
            "4": {
                "precision": 0.9770642201834863,
                "recall": 0.9726027397260274,
                "f1-score": 0.9748283752860412,
                "support": 438
            },
            "5": {
                "precision": 0.9515912147019274,
                "recall": 0.9385499557913352,
                "f1-score": 0.9450255953705765,
                "support": 2262
            },
            "6": {
                "precision": 0.7454545454545455,
                "recall": 0.7224669603524229,
                "f1-score": 0.7337807606263983,
                "support": 454
            },
            "7": {
                "precision": 0.918293564714389,
                "recall": 0.9379615952732644,
                "f1-score": 0.9280233832663501,
                "support": 1354
            },
            "8": {
                "precision": 0.8492159227985525,
                "recall": 0.8877679697351829,
                "f1-score": 0.86806411837238,
                "support": 793
            },
            "accuracy": 0.8184021815978184,
            "macro avg": {
                "precision": 0.803364881549427,
                "recall": 0.7667703699805397,
                "f1-score": 0.7813790636023821,
                "support": 9901
            },
            "weighted avg": {
                "precision": 0.8162587174307484,
                "recall": 0.8184021815978184,
                "f1-score": 0.8155264424138365,
                "support": 9901
            },
            "logloss": 0.4734561761134767,
            "score": -0.4734561761134767
        },
        "test": {
            "0": {
                "precision": 0.6972789115646258,
                "recall": 0.5310880829015544,
                "f1-score": 0.6029411764705882,
                "support": 386
            },
            "1": {
                "precision": 0.7523064020128599,
                "recall": 0.8346774193548387,
                "f1-score": 0.7913542126157918,
                "support": 3224
            },
            "2": {
                "precision": 0.6071932299012694,
                "recall": 0.537788881948782,
                "f1-score": 0.5703875455448825,
                "support": 1601
            },
            "3": {
                "precision": 0.7097560975609756,
                "recall": 0.5408921933085502,
                "f1-score": 0.6139240506329114,
                "support": 538
            },
            "4": {
                "precision": 0.978021978021978,
                "recall": 0.9744525547445255,
                "f1-score": 0.9762340036563071,
                "support": 548
            },
            "5": {
                "precision": 0.9517045454545454,
                "recall": 0.948001414927485,
                "f1-score": 0.9498493709020026,
                "support": 2827
            },
            "6": {
                "precision": 0.7490842490842491,
                "recall": 0.7200704225352113,
                "f1-score": 0.7342908438061042,
                "support": 568
            },
            "7": {
                "precision": 0.9179755671902269,
                "recall": 0.9320732427643237,
                "f1-score": 0.924970691676436,
                "support": 1693
            },
            "8": {
                "precision": 0.8485714285714285,
                "recall": 0.8990918264379415,
                "f1-score": 0.8731014208721215,
                "support": 991
            },
            "accuracy": 0.819327731092437,
            "macro avg": {
                "precision": 0.8013213788180177,
                "recall": 0.7686817821025792,
                "f1-score": 0.7818948129085717,
                "support": 12376
            },
            "weighted avg": {
                "precision": 0.8157338566512913,
                "recall": 0.819327731092437,
                "f1-score": 0.8157756439210395,
                "support": 12376
            },
            "logloss": 0.465480707975945,
            "score": -0.465480707975945
        }
    }
}
