{
    "program": "bin/ensemble.py",
    "single_program": "/slot/sandbox/d/in/script/0_script_unpacked/pretrains/bin/augmented_supervised___a678016f05e642a38c96513686fb4bfc.py",
    "config": {
        "seeds": [
            "10",
            "11",
            "12",
            "13",
            "14"
        ]
    },
    "prediction_type": null,
    "metrics": {
        "train": {
            "rmse": 0.3106115515859249,
            "score": -0.3106115515859249
        },
        "val": {
            "rmse": 0.4447557344602668,
            "score": -0.4447557344602668
        },
        "test": {
            "rmse": 0.4451822028242026,
            "score": -0.4451822028242026
        }
    }
}
