{
    "program": "bin/ensemble.py",
    "single_program": "/slot/sandbox/d/in/script/0_script_unpacked/pretrains/bin/pretrain_mask___815b4711a3844c62a9945292c6a7ba3b.py",
    "config": {
        "seeds": [
            "0",
            "1",
            "2",
            "3",
            "4"
        ]
    },
    "prediction_type": "probs",
    "metrics": {
        "train": {
            "0": {
                "precision": 0.8957327853968557,
                "recall": 0.947914032869785,
                "f1-score": 0.9210849589700751,
                "support": 19775
            },
            "1": {
                "precision": 0.7988674087092364,
                "recall": 0.6521600510122748,
                "f1-score": 0.7180972441635948,
                "support": 6273
            },
            "accuracy": 0.8766891891891891,
            "macro avg": {
                "precision": 0.8473000970530461,
                "recall": 0.8000370419410299,
                "f1-score": 0.8195911015668349,
                "support": 26048
            },
            "weighted avg": {
                "precision": 0.87240521675583,
                "recall": 0.8766891891891891,
                "f1-score": 0.8722005173630015,
                "support": 26048
            },
            "roc_auc": 0.9327519441476857,
            "score": 0.9327519441476857
        },
        "val": {
            "0": {
                "precision": 0.88460068781047,
                "recall": 0.9362992922143579,
                "f1-score": 0.9097160821298753,
                "support": 4945
            },
            "1": {
                "precision": 0.7537138389366693,
                "recall": 0.6147959183673469,
                "f1-score": 0.6772040744643484,
                "support": 1568
            },
            "accuracy": 0.8588975894365116,
            "macro avg": {
                "precision": 0.8191572633735696,
                "recall": 0.7755476052908524,
                "f1-score": 0.7934600782971118,
                "support": 6513
            },
            "weighted avg": {
                "precision": 0.8530897744012701,
                "recall": 0.8588975894365116,
                "f1-score": 0.8537389858578738,
                "support": 6513
            },
            "roc_auc": 0.9175567724562019,
            "score": 0.9175567724562019
        },
        "test": {
            "0": {
                "precision": 0.8856166982922201,
                "recall": 0.9383192601527945,
                "f1-score": 0.9112065599375244,
                "support": 12435
            },
            "1": {
                "precision": 0.753058596265293,
                "recall": 0.608164326573063,
                "f1-score": 0.6728998849252014,
                "support": 3846
            },
            "accuracy": 0.8603279896812235,
            "macro avg": {
                "precision": 0.8193376472787566,
                "recall": 0.7732417933629288,
                "f1-score": 0.7920532224313629,
                "support": 16281
            },
            "weighted avg": {
                "precision": 0.854302991493156,
                "recall": 0.8603279896812235,
                "f1-score": 0.8549122615469222,
                "support": 16281
            },
            "roc_auc": 0.9134123861134582,
            "score": 0.9134123861134582
        }
    }
}
