{
    "program": "bin/ensemble.py",
    "single_program": "/slot/sandbox/d/in/script/0_script_unpacked/pretrains/bin/pretrain_ae___c57fdf191b7842a0b9b064c32688b613.py",
    "config": {
        "seeds": [
            "10",
            "11",
            "12",
            "13",
            "14"
        ]
    },
    "prediction_type": "probs",
    "metrics": {
        "train": {
            "0": {
                "precision": 0.8821917808219178,
                "recall": 0.7821862348178138,
                "f1-score": 0.8291845493562232,
                "support": 1235
            },
            "1": {
                "precision": 0.804144269117392,
                "recall": 0.8989145183175034,
                "f1-score": 0.8488925498810177,
                "support": 10318
            },
            "2": {
                "precision": 0.7371492704826038,
                "recall": 0.6411557985162046,
                "f1-score": 0.6858097525321082,
                "support": 5122
            },
            "3": {
                "precision": 0.8608490566037735,
                "recall": 0.6358885017421603,
                "f1-score": 0.7314629258517034,
                "support": 1722
            },
            "4": {
                "precision": 0.98005698005698,
                "recall": 0.9811751283513976,
                "f1-score": 0.9806157354618016,
                "support": 1753
            },
            "5": {
                "precision": 0.9758730858213066,
                "recall": 0.9792173336281229,
                "f1-score": 0.9775423495006346,
                "support": 9046
            },
            "6": {
                "precision": 0.8688888888888889,
                "recall": 0.8607594936708861,
                "f1-score": 0.8648050870887476,
                "support": 1817
            },
            "7": {
                "precision": 0.9616584113006788,
                "recall": 0.967694295735647,
                "f1-score": 0.9646669120353332,
                "support": 5417
            },
            "8": {
                "precision": 0.9364326375711575,
                "recall": 0.9337748344370861,
                "f1-score": 0.935101847465656,
                "support": 3171
            },
            "accuracy": 0.8829322491856266,
            "macro avg": {
                "precision": 0.8896938200738553,
                "recall": 0.8534184599129802,
                "f1-score": 0.8686757454636918,
                "support": 39601
            },
            "weighted avg": {
                "precision": 0.8825034341606618,
                "recall": 0.8829322491856266,
                "f1-score": 0.8807666448021488,
                "support": 39601
            },
            "logloss": 0.31109478878858987,
            "score": -0.31109478878858987
        },
        "val": {
            "0": {
                "precision": 0.6900826446280992,
                "recall": 0.5422077922077922,
                "f1-score": 0.6072727272727274,
                "support": 308
            },
            "1": {
                "precision": 0.7432570843291225,
                "recall": 0.8437984496124031,
                "f1-score": 0.7903430749682337,
                "support": 2580
            },
            "2": {
                "precision": 0.6202185792349727,
                "recall": 0.531615925058548,
                "f1-score": 0.5725094577553594,
                "support": 1281
            },
            "3": {
                "precision": 0.7320872274143302,
                "recall": 0.5452436194895591,
                "f1-score": 0.625,
                "support": 431
            },
            "4": {
                "precision": 0.9769585253456221,
                "recall": 0.9680365296803652,
                "f1-score": 0.9724770642201834,
                "support": 438
            },
            "5": {
                "precision": 0.9526362823949955,
                "recall": 0.9425287356321839,
                "f1-score": 0.9475555555555555,
                "support": 2262
            },
            "6": {
                "precision": 0.75,
                "recall": 0.7334801762114538,
                "f1-score": 0.7416481069042318,
                "support": 454
            },
            "7": {
                "precision": 0.9142033165104542,
                "recall": 0.9364844903988183,
                "f1-score": 0.9252097774534841,
                "support": 1354
            },
            "8": {
                "precision": 0.8638613861386139,
                "recall": 0.880201765447667,
                "f1-score": 0.8719550281074328,
                "support": 793
            },
            "accuracy": 0.8196141803858196,
            "macro avg": {
                "precision": 0.8048116717773567,
                "recall": 0.7692886093043101,
                "f1-score": 0.7837745324708009,
                "support": 9901
            },
            "weighted avg": {
                "precision": 0.8167177862611963,
                "recall": 0.8196141803858196,
                "f1-score": 0.8159885856068577,
                "support": 9901
            },
            "logloss": 0.46062513497983404,
            "score": -0.46062513497983404
        },
        "test": {
            "0": {
                "precision": 0.7055016181229773,
                "recall": 0.5647668393782384,
                "f1-score": 0.6273381294964028,
                "support": 386
            },
            "1": {
                "precision": 0.7569137168141593,
                "recall": 0.8489454094292804,
                "f1-score": 0.8002923976608187,
                "support": 3224
            },
            "2": {
                "precision": 0.6201780415430267,
                "recall": 0.5221736414740787,
                "f1-score": 0.5669718548660563,
                "support": 1601
            },
            "3": {
                "precision": 0.7087378640776699,
                "recall": 0.5427509293680297,
                "f1-score": 0.6147368421052632,
                "support": 538
            },
            "4": {
                "precision": 0.9726775956284153,
                "recall": 0.9744525547445255,
                "f1-score": 0.9735642661804923,
                "support": 548
            },
            "5": {
                "precision": 0.9495768688293371,
                "recall": 0.9525999292536258,
                "f1-score": 0.9510859968214728,
                "support": 2827
            },
            "6": {
                "precision": 0.7490974729241877,
                "recall": 0.7306338028169014,
                "f1-score": 0.7397504456327985,
                "support": 568
            },
            "7": {
                "precision": 0.9164248403946604,
                "recall": 0.932663910218547,
                "f1-score": 0.9244730679156908,
                "support": 1693
            },
            "8": {
                "precision": 0.8610301263362488,
                "recall": 0.8940464177598385,
                "f1-score": 0.8772277227722772,
                "support": 991
            },
            "accuracy": 0.8233678086619263,
            "macro avg": {
                "precision": 0.8044597938522979,
                "recall": 0.7736703816047851,
                "f1-score": 0.7861600803834747,
                "support": 12376
            },
            "weighted avg": {
                "precision": 0.8188894689868874,
                "recall": 0.8233678086619263,
                "f1-score": 0.8191356439872748,
                "support": 12376
            },
            "logloss": 0.45609130321975017,
            "score": -0.45609130321975017
        }
    }
}
