{
    "program": "bin/ensemble.py",
    "single_program": "/slot/sandbox/d/in/script/0_script_unpacked/pretrains/bin/pretrain_mask_fast___88f334f0dee44fc782727ac73dc94e4f.py",
    "config": {
        "seeds": [
            "5",
            "6",
            "7",
            "8",
            "9"
        ]
    },
    "prediction_type": null,
    "metrics": {
        "train": {
            "rmse": 3.2392207906941963,
            "score": -3.2392207906941963
        },
        "val": {
            "rmse": 5.08404857546346,
            "score": -5.08404857546346
        },
        "test": {
            "rmse": 5.35626273848339,
            "score": -5.35626273848339
        }
    }
}
