{
    "program": "bin/ensemble.py",
    "single_program": "/slot/sandbox/d/in/script/0_script_unpacked/pretrains/bin/pretrain_ae___48f26bb00a5e4121b49357a507a24323.py",
    "config": {
        "seeds": [
            "5",
            "6",
            "7",
            "8",
            "9"
        ]
    },
    "prediction_type": null,
    "metrics": {
        "train": {
            "rmse": 19754.458879201786,
            "score": -19754.458879201786
        },
        "val": {
            "rmse": 26881.151686181307,
            "score": -26881.151686181307
        },
        "test": {
            "rmse": 29735.83792283713,
            "score": -29735.83792283713
        }
    }
}
