{
    "program": "bin/ensemble.py",
    "single_program": "/slot/sandbox/d/in/script/0_script_unpacked/pretrains/bin/pretrain_mask_supervised___f4e9a6c24e054a84a5b5841e29de67ba.py",
    "config": {
        "seeds": [
            "5",
            "6",
            "7",
            "8",
            "9"
        ]
    },
    "prediction_type": "probs",
    "metrics": {
        "train": {
            "0": {
                "precision": 0.9214659685863874,
                "recall": 0.8550607287449393,
                "f1-score": 0.887022259554809,
                "support": 1235
            },
            "1": {
                "precision": 0.8126992561105207,
                "recall": 0.8894165535956581,
                "f1-score": 0.8493290143452106,
                "support": 10318
            },
            "2": {
                "precision": 0.731236442516269,
                "recall": 0.658141351034752,
                "f1-score": 0.6927661323468968,
                "support": 5122
            },
            "3": {
                "precision": 0.8534107402031931,
                "recall": 0.6829268292682927,
                "f1-score": 0.7587096774193549,
                "support": 1722
            },
            "4": {
                "precision": 0.9818491208167895,
                "recall": 0.9874500855675984,
                "f1-score": 0.984641638225256,
                "support": 1753
            },
            "5": {
                "precision": 0.9832872163807416,
                "recall": 0.9820915321689144,
                "f1-score": 0.982689010563575,
                "support": 9046
            },
            "6": {
                "precision": 0.8994382022471911,
                "recall": 0.8811227297743534,
                "f1-score": 0.8901862663330554,
                "support": 1817
            },
            "7": {
                "precision": 0.9717399335057259,
                "recall": 0.9712017721986339,
                "f1-score": 0.9714707783214847,
                "support": 5417
            },
            "8": {
                "precision": 0.9487904492617028,
                "recall": 0.9523809523809523,
                "f1-score": 0.9505823103556814,
                "support": 3171
            },
            "accuracy": 0.8908108381101487,
            "macro avg": {
                "precision": 0.9004352588476134,
                "recall": 0.8733102816371217,
                "f1-score": 0.8852663430517027,
                "support": 39601
            },
            "weighted avg": {
                "precision": 0.8904122210301587,
                "recall": 0.8908108381101487,
                "f1-score": 0.889457316597068,
                "support": 39601
            },
            "logloss": 0.2870638052206477,
            "score": -0.2870638052206477
        },
        "val": {
            "0": {
                "precision": 0.7142857142857143,
                "recall": 0.5681818181818182,
                "f1-score": 0.6329113924050633,
                "support": 308
            },
            "1": {
                "precision": 0.7562761506276151,
                "recall": 0.8406976744186047,
                "f1-score": 0.7962555066079295,
                "support": 2580
            },
            "2": {
                "precision": 0.6264118158123371,
                "recall": 0.5628415300546448,
                "f1-score": 0.5929276315789473,
                "support": 1281
            },
            "3": {
                "precision": 0.7492260061919505,
                "recall": 0.5614849187935035,
                "f1-score": 0.6419098143236075,
                "support": 431
            },
            "4": {
                "precision": 0.9701149425287356,
                "recall": 0.9634703196347032,
                "f1-score": 0.9667812142038946,
                "support": 438
            },
            "5": {
                "precision": 0.9507104795737122,
                "recall": 0.9465075154730327,
                "f1-score": 0.9486043420469651,
                "support": 2262
            },
            "6": {
                "precision": 0.7685185185185185,
                "recall": 0.7312775330396476,
                "f1-score": 0.7494356659142213,
                "support": 454
            },
            "7": {
                "precision": 0.9249271137026239,
                "recall": 0.9372230428360414,
                "f1-score": 0.9310344827586207,
                "support": 1354
            },
            "8": {
                "precision": 0.8614823815309842,
                "recall": 0.8940731399747793,
                "f1-score": 0.8774752475247525,
                "support": 793
            },
            "accuracy": 0.8261791738208262,
            "macro avg": {
                "precision": 0.813550346974688,
                "recall": 0.7784174991563083,
                "f1-score": 0.7930372552626669,
                "support": 9901
            },
            "weighted avg": {
                "precision": 0.8237929614060939,
                "recall": 0.8261791738208262,
                "f1-score": 0.8232880404741161,
                "support": 9901
            },
            "logloss": 0.44686532537897866,
            "score": -0.44686532537897866
        },
        "test": {
            "0": {
                "precision": 0.7357859531772575,
                "recall": 0.5699481865284974,
                "f1-score": 0.6423357664233577,
                "support": 386
            },
            "1": {
                "precision": 0.7666290868094702,
                "recall": 0.8436724565756824,
                "f1-score": 0.8033077377436504,
                "support": 3224
            },
            "2": {
                "precision": 0.6281512605042017,
                "recall": 0.5602748282323547,
                "f1-score": 0.592274678111588,
                "support": 1601
            },
            "3": {
                "precision": 0.7183770883054893,
                "recall": 0.5594795539033457,
                "f1-score": 0.6290491118077326,
                "support": 538
            },
            "4": {
                "precision": 0.978021978021978,
                "recall": 0.9744525547445255,
                "f1-score": 0.9762340036563071,
                "support": 548
            },
            "5": {
                "precision": 0.9501590668080594,
                "recall": 0.9508312698974177,
                "f1-score": 0.9504950495049506,
                "support": 2827
            },
            "6": {
                "precision": 0.7666666666666667,
                "recall": 0.7288732394366197,
                "f1-score": 0.7472924187725632,
                "support": 568
            },
            "7": {
                "precision": 0.9208092485549133,
                "recall": 0.9409332545776727,
                "f1-score": 0.9307624890446976,
                "support": 1693
            },
            "8": {
                "precision": 0.8659594985535197,
                "recall": 0.9061553985872856,
                "f1-score": 0.8856015779092702,
                "support": 991
            },
            "accuracy": 0.8294279250161604,
            "macro avg": {
                "precision": 0.814506649711284,
                "recall": 0.7816245269426001,
                "f1-score": 0.7952614258860131,
                "support": 12376
            },
            "weighted avg": {
                "precision": 0.8259858523541399,
                "recall": 0.8294279250161604,
                "f1-score": 0.8261446206053558,
                "support": 12376
            },
            "logloss": 0.44486407217331897,
            "score": -0.44486407217331897
        }
    }
}
