{
    "program": "bin/ensemble.py",
    "single_program": "/slot/sandbox/d/in/script/0_script_unpacked/pretrains/bin/pretrain_mask___41a66d9e6e4a450aa73b706f17e60857.py",
    "config": {
        "seeds": [
            "5",
            "6",
            "7",
            "8",
            "9"
        ]
    },
    "prediction_type": null,
    "metrics": {
        "train": {
            "rmse": 0.2828117202463285,
            "score": -0.2828117202463285
        },
        "val": {
            "rmse": 0.4280617480542659,
            "score": -0.4280617480542659
        },
        "test": {
            "rmse": 0.42346593247761616,
            "score": -0.42346593247761616
        }
    }
}
