{
    "program": "bin/ensemble.py",
    "single_program": "/slot/sandbox/d/in/script/0_script_unpacked/pretrains/bin/pretrain_ae___f7ebcc555481427490b0ed22c9a7dc96.py",
    "config": {
        "seeds": [
            "10",
            "11",
            "12",
            "13",
            "14"
        ]
    },
    "prediction_type": "probs",
    "metrics": {
        "train": {
            "0": {
                "precision": 0.9287234042553192,
                "recall": 0.9954389965792474,
                "f1-score": 0.9609246009906439,
                "support": 1754
            },
            "1": {
                "precision": 0.9865996649916248,
                "recall": 0.9231974921630094,
                "f1-score": 0.9538461538461539,
                "support": 638
            },
            "2": {
                "precision": 1.0,
                "recall": 0.9769001490312966,
                "f1-score": 0.9883151149641914,
                "support": 1342
            },
            "3": {
                "precision": 1.0,
                "recall": 0.9870689655172413,
                "f1-score": 0.9934924078091106,
                "support": 696
            },
            "4": {
                "precision": 0.9978296256104178,
                "recall": 0.9740466101694916,
                "f1-score": 0.9857946931117663,
                "support": 1888
            },
            "accuracy": 0.9768914213358658,
            "macro avg": {
                "precision": 0.9826305389714725,
                "recall": 0.9713304426920573,
                "f1-score": 0.9764745941443733,
                "support": 6318
            },
            "weighted avg": {
                "precision": 0.9782104733271535,
                "recall": 0.9768914213358658,
                "f1-score": 0.9770474164298095,
                "support": 6318
            },
            "score": 0.9768914213358658
        },
        "val": {
            "0": {
                "precision": 0.7329317269076305,
                "recall": 0.8314350797266514,
                "f1-score": 0.7790821771611526,
                "support": 439
            },
            "1": {
                "precision": 0.625,
                "recall": 0.59375,
                "f1-score": 0.6089743589743589,
                "support": 160
            },
            "2": {
                "precision": 0.6845425867507886,
                "recall": 0.6477611940298508,
                "f1-score": 0.6656441717791411,
                "support": 335
            },
            "3": {
                "precision": 0.6490066225165563,
                "recall": 0.5632183908045977,
                "f1-score": 0.603076923076923,
                "support": 174
            },
            "4": {
                "precision": 0.7380952380952381,
                "recall": 0.722457627118644,
                "f1-score": 0.7301927194860813,
                "support": 472
            },
            "accuracy": 0.7063291139240506,
            "macro avg": {
                "precision": 0.6859152348540427,
                "recall": 0.6717244583359487,
                "f1-score": 0.6773940700955314,
                "support": 1580
            },
            "weighted avg": {
                "precision": 0.7040423413751881,
                "recall": 0.7063291139240506,
                "f1-score": 0.703816530992703,
                "support": 1580
            },
            "score": 0.7063291139240506
        },
        "test": {
            "0": {
                "precision": 0.7483221476510067,
                "recall": 0.8138686131386861,
                "f1-score": 0.7797202797202797,
                "support": 548
            },
            "1": {
                "precision": 0.6526315789473685,
                "recall": 0.62,
                "f1-score": 0.635897435897436,
                "support": 200
            },
            "2": {
                "precision": 0.6625615763546798,
                "recall": 0.6404761904761904,
                "f1-score": 0.6513317191283293,
                "support": 420
            },
            "3": {
                "precision": 0.6353591160220995,
                "recall": 0.5299539170506913,
                "f1-score": 0.577889447236181,
                "support": 217
            },
            "4": {
                "precision": 0.7159468438538206,
                "recall": 0.7305084745762712,
                "f1-score": 0.7231543624161072,
                "support": 590
            },
            "accuracy": 0.7012658227848101,
            "macro avg": {
                "precision": 0.6829642525657948,
                "recall": 0.6669614390483678,
                "f1-score": 0.6735986488796666,
                "support": 1975
            },
            "weighted avg": {
                "precision": 0.6983110282641724,
                "recall": 0.7012658227848101,
                "f1-score": 0.6987790412029636,
                "support": 1975
            },
            "score": 0.7012658227848101
        }
    }
}
