{
    "program": "bin/ensemble.py",
    "single_program": "/slot/sandbox/d/in/script/0_script_unpacked/pretrains/bin/pretrain_ae_ddp___498ea375e85f4afb930299de798fb328.py",
    "config": {
        "seeds": [
            "0",
            "1",
            "2",
            "3",
            "4"
        ]
    },
    "prediction_type": null,
    "metrics": {
        "train": {
            "rmse": 1.452234511151463,
            "score": -1.452234511151463
        },
        "val": {
            "rmse": 1.7986151496375098,
            "score": -1.7986151496375098
        },
        "test": {
            "rmse": 1.8011503005767515,
            "score": -1.8011503005767515
        }
    }
}
