{
    "program": "bin/ensemble.py",
    "single_program": "/slot/sandbox/d/in/script/0_script_unpacked/pretrains/bin/pretrain_mask_supervised___5d613101cea64a948db9a9fbd5ea6666.py",
    "config": {
        "seeds": [
            "0",
            "1",
            "2",
            "3",
            "4"
        ]
    },
    "prediction_type": "probs",
    "metrics": {
        "train": {
            "0": {
                "precision": 0.9001396984440484,
                "recall": 0.9449304677623261,
                "f1-score": 0.9219914146148911,
                "support": 19775
            },
            "1": {
                "precision": 0.7941009642654566,
                "recall": 0.6695361071257772,
                "f1-score": 0.7265179034769071,
                "support": 6273
            },
            "accuracy": 0.8786087223587223,
            "macro avg": {
                "precision": 0.8471203313547525,
                "recall": 0.8072332874440517,
                "f1-score": 0.8242546590458991,
                "support": 26048
            },
            "weighted avg": {
                "precision": 0.8746029593661037,
                "recall": 0.8786087223587223,
                "f1-score": 0.8749165783369206,
                "support": 26048
            },
            "roc_auc": 0.9337068079983991,
            "score": 0.9337068079983991
        },
        "val": {
            "0": {
                "precision": 0.8903051371185786,
                "recall": 0.9322548028311426,
                "f1-score": 0.9107971945075571,
                "support": 4945
            },
            "1": {
                "precision": 0.7490636704119851,
                "recall": 0.6377551020408163,
                "f1-score": 0.6889424733034791,
                "support": 1568
            },
            "accuracy": 0.8613542146476278,
            "macro avg": {
                "precision": 0.8196844037652818,
                "recall": 0.7850049524359795,
                "f1-score": 0.7998698339055181,
                "support": 6513
            },
            "weighted avg": {
                "precision": 0.8563013570178665,
                "recall": 0.8613542146476278,
                "f1-score": 0.8573858321786773,
                "support": 6513
            },
            "roc_auc": 0.9207894621448174,
            "score": 0.9207894621448174
        },
        "test": {
            "0": {
                "precision": 0.891214351425943,
                "recall": 0.9348612786489746,
                "f1-score": 0.9125161898033676,
                "support": 12435
            },
            "1": {
                "precision": 0.7497683039851715,
                "recall": 0.6310452418096724,
                "f1-score": 0.6853028377806014,
                "support": 3846
            },
            "accuracy": 0.863091947669062,
            "macro avg": {
                "precision": 0.8204913277055572,
                "recall": 0.7829532602293234,
                "f1-score": 0.7989095137919845,
                "support": 16281
            },
            "weighted avg": {
                "precision": 0.8578010783802328,
                "recall": 0.863091947669062,
                "f1-score": 0.8588424257913562,
                "support": 16281
            },
            "roc_auc": 0.9164869698929494,
            "score": 0.9164869698929494
        }
    }
}
