{
    "program": "bin/ensemble.py",
    "single_program": "/slot/sandbox/d/in/script/0_script_unpacked/pretrains/bin/pretrain_mask_supervised_fast___4f643edbe1e143c690241bc155a29af9.py",
    "config": {
        "seeds": [
            "10",
            "11",
            "12",
            "13",
            "14"
        ]
    },
    "prediction_type": null,
    "metrics": {
        "train": {
            "rmse": 3.8215916197658975,
            "score": -3.8215916197658975
        },
        "val": {
            "rmse": 5.18155777961469,
            "score": -5.18155777961469
        },
        "test": {
            "rmse": 5.423255679068788,
            "score": -5.423255679068788
        }
    }
}
