{
    "program": "bin/ensemble.py",
    "single_program": "/slot/sandbox/d/in/script/0_script_unpacked/pretrains/bin/augmented_supervised___2b2e40a1425a4063a981bb60d1d57bc2.py",
    "config": {
        "seeds": [
            "0",
            "1",
            "2",
            "3",
            "4"
        ]
    },
    "prediction_type": "probs",
    "metrics": {
        "train": {
            "0": {
                "precision": 0.96,
                "recall": 0.8356275303643724,
                "f1-score": 0.8935064935064934,
                "support": 1235
            },
            "1": {
                "precision": 0.7823388231399487,
                "recall": 0.9161659236286102,
                "f1-score": 0.8439801794562743,
                "support": 10318
            },
            "2": {
                "precision": 0.7506112469437652,
                "recall": 0.5993752440452949,
                "f1-score": 0.6665219279201042,
                "support": 5122
            },
            "3": {
                "precision": 0.9231418918918919,
                "recall": 0.6347270615563299,
                "f1-score": 0.7522367515485203,
                "support": 1722
            },
            "4": {
                "precision": 0.9565695437053326,
                "recall": 0.9925841414717627,
                "f1-score": 0.9742441209406495,
                "support": 1753
            },
            "5": {
                "precision": 0.9850415512465374,
                "recall": 0.9827548087552509,
                "f1-score": 0.9838968513087266,
                "support": 9046
            },
            "6": {
                "precision": 0.9319371727748691,
                "recall": 0.8816730875068794,
                "f1-score": 0.9061085972850679,
                "support": 1817
            },
            "7": {
                "precision": 0.9732965009208103,
                "recall": 0.9756322687834594,
                "f1-score": 0.9744629851571863,
                "support": 5417
            },
            "8": {
                "precision": 0.9474181360201511,
                "recall": 0.9489120151371807,
                "f1-score": 0.9481644871592878,
                "support": 3171
            },
            "accuracy": 0.8882098936895533,
            "macro avg": {
                "precision": 0.9122616518492561,
                "recall": 0.8630502312499044,
                "f1-score": 0.8825691549202568,
                "support": 39601
            },
            "weighted avg": {
                "precision": 0.8901175551696493,
                "recall": 0.8882098936895533,
                "f1-score": 0.8853519045902106,
                "support": 39601
            },
            "logloss": 0.2954848994588435,
            "score": -0.2954848994588435
        },
        "val": {
            "0": {
                "precision": 0.7625570776255708,
                "recall": 0.5422077922077922,
                "f1-score": 0.6337760910815938,
                "support": 308
            },
            "1": {
                "precision": 0.7317073170731707,
                "recall": 0.872093023255814,
                "f1-score": 0.7957559681697612,
                "support": 2580
            },
            "2": {
                "precision": 0.6538461538461539,
                "recall": 0.5308352849336456,
                "f1-score": 0.5859543300301594,
                "support": 1281
            },
            "3": {
                "precision": 0.8488372093023255,
                "recall": 0.5081206496519721,
                "f1-score": 0.6357039187227866,
                "support": 431
            },
            "4": {
                "precision": 0.9318681318681319,
                "recall": 0.9680365296803652,
                "f1-score": 0.9496080627099663,
                "support": 438
            },
            "5": {
                "precision": 0.9507104795737122,
                "recall": 0.9465075154730327,
                "f1-score": 0.9486043420469651,
                "support": 2262
            },
            "6": {
                "precision": 0.7941888619854721,
                "recall": 0.7224669603524229,
                "f1-score": 0.7566320645905421,
                "support": 454
            },
            "7": {
                "precision": 0.9213564213564214,
                "recall": 0.9431314623338257,
                "f1-score": 0.9321167883211678,
                "support": 1354
            },
            "8": {
                "precision": 0.8729763387297634,
                "recall": 0.8839848675914249,
                "f1-score": 0.8784461152882206,
                "support": 793
            },
            "accuracy": 0.8268861731138268,
            "macro avg": {
                "precision": 0.8297831101511914,
                "recall": 0.7685982317200328,
                "f1-score": 0.7907330756623515,
                "support": 9901
            },
            "weighted avg": {
                "precision": 0.826695499370605,
                "recall": 0.8268861731138268,
                "f1-score": 0.8218084568206238,
                "support": 9901
            },
            "logloss": 0.44844248784051854,
            "score": -0.44844248784051854
        },
        "test": {
            "0": {
                "precision": 0.7692307692307693,
                "recall": 0.5440414507772021,
                "f1-score": 0.6373292867981791,
                "support": 386
            },
            "1": {
                "precision": 0.7336631085654778,
                "recall": 0.8740694789081885,
                "f1-score": 0.7977353149327671,
                "support": 3224
            },
            "2": {
                "precision": 0.6332263242375602,
                "recall": 0.4928169893816365,
                "f1-score": 0.5542676501580611,
                "support": 1601
            },
            "3": {
                "precision": 0.7888563049853372,
                "recall": 0.5,
                "f1-score": 0.6120591581342435,
                "support": 538
            },
            "4": {
                "precision": 0.9354275741710296,
                "recall": 0.9781021897810219,
                "f1-score": 0.9562890276538806,
                "support": 548
            },
            "5": {
                "precision": 0.9465165376495426,
                "recall": 0.9515387336399009,
                "f1-score": 0.9490209913565002,
                "support": 2827
            },
            "6": {
                "precision": 0.76953125,
                "recall": 0.6936619718309859,
                "f1-score": 0.7296296296296296,
                "support": 568
            },
            "7": {
                "precision": 0.9202772963604853,
                "recall": 0.9409332545776727,
                "f1-score": 0.9304906542056074,
                "support": 1693
            },
            "8": {
                "precision": 0.872173058013766,
                "recall": 0.8950554994954592,
                "f1-score": 0.8834661354581672,
                "support": 991
            },
            "accuracy": 0.8230446024563671,
            "macro avg": {
                "precision": 0.818766913690441,
                "recall": 0.7633577298213409,
                "f1-score": 0.7833653164807818,
                "support": 12376
            },
            "weighted avg": {
                "precision": 0.8199996971505776,
                "recall": 0.8230446024563671,
                "f1-score": 0.8166428629754796,
                "support": 12376
            },
            "logloss": 0.4474004175570779,
            "score": -0.4474004175570779
        }
    }
}
