{
    "program": "bin/ensemble.py",
    "single_program": "/slot/sandbox/d/in/script/0_script_unpacked/pretrains/bin/pretrain_ae___b54ff5957f5a4102b8cab0d81a5a3c8c.py",
    "config": {
        "seeds": [
            "0",
            "1",
            "2",
            "3",
            "4"
        ]
    },
    "prediction_type": "probs",
    "metrics": {
        "train": {
            "0": {
                "precision": 0.8494138863841298,
                "recall": 0.762753036437247,
                "f1-score": 0.8037542662116041,
                "support": 1235
            },
            "1": {
                "precision": 0.8123367852318776,
                "recall": 0.8742973444465981,
                "f1-score": 0.8421789665312981,
                "support": 10318
            },
            "2": {
                "precision": 0.700917048770321,
                "recall": 0.656579461147989,
                "f1-score": 0.6780241935483872,
                "support": 5122
            },
            "3": {
                "precision": 0.842144452717796,
                "recall": 0.6567944250871081,
                "f1-score": 0.7380097879282218,
                "support": 1722
            },
            "4": {
                "precision": 0.977840909090909,
                "recall": 0.9817455790074159,
                "f1-score": 0.9797893538286365,
                "support": 1753
            },
            "5": {
                "precision": 0.9707770644232898,
                "recall": 0.969489277028521,
                "f1-score": 0.970132743362832,
                "support": 9046
            },
            "6": {
                "precision": 0.8353326063249727,
                "recall": 0.8431480462300496,
                "f1-score": 0.8392221309230348,
                "support": 1817
            },
            "7": {
                "precision": 0.9591799039527151,
                "recall": 0.9586486985416282,
                "f1-score": 0.9589142276798078,
                "support": 5417
            },
            "8": {
                "precision": 0.9194756554307116,
                "recall": 0.9290444654683065,
                "f1-score": 0.9242352941176472,
                "support": 3171
            },
            "accuracy": 0.8741950960834323,
            "macro avg": {
                "precision": 0.8741575902585247,
                "recall": 0.8480555925994293,
                "f1-score": 0.859362329347941,
                "support": 39601
            },
            "weighted avg": {
                "precision": 0.873617474262597,
                "recall": 0.8741950960834323,
                "f1-score": 0.8729420596501607,
                "support": 39601
            },
            "logloss": 0.3311209464461962,
            "score": -0.3311209464461962
        },
        "val": {
            "0": {
                "precision": 0.668,
                "recall": 0.5422077922077922,
                "f1-score": 0.5985663082437276,
                "support": 308
            },
            "1": {
                "precision": 0.7582300884955753,
                "recall": 0.8302325581395349,
                "f1-score": 0.7925994449583719,
                "support": 2580
            },
            "2": {
                "precision": 0.6240474174428451,
                "recall": 0.5753317720530835,
                "f1-score": 0.5987002437043053,
                "support": 1281
            },
            "3": {
                "precision": 0.7155963302752294,
                "recall": 0.54292343387471,
                "f1-score": 0.6174142480211082,
                "support": 431
            },
            "4": {
                "precision": 0.9768518518518519,
                "recall": 0.9634703196347032,
                "f1-score": 0.9701149425287355,
                "support": 438
            },
            "5": {
                "precision": 0.9448398576512456,
                "recall": 0.9389920424403183,
                "f1-score": 0.9419068736141907,
                "support": 2262
            },
            "6": {
                "precision": 0.7308533916849015,
                "recall": 0.73568281938326,
                "f1-score": 0.7332601536772777,
                "support": 454
            },
            "7": {
                "precision": 0.9284660766961652,
                "recall": 0.9298375184638109,
                "f1-score": 0.9291512915129151,
                "support": 1354
            },
            "8": {
                "precision": 0.850909090909091,
                "recall": 0.8852459016393442,
                "f1-score": 0.8677379480840545,
                "support": 793
            },
            "accuracy": 0.8202201797798202,
            "macro avg": {
                "precision": 0.7997549005563227,
                "recall": 0.7715471286485064,
                "f1-score": 0.7832723838160763,
                "support": 9901
            },
            "weighted avg": {
                "precision": 0.8179592641442465,
                "recall": 0.8202201797798202,
                "f1-score": 0.8177857174290972,
                "support": 9901
            },
            "logloss": 0.4608149220805554,
            "score": -0.4608149220805554
        },
        "test": {
            "0": {
                "precision": 0.6439628482972136,
                "recall": 0.538860103626943,
                "f1-score": 0.5867418899858956,
                "support": 386
            },
            "1": {
                "precision": 0.7650929899856939,
                "recall": 0.8294044665012407,
                "f1-score": 0.795951778538473,
                "support": 3224
            },
            "2": {
                "precision": 0.6079234972677595,
                "recall": 0.5559025608994379,
                "f1-score": 0.5807504078303426,
                "support": 1601
            },
            "3": {
                "precision": 0.7276995305164319,
                "recall": 0.5762081784386617,
                "f1-score": 0.6431535269709544,
                "support": 538
            },
            "4": {
                "precision": 0.9779411764705882,
                "recall": 0.9708029197080292,
                "f1-score": 0.9743589743589743,
                "support": 548
            },
            "5": {
                "precision": 0.9503369989357928,
                "recall": 0.9476476830562434,
                "f1-score": 0.948990435706695,
                "support": 2827
            },
            "6": {
                "precision": 0.7277486910994765,
                "recall": 0.7341549295774648,
                "f1-score": 0.7309377738825591,
                "support": 568
            },
            "7": {
                "precision": 0.9214076246334311,
                "recall": 0.9279385705847608,
                "f1-score": 0.9246615656268393,
                "support": 1693
            },
            "8": {
                "precision": 0.8529698149951315,
                "recall": 0.8839556004036327,
                "f1-score": 0.8681863230921706,
                "support": 991
            },
            "accuracy": 0.8207013574660633,
            "macro avg": {
                "precision": 0.7972314635779465,
                "recall": 0.7738750014218237,
                "f1-score": 0.7837480751103226,
                "support": 12376
            },
            "weighted avg": {
                "precision": 0.8178029442555405,
                "recall": 0.8207013574660633,
                "f1-score": 0.8182103196539078,
                "support": 12376
            },
            "logloss": 0.45955917730929335,
            "score": -0.45955917730929335
        }
    }
}
