{
    "program": "/slot/sandbox/d/in/script/0_script_unpacked/pretrains/bin/archive/xgboost____6f7f9dde77e84209931207c39ae18604.py",
    "environment": {
        "CUDA_VISIBLE_DEVICES": "0",
        "gpus": {
            "driver": "450.119.04",
            "devices": [
                {
                    "name": "A100-SXM-80GB",
                    "memory_total": 85199093760,
                    "memory_free": 85195948032,
                    "memory_used": 3145728,
                    "utilization": 0
                }
            ]
        },
        "torch.version.cuda": "11.1",
        "torch.backends.cudnn.version()": 8005,
        "torch.cuda.nccl.version()": [
            2,
            10,
            3
        ]
    },
    "config": {
        "seed": 11,
        "data": {
            "path": "data/higgs-small_roc",
            "T": {
                "seed": 0,
                "normalization": null,
                "num_nan_policy": null,
                "cat_nan_policy": null,
                "cat_min_frequency": null,
                "cat_encoding": null,
                "y_policy": "default"
            },
            "T_cache": false
        },
        "xgboost": {
            "booster": "gbtree",
            "n_estimators": 2000,
            "n_jobs": 1,
            "tree_method": "gpu_hist",
            "colsample_bytree": 0.9118030562356342,
            "gamma": 0,
            "lambda": 5.154249797397774,
            "learning_rate": 0.032358789684609084,
            "max_depth": 8,
            "min_child_weight": 0.0014302554765353716,
            "subsample": 0.8651687972804869,
            "random_state": 11
        },
        "xgboost_fit": {
            "early_stopping_rounds": 50,
            "verbose": true
        }
    },
    "prediction_type": "probs",
    "metrics": {
        "train": {
            "0": {
                "precision": 0.8284298437120976,
                "recall": 0.8081265634507471,
                "f1-score": 0.8181522613323294,
                "support": 29582
            },
            "1": {
                "precision": 0.8325367321649849,
                "recall": 0.8507341192076939,
                "f1-score": 0.8415370621654266,
                "support": 33169
            },
            "accuracy": 0.8306481171614795,
            "macro avg": {
                "precision": 0.8304832879385413,
                "recall": 0.8294303413292206,
                "f1-score": 0.8298446617488779,
                "support": 62751
            },
            "weighted avg": {
                "precision": 0.8306006678120135,
                "recall": 0.8306481171614795,
                "f1-score": 0.8305130278353813,
                "support": 62751
            },
            "roc_auc": 0.9115356028253567,
            "score": 0.9115356028253567
        },
        "val": {
            "0": {
                "precision": 0.7203472902954768,
                "recall": 0.6955110870740941,
                "f1-score": 0.7077113572263878,
                "support": 7396
            },
            "1": {
                "precision": 0.7365157365157365,
                "recall": 0.7591654606849976,
                "f1-score": 0.7476691014905873,
                "support": 8292
            },
            "accuracy": 0.7291560428352881,
            "macro avg": {
                "precision": 0.7284315134056067,
                "recall": 0.7273382738795459,
                "f1-score": 0.7276902293584875,
                "support": 15688
            },
            "weighted avg": {
                "precision": 0.7288932334404535,
                "recall": 0.7291560428352881,
                "f1-score": 0.7288312970172306,
                "support": 15688
            },
            "roc_auc": 0.8087405282499739,
            "score": 0.8087405282499739
        },
        "test": {
            "0": {
                "precision": 0.7138594164456233,
                "recall": 0.6986479177934019,
                "f1-score": 0.7061717596894987,
                "support": 9245
            },
            "1": {
                "precision": 0.7362241999621284,
                "recall": 0.7502170767004341,
                "f1-score": 0.7431547761265351,
                "support": 10365
            },
            "accuracy": 0.7259051504334523,
            "macro avg": {
                "precision": 0.7250418082038759,
                "recall": 0.724432497246918,
                "f1-score": 0.7246632679080169,
                "support": 19610
            },
            "weighted avg": {
                "precision": 0.7256804761676312,
                "recall": 0.7259051504334523,
                "f1-score": 0.7257193866843932,
                "support": 19610
            },
            "roc_auc": 0.803706701083779,
            "score": 0.803706701083779
        }
    },
    "time": "0:00:07"
}
