{
    "program": "bin/ensemble.py",
    "single_program": "/slot/sandbox/d/in/script/0_script_unpacked/pretrains/bin/augmented_supervised___7fd3d80027cf44ec870d630f6eb4589e.py",
    "config": {
        "seeds": [
            "0",
            "1",
            "2",
            "3",
            "4"
        ]
    },
    "prediction_type": null,
    "metrics": {
        "train": {
            "rmse": 1.6974505621633609,
            "score": -1.6974505621633609
        },
        "val": {
            "rmse": 1.8842015863108548,
            "score": -1.8842015863108548
        },
        "test": {
            "rmse": 1.8902640171322744,
            "score": -1.8902640171322744
        }
    }
}
