{
    "program": "bin/ensemble.py",
    "single_program": "/slot/sandbox/d/in/script/0_script_unpacked/pretrains/bin/pretrain_ae_ddp___f006c0c579a74f35a1cf454cee0bc4dc.py",
    "config": {
        "seeds": [
            "5",
            "6",
            "7",
            "8",
            "9"
        ]
    },
    "prediction_type": null,
    "metrics": {
        "train": {
            "rmse": 1.5250572510714329,
            "score": -1.5250572510714329
        },
        "val": {
            "rmse": 1.8186952577973827,
            "score": -1.8186952577973827
        },
        "test": {
            "rmse": 1.8207525766676254,
            "score": -1.8207525766676254
        }
    }
}
