{
    "program": "bin/ensemble.py",
    "single_program": "/slot/sandbox/d/in/script/0_script_unpacked/pretrains/bin/pretrain_ae_supervised___12153197351d48fa8913456534798dbe.py",
    "config": {
        "seeds": [
            "5",
            "6",
            "7",
            "8",
            "9"
        ]
    },
    "prediction_type": "probs",
    "metrics": {
        "train": {
            "0": {
                "precision": 0.9056748834750853,
                "recall": 0.9531226295828066,
                "f1-score": 0.9287931799142563,
                "support": 19775
            },
            "1": {
                "precision": 0.8229902616001528,
                "recall": 0.6870715765981189,
                "f1-score": 0.7489139878366637,
                "support": 6273
            },
            "accuracy": 0.8890509828009828,
            "macro avg": {
                "precision": 0.864332572537619,
                "recall": 0.8200971030904627,
                "f1-score": 0.83885358387546,
                "support": 26048
            },
            "weighted avg": {
                "precision": 0.8857623898855026,
                "recall": 0.8890509828009828,
                "f1-score": 0.8854738397767126,
                "support": 26048
            },
            "roc_auc": 0.9465339323728628,
            "score": 0.9465339323728628
        },
        "val": {
            "0": {
                "precision": 0.892932388431335,
                "recall": 0.9427704752275026,
                "f1-score": 0.9171748967145387,
                "support": 4945
            },
            "1": {
                "precision": 0.7809597523219814,
                "recall": 0.6434948979591837,
                "f1-score": 0.7055944055944056,
                "support": 1568
            },
            "accuracy": 0.8707200982650084,
            "macro avg": {
                "precision": 0.8369460703766582,
                "recall": 0.7931326865933431,
                "f1-score": 0.8113846511544721,
                "support": 6513
            },
            "weighted avg": {
                "precision": 0.8659750579508396,
                "recall": 0.8707200982650084,
                "f1-score": 0.8662370477852636,
                "support": 6513
            },
            "roc_auc": 0.9312223360021461,
            "score": 0.9312223360021461
        },
        "test": {
            "0": {
                "precision": 0.89534706331045,
                "recall": 0.9439485323683152,
                "f1-score": 0.9190056762575847,
                "support": 12435
            },
            "1": {
                "precision": 0.7801955219173762,
                "recall": 0.6432657306292252,
                "f1-score": 0.7051446487102749,
                "support": 3846
            },
            "accuracy": 0.8729193538480438,
            "macro avg": {
                "precision": 0.8377712926139131,
                "recall": 0.7936071314987703,
                "f1-score": 0.8120751624839297,
                "support": 16281
            },
            "weighted avg": {
                "precision": 0.868145243508364,
                "recall": 0.8729193538480438,
                "f1-score": 0.8684860821327182,
                "support": 16281
            },
            "roc_auc": 0.9273514004492628,
            "score": 0.9273514004492628
        }
    }
}
