{
    "program": "bin/ensemble.py",
    "single_program": "/slot/sandbox/d/in/script/0_script_unpacked/pretrains/bin/pretrain_ae___e990733cd2cb43558488135cc5cf84d8.py",
    "config": {
        "seeds": [
            "0",
            "1",
            "2",
            "3",
            "4"
        ]
    },
    "prediction_type": "probs",
    "metrics": {
        "train": {
            "0": {
                "precision": 0.8874773139745916,
                "recall": 0.7919028340080971,
                "f1-score": 0.8369704749679074,
                "support": 1235
            },
            "1": {
                "precision": 0.8038264856286369,
                "recall": 0.883601473153712,
                "f1-score": 0.8418282548476455,
                "support": 10318
            },
            "2": {
                "precision": 0.7139141742522757,
                "recall": 0.6431081608746584,
                "f1-score": 0.6766639276910437,
                "support": 5122
            },
            "3": {
                "precision": 0.835214446952596,
                "recall": 0.6445993031358885,
                "f1-score": 0.7276302851524091,
                "support": 1722
            },
            "4": {
                "precision": 0.9800796812749004,
                "recall": 0.9823160296634341,
                "f1-score": 0.9811965811965813,
                "support": 1753
            },
            "5": {
                "precision": 0.971947194719472,
                "recall": 0.9766747733804997,
                "f1-score": 0.9743052492280547,
                "support": 9046
            },
            "6": {
                "precision": 0.8624161073825504,
                "recall": 0.848651623555311,
                "f1-score": 0.855478502080444,
                "support": 1817
            },
            "7": {
                "precision": 0.9613544350386456,
                "recall": 0.9643714232970279,
                "f1-score": 0.9628605658464657,
                "support": 5417
            },
            "8": {
                "precision": 0.9414944356120827,
                "recall": 0.9337748344370861,
                "f1-score": 0.9376187460417987,
                "support": 3171
            },
            "accuracy": 0.8783364056463221,
            "macro avg": {
                "precision": 0.8841915860928613,
                "recall": 0.8521111617228573,
                "f1-score": 0.8660613985613722,
                "support": 39601
            },
            "weighted avg": {
                "precision": 0.8776365178000308,
                "recall": 0.8783364056463221,
                "f1-score": 0.8766320678087156,
                "support": 39601
            },
            "logloss": 0.3200497717356739,
            "score": -0.3200497717356739
        },
        "val": {
            "0": {
                "precision": 0.6829268292682927,
                "recall": 0.5454545454545454,
                "f1-score": 0.6064981949458483,
                "support": 308
            },
            "1": {
                "precision": 0.7630180658873539,
                "recall": 0.8348837209302326,
                "f1-score": 0.7973348139922265,
                "support": 2580
            },
            "2": {
                "precision": 0.6283034953111679,
                "recall": 0.5753317720530835,
                "f1-score": 0.6006519967400162,
                "support": 1281
            },
            "3": {
                "precision": 0.7423312883435583,
                "recall": 0.5614849187935035,
                "f1-score": 0.6393659180977543,
                "support": 431
            },
            "4": {
                "precision": 0.9657534246575342,
                "recall": 0.9657534246575342,
                "f1-score": 0.9657534246575342,
                "support": 438
            },
            "5": {
                "precision": 0.9461743772241993,
                "recall": 0.9403183023872679,
                "f1-score": 0.9432372505543237,
                "support": 2262
            },
            "6": {
                "precision": 0.7308533916849015,
                "recall": 0.73568281938326,
                "f1-score": 0.7332601536772777,
                "support": 454
            },
            "7": {
                "precision": 0.922740524781341,
                "recall": 0.9350073855243722,
                "f1-score": 0.9288334556126192,
                "support": 1354
            },
            "8": {
                "precision": 0.8557457212713936,
                "recall": 0.8827238335435057,
                "f1-score": 0.8690254500310366,
                "support": 793
            },
            "accuracy": 0.8232501767498233,
            "macro avg": {
                "precision": 0.8042052353810826,
                "recall": 0.775182302525256,
                "f1-score": 0.7871067398120708,
                "support": 9901
            },
            "weighted avg": {
                "precision": 0.8208040142209799,
                "recall": 0.8232501767498233,
                "f1-score": 0.8206451503852965,
                "support": 9901
            },
            "logloss": 0.4563159365197823,
            "score": -0.4563159365197823
        },
        "test": {
            "0": {
                "precision": 0.6782334384858044,
                "recall": 0.5569948186528497,
                "f1-score": 0.6116642958748222,
                "support": 386
            },
            "1": {
                "precision": 0.7628313592780598,
                "recall": 0.8390198511166254,
                "f1-score": 0.7991137370753324,
                "support": 3224
            },
            "2": {
                "precision": 0.6211579699785561,
                "recall": 0.542785758900687,
                "f1-score": 0.5793333333333333,
                "support": 1601
            },
            "3": {
                "precision": 0.6954545454545454,
                "recall": 0.5687732342007435,
                "f1-score": 0.6257668711656441,
                "support": 538
            },
            "4": {
                "precision": 0.9724264705882353,
                "recall": 0.9653284671532847,
                "f1-score": 0.9688644688644689,
                "support": 548
            },
            "5": {
                "precision": 0.9497878359264498,
                "recall": 0.9501238061549345,
                "f1-score": 0.9499557913351017,
                "support": 2827
            },
            "6": {
                "precision": 0.7473118279569892,
                "recall": 0.7341549295774648,
                "f1-score": 0.7406749555950266,
                "support": 568
            },
            "7": {
                "precision": 0.9132446500867554,
                "recall": 0.932663910218547,
                "f1-score": 0.9228521332554063,
                "support": 1693
            },
            "8": {
                "precision": 0.8620689655172413,
                "recall": 0.8829465186680121,
                "f1-score": 0.872382851445663,
                "support": 991
            },
            "accuracy": 0.8226405946994182,
            "macro avg": {
                "precision": 0.8002796736969596,
                "recall": 0.7747545882936833,
                "f1-score": 0.7856231597716443,
                "support": 12376
            },
            "weighted avg": {
                "precision": 0.8187331479240998,
                "recall": 0.8226405946994182,
                "f1-score": 0.819384820870752,
                "support": 12376
            },
            "logloss": 0.4512492328123985,
            "score": -0.4512492328123985
        }
    }
}
