{
    "program": "bin/ensemble.py",
    "single_program": "/slot/sandbox/d/in/script/0_script_unpacked/pretrains/bin/pretrain_mask_supervised___f17f0e40a43842578b44aea5260693d5.py",
    "config": {
        "seeds": [
            "5",
            "6",
            "7",
            "8",
            "9"
        ]
    },
    "prediction_type": null,
    "metrics": {
        "train": {
            "rmse": 0.32292650185826605,
            "score": -0.32292650185826605
        },
        "val": {
            "rmse": 0.4299788050322035,
            "score": -0.4299788050322035
        },
        "test": {
            "rmse": 0.4249165030970529,
            "score": -0.4249165030970529
        }
    }
}
