{
    "program": "bin/ensemble.py",
    "single_program": "/slot/sandbox/d/in/script/0_script_unpacked/pretrains/bin/finetune___019739d69a2d47cbbc6df38a604610dc.py",
    "config": {
        "seeds": [
            "0",
            "1",
            "2",
            "3",
            "4"
        ]
    },
    "prediction_type": "probs",
    "metrics": {
        "train": {
            "0": {
                "precision": 0.9922264669587899,
                "recall": 0.990418799510245,
                "f1-score": 0.9913218091683923,
                "support": 135578
            },
            "1": {
                "precision": 0.9931568789633306,
                "recall": 0.9933650282386163,
                "f1-score": 0.9932609426959538,
                "support": 181312
            },
            "2": {
                "precision": 0.9976806266684172,
                "recall": 0.9963289922209597,
                "f1-score": 0.9970043513436687,
                "support": 22882
            },
            "3": {
                "precision": 0.9915349887133182,
                "recall": 0.9988629903354178,
                "f1-score": 0.995185499858397,
                "support": 1759
            },
            "4": {
                "precision": 0.9676846017127161,
                "recall": 0.9858436213991769,
                "f1-score": 0.9766797129810829,
                "support": 6075
            },
            "5": {
                "precision": 0.9938997039562214,
                "recall": 0.9967611336032388,
                "f1-score": 0.9953283622316054,
                "support": 11115
            },
            "6": {
                "precision": 0.9856136897100023,
                "recall": 0.9916958707907969,
                "f1-score": 0.9886454258914671,
                "support": 13126
            },
            "accuracy": 0.9924189249879655,
            "macro avg": {
                "precision": 0.9888281366689708,
                "recall": 0.9933252051569216,
                "f1-score": 0.9910608720243667,
                "support": 371847
            },
            "weighted avg": {
                "precision": 0.9924281292481136,
                "recall": 0.9924189249879655,
                "f1-score": 0.9924213588116444,
                "support": 371847
            },
            "score": 0.9924189249879655
        },
        "val": {
            "0": {
                "precision": 0.9687296802033457,
                "recall": 0.9670148108809818,
                "f1-score": 0.967871485943775,
                "support": 33894
            },
            "1": {
                "precision": 0.9742389792719808,
                "recall": 0.9736586657253794,
                "f1-score": 0.9739487360557878,
                "support": 45328
            },
            "2": {
                "precision": 0.9734822051639916,
                "recall": 0.9753539590980598,
                "f1-score": 0.9744171832707588,
                "support": 5721
            },
            "3": {
                "precision": 0.9149425287356322,
                "recall": 0.9066059225512528,
                "f1-score": 0.9107551487414187,
                "support": 439
            },
            "4": {
                "precision": 0.8882466281310212,
                "recall": 0.9104674127715603,
                "f1-score": 0.8992197659297789,
                "support": 1519
            },
            "5": {
                "precision": 0.948663101604278,
                "recall": 0.9575386829794891,
                "f1-score": 0.953080229226361,
                "support": 2779
            },
            "6": {
                "precision": 0.9624014554275319,
                "recall": 0.9670932358318098,
                "f1-score": 0.964741641337386,
                "support": 3282
            },
            "accuracy": 0.9692777694111573,
            "macro avg": {
                "precision": 0.947243511219683,
                "recall": 0.9511046699769334,
                "f1-score": 0.9491477415007523,
                "support": 92962
            },
            "weighted avg": {
                "precision": 0.96931609327804,
                "recall": 0.9692777694111573,
                "f1-score": 0.9692934050110933,
                "support": 92962
            },
            "score": 0.9692777694111573
        },
        "test": {
            "0": {
                "precision": 0.9699123430466714,
                "recall": 0.9662953172205438,
                "f1-score": 0.9681004516540945,
                "support": 42368
            },
            "1": {
                "precision": 0.9729119638826185,
                "recall": 0.9736503062070913,
                "f1-score": 0.9732809950160984,
                "support": 56661
            },
            "2": {
                "precision": 0.9686236229256728,
                "recall": 0.9713326807439518,
                "f1-score": 0.9699762602988409,
                "support": 7151
            },
            "3": {
                "precision": 0.9112318840579711,
                "recall": 0.9162112932604736,
                "f1-score": 0.9137148047229792,
                "support": 549
            },
            "4": {
                "precision": 0.8855079938112429,
                "recall": 0.9041600842548709,
                "f1-score": 0.894736842105263,
                "support": 1899
            },
            "5": {
                "precision": 0.9477611940298507,
                "recall": 0.9507630290814858,
                "f1-score": 0.9492597383929855,
                "support": 3473
            },
            "6": {
                "precision": 0.9640357229061067,
                "recall": 0.9736713798147245,
                "f1-score": 0.9688295936931474,
                "support": 4102
            },
            "accuracy": 0.9687357469256388,
            "macro avg": {
                "precision": 0.9457121035228763,
                "recall": 0.9508691557975916,
                "f1-score": 0.9482712408404871,
                "support": 116203
            },
            "weighted avg": {
                "precision": 0.9687695981181018,
                "recall": 0.9687357469256388,
                "f1-score": 0.9687487189436054,
                "support": 116203
            },
            "score": 0.9687357469256388
        }
    }
}
