{
    "program": "bin/ensemble.py",
    "single_program": "/slot/sandbox/d/in/script/0_script_unpacked/pretrains/bin/pretrain_ae___dfbb0a6489484447ae0c534993783c1c.py",
    "config": {
        "seeds": [
            "10",
            "11",
            "12",
            "13",
            "14"
        ]
    },
    "prediction_type": null,
    "metrics": {
        "train": {
            "rmse": 0.3198711580753001,
            "score": -0.3198711580753001
        },
        "val": {
            "rmse": 0.4155148627395416,
            "score": -0.4155148627395416
        },
        "test": {
            "rmse": 0.4203476584462746,
            "score": -0.4203476584462746
        }
    }
}
