{
    "program": "bin/ensemble.py",
    "single_program": "/slot/sandbox/d/in/script/0_script_unpacked/pretrains/bin/archive/xgboost____6f7f9dde77e84209931207c39ae18604.py",
    "config": {
        "seeds": [
            "10",
            "11",
            "12",
            "13",
            "14"
        ]
    },
    "prediction_type": "probs",
    "metrics": {
        "train": {
            "0": {
                "precision": 0.0,
                "recall": 0.0,
                "f1-score": 0.0,
                "support": 29582
            },
            "1": {
                "precision": 0.528581217829198,
                "recall": 1.0,
                "f1-score": 0.6915971643035863,
                "support": 33169
            },
            "accuracy": 0.528581217829198,
            "macro avg": {
                "precision": 0.264290608914599,
                "recall": 0.5,
                "f1-score": 0.34579858215179315,
                "support": 62751
            },
            "weighted avg": {
                "precision": 0.27939810384179803,
                "recall": 0.528581217829198,
                "f1-score": 0.36556527135480954,
                "support": 62751
            },
            "roc_auc": 0.9062674528322339,
            "score": 0.9062674528322339
        },
        "val": {
            "0": {
                "precision": 0.0,
                "recall": 0.0,
                "f1-score": 0.0,
                "support": 7396
            },
            "1": {
                "precision": 0.528556858745538,
                "recall": 1.0,
                "f1-score": 0.6915763135946622,
                "support": 8292
            },
            "accuracy": 0.528556858745538,
            "macro avg": {
                "precision": 0.264278429372769,
                "recall": 0.5,
                "f1-score": 0.3457881567973311,
                "support": 15688
            },
            "weighted avg": {
                "precision": 0.2793723529269507,
                "recall": 0.528556858745538,
                "f1-score": 0.36553740389641376,
                "support": 15688
            },
            "roc_auc": 0.8088966813523797,
            "score": 0.8088966813523797
        },
        "test": {
            "0": {
                "precision": 0.0,
                "recall": 0.0,
                "f1-score": 0.0,
                "support": 9245
            },
            "1": {
                "precision": 0.528556858745538,
                "recall": 1.0,
                "f1-score": 0.6915763135946622,
                "support": 10365
            },
            "accuracy": 0.528556858745538,
            "macro avg": {
                "precision": 0.264278429372769,
                "recall": 0.5,
                "f1-score": 0.3457881567973311,
                "support": 19610
            },
            "weighted avg": {
                "precision": 0.2793723529269506,
                "recall": 0.528556858745538,
                "f1-score": 0.36553740389641376,
                "support": 19610
            },
            "roc_auc": 0.8040253046130984,
            "score": 0.8040253046130984
        }
    }
}
