{
    "program": "bin/ensemble.py",
    "single_program": "/slot/sandbox/d/in/script/0_script_unpacked/pretrains/bin/pretrain_ae_mask___2ba38541aff94e608a4a51a74674445b.py",
    "config": {
        "seeds": [
            "5",
            "6",
            "7",
            "8",
            "9"
        ]
    },
    "prediction_type": "probs",
    "metrics": {
        "train": {
            "0": {
                "precision": 0.9727474972191323,
                "recall": 0.9971493728620296,
                "f1-score": 0.9847972972972973,
                "support": 1754
            },
            "1": {
                "precision": 0.9920255183413078,
                "recall": 0.9749216300940439,
                "f1-score": 0.9833992094861659,
                "support": 638
            },
            "2": {
                "precision": 0.9992424242424243,
                "recall": 0.9828614008941878,
                "f1-score": 0.9909842223891812,
                "support": 1342
            },
            "3": {
                "precision": 1.0,
                "recall": 0.9899425287356322,
                "f1-score": 0.9949458483754512,
                "support": 696
            },
            "4": {
                "precision": 0.9952229299363057,
                "recall": 0.993114406779661,
                "f1-score": 0.9941675503711559,
                "support": 1888
            },
            "accuracy": 0.9898702120924343,
            "macro avg": {
                "precision": 0.991847673947834,
                "recall": 0.9875978678731109,
                "f1-score": 0.9896588255838502,
                "support": 6318
            },
            "weighted avg": {
                "precision": 0.9900404583534649,
                "recall": 0.9898702120924343,
                "f1-score": 0.9898883550376655,
                "support": 6318
            },
            "score": 0.9898702120924343
        },
        "val": {
            "0": {
                "precision": 0.7648261758691206,
                "recall": 0.8519362186788155,
                "f1-score": 0.8060344827586207,
                "support": 439
            },
            "1": {
                "precision": 0.6551724137931034,
                "recall": 0.59375,
                "f1-score": 0.6229508196721311,
                "support": 160
            },
            "2": {
                "precision": 0.7375415282392026,
                "recall": 0.6626865671641791,
                "f1-score": 0.6981132075471698,
                "support": 335
            },
            "3": {
                "precision": 0.6729559748427673,
                "recall": 0.6149425287356322,
                "f1-score": 0.6426426426426426,
                "support": 174
            },
            "4": {
                "precision": 0.7530864197530864,
                "recall": 0.7754237288135594,
                "f1-score": 0.7640918580375783,
                "support": 472
            },
            "accuracy": 0.7367088607594937,
            "macro avg": {
                "precision": 0.716716502499456,
                "recall": 0.6997478086784372,
                "f1-score": 0.7067666021316285,
                "support": 1580
            },
            "weighted avg": {
                "precision": 0.7343125437466277,
                "recall": 0.7367088607594937,
                "f1-score": 0.7340888420382494,
                "support": 1580
            },
            "score": 0.7367088607594937
        },
        "test": {
            "0": {
                "precision": 0.7937608318890814,
                "recall": 0.8357664233576643,
                "f1-score": 0.8142222222222223,
                "support": 548
            },
            "1": {
                "precision": 0.6888888888888889,
                "recall": 0.62,
                "f1-score": 0.6526315789473685,
                "support": 200
            },
            "2": {
                "precision": 0.6926952141057935,
                "recall": 0.6547619047619048,
                "f1-score": 0.6731946144430845,
                "support": 420
            },
            "3": {
                "precision": 0.6382978723404256,
                "recall": 0.5529953917050692,
                "f1-score": 0.5925925925925927,
                "support": 217
            },
            "4": {
                "precision": 0.731437598736177,
                "recall": 0.7847457627118644,
                "f1-score": 0.7571545380212592,
                "support": 590
            },
            "accuracy": 0.7291139240506329,
            "macro avg": {
                "precision": 0.7090160811920733,
                "recall": 0.6896538965073005,
                "f1-score": 0.6979591092453055,
                "support": 1975
            },
            "weighted avg": {
                "precision": 0.7259491266479213,
                "recall": 0.7291139240506329,
                "f1-score": 0.7264686590675862,
                "support": 1975
            },
            "score": 0.7291139240506329
        }
    }
}
