{
    "program": "bin/ensemble.py",
    "single_program": "/slot/sandbox/d/in/script/0_script_unpacked/pretrains/bin/pretrain_mask___b0bcf072d5954d06a84746cdb11367c0.py",
    "config": {
        "seeds": [
            "0",
            "1",
            "2",
            "3",
            "4"
        ]
    },
    "prediction_type": "probs",
    "metrics": {
        "train": {
            "0": {
                "precision": 0.9036628441476751,
                "recall": 0.9444247787610619,
                "f1-score": 0.9235942831709608,
                "support": 19775
            },
            "1": {
                "precision": 0.7957628693551384,
                "recall": 0.6826080025506137,
                "f1-score": 0.7348549854127339,
                "support": 6273
            },
            "accuracy": 0.8813728501228502,
            "macro avg": {
                "precision": 0.8497128567514067,
                "recall": 0.8135163906558378,
                "f1-score": 0.8292246342918473,
                "support": 26048
            },
            "weighted avg": {
                "precision": 0.877677872484838,
                "recall": 0.8813728501228502,
                "f1-score": 0.8781412113482736,
                "support": 26048
            },
            "roc_auc": 0.9368406771299065,
            "score": 0.9368406771299065
        },
        "val": {
            "0": {
                "precision": 0.8933566433566433,
                "recall": 0.9300303336703741,
                "f1-score": 0.911324680471614,
                "support": 4945
            },
            "1": {
                "precision": 0.7465201465201465,
                "recall": 0.6498724489795918,
                "f1-score": 0.6948516876917831,
                "support": 1568
            },
            "accuracy": 0.862582527253186,
            "macro avg": {
                "precision": 0.8199383949383949,
                "recall": 0.7899513913249829,
                "f1-score": 0.8030881840816986,
                "support": 6513
            },
            "weighted avg": {
                "precision": 0.8580058638326717,
                "recall": 0.862582527253186,
                "f1-score": 0.8592089653359198,
                "support": 6513
            },
            "roc_auc": 0.9209747271001424,
            "score": 0.9209747271001424
        },
        "test": {
            "0": {
                "precision": 0.8942693852332406,
                "recall": 0.9311620426216325,
                "f1-score": 0.9123429066698183,
                "support": 12435
            },
            "1": {
                "precision": 0.7431743174317432,
                "recall": 0.6440457618304732,
                "f1-score": 0.6900682546315643,
                "support": 3846
            },
            "accuracy": 0.8633376328235366,
            "macro avg": {
                "precision": 0.8187218513324919,
                "recall": 0.7876039022260528,
                "f1-score": 0.8012055806506913,
                "support": 16281
            },
            "weighted avg": {
                "precision": 0.8585767600404048,
                "recall": 0.8633376328235366,
                "f1-score": 0.8598357933635641,
                "support": 16281
            },
            "roc_auc": 0.9165909949626775,
            "score": 0.9165909949626775
        }
    }
}
