{
    "program": "bin/ensemble.py",
    "single_program": "/slot/sandbox/d/in/script/0_script_unpacked/pretrains/bin/pretrain_ae___d2999068a8d84efea4a73ce1996de676.py",
    "config": {
        "seeds": [
            "0",
            "1",
            "2",
            "3",
            "4"
        ]
    },
    "prediction_type": null,
    "metrics": {
        "train": {
            "rmse": 3.1466631411133528,
            "score": -3.1466631411133528
        },
        "val": {
            "rmse": 4.988755857110596,
            "score": -4.988755857110596
        },
        "test": {
            "rmse": 5.3335249515443754,
            "score": -5.3335249515443754
        }
    }
}
