{
    "program": "bin/ensemble.py",
    "single_program": "/slot/sandbox/d/in/script/0_script_unpacked/pretrains/bin/pretrain_mask___5d05b070fa82407d9a53cee3dca54d05.py",
    "config": {
        "seeds": [
            "10",
            "11",
            "12",
            "13",
            "14"
        ]
    },
    "prediction_type": null,
    "metrics": {
        "train": {
            "rmse": 0.280173104830878,
            "score": -0.280173104830878
        },
        "val": {
            "rmse": 0.41656624182515123,
            "score": -0.41656624182515123
        },
        "test": {
            "rmse": 0.40805863826045174,
            "score": -0.40805863826045174
        }
    }
}
