{
    "program": "bin/ensemble.py",
    "single_program": "/slot/sandbox/d/in/script/0_script_unpacked/pretrains/bin/pretrain_ae___8904eda518904b4da54bab70854453b6.py",
    "config": {
        "seeds": [
            "5",
            "6",
            "7",
            "8",
            "9"
        ]
    },
    "prediction_type": "probs",
    "metrics": {
        "train": {
            "0": {
                "precision": 0.8637044433349975,
                "recall": 0.9863169897377423,
                "f1-score": 0.9209475645461805,
                "support": 1754
            },
            "1": {
                "precision": 0.943327239488117,
                "recall": 0.8087774294670846,
                "f1-score": 0.8708860759493671,
                "support": 638
            },
            "2": {
                "precision": 0.9840764331210191,
                "recall": 0.9210134128166915,
                "f1-score": 0.951501154734411,
                "support": 1342
            },
            "3": {
                "precision": 0.992548435171386,
                "recall": 0.9568965517241379,
                "f1-score": 0.9743964886613021,
                "support": 696
            },
            "4": {
                "precision": 0.973384030418251,
                "recall": 0.9491525423728814,
                "f1-score": 0.9611155805846071,
                "support": 1888
            },
            "accuracy": 0.9401709401709402,
            "macro avg": {
                "precision": 0.9514081163067543,
                "recall": 0.9244313852237076,
                "f1-score": 0.9357693728951736,
                "support": 6318
            },
            "weighted avg": {
                "precision": 0.9442820047420631,
                "recall": 0.9401709401709402,
                "f1-score": 0.9402735148109023,
                "support": 6318
            },
            "score": 0.9401709401709402
        },
        "val": {
            "0": {
                "precision": 0.7129455909943715,
                "recall": 0.8656036446469249,
                "f1-score": 0.7818930041152262,
                "support": 439
            },
            "1": {
                "precision": 0.5801526717557252,
                "recall": 0.475,
                "f1-score": 0.5223367697594502,
                "support": 160
            },
            "2": {
                "precision": 0.6864686468646864,
                "recall": 0.6208955223880597,
                "f1-score": 0.6520376175548588,
                "support": 335
            },
            "3": {
                "precision": 0.6387096774193548,
                "recall": 0.5689655172413793,
                "f1-score": 0.6018237082066868,
                "support": 174
            },
            "4": {
                "precision": 0.722707423580786,
                "recall": 0.701271186440678,
                "f1-score": 0.7118279569892474,
                "support": 472
            },
            "accuracy": 0.6924050632911393,
            "macro avg": {
                "precision": 0.6681968021229847,
                "recall": 0.6463471741434084,
                "f1-score": 0.6539838113250939,
                "support": 1580
            },
            "weighted avg": {
                "precision": 0.6886252698912747,
                "recall": 0.6924050632911393,
                "f1-score": 0.6873149587189001,
                "support": 1580
            },
            "score": 0.6924050632911393
        },
        "test": {
            "0": {
                "precision": 0.7200622083981337,
                "recall": 0.8448905109489051,
                "f1-score": 0.7774979009235937,
                "support": 548
            },
            "1": {
                "precision": 0.563953488372093,
                "recall": 0.485,
                "f1-score": 0.521505376344086,
                "support": 200
            },
            "2": {
                "precision": 0.663013698630137,
                "recall": 0.5761904761904761,
                "f1-score": 0.6165605095541402,
                "support": 420
            },
            "3": {
                "precision": 0.6132596685082873,
                "recall": 0.511520737327189,
                "f1-score": 0.5577889447236181,
                "support": 217
            },
            "4": {
                "precision": 0.6840390879478827,
                "recall": 0.711864406779661,
                "f1-score": 0.6976744186046511,
                "support": 590
            },
            "accuracy": 0.6749367088607595,
            "macro avg": {
                "precision": 0.6488656303713067,
                "recall": 0.6258932262492463,
                "f1-score": 0.6342054300300178,
                "support": 1975
            },
            "weighted avg": {
                "precision": 0.6696257981047102,
                "recall": 0.6749367088607595,
                "f1-score": 0.6693637706174455,
                "support": 1975
            },
            "score": 0.6749367088607595
        }
    }
}
