{
    "program": "bin/ensemble.py",
    "single_program": "/slot/sandbox/d/in/script/0_script_unpacked/pretrains/bin/pretrain_ae___bd47cb3e35704c519d308e5d6c1ad313.py",
    "config": {
        "seeds": [
            "10",
            "11",
            "12",
            "13",
            "14"
        ]
    },
    "prediction_type": "probs",
    "metrics": {
        "train": {
            "0": {
                "precision": 0.9561883899233297,
                "recall": 0.9954389965792474,
                "f1-score": 0.9754189944134078,
                "support": 1754
            },
            "1": {
                "precision": 0.9824561403508771,
                "recall": 0.9655172413793104,
                "f1-score": 0.9739130434782608,
                "support": 638
            },
            "2": {
                "precision": 0.9977046671767407,
                "recall": 0.9716840536512668,
                "f1-score": 0.9845224613061533,
                "support": 1342
            },
            "3": {
                "precision": 1.0,
                "recall": 0.9813218390804598,
                "f1-score": 0.990572878897752,
                "support": 696
            },
            "4": {
                "precision": 0.9968,
                "recall": 0.9899364406779662,
                "f1-score": 0.9933563646027106,
                "support": 1888
            },
            "accuracy": 0.9841722063944286,
            "macro avg": {
                "precision": 0.9866298394901895,
                "recall": 0.9807797142736501,
                "f1-score": 0.983556748539657,
                "support": 6318
            },
            "weighted avg": {
                "precision": 0.9846216392561833,
                "recall": 0.9841722063944286,
                "f1-score": 0.9842301552858276,
                "support": 6318
            },
            "score": 0.9841722063944286
        },
        "val": {
            "0": {
                "precision": 0.73767258382643,
                "recall": 0.8519362186788155,
                "f1-score": 0.7906976744186046,
                "support": 439
            },
            "1": {
                "precision": 0.6527777777777778,
                "recall": 0.5875,
                "f1-score": 0.6184210526315789,
                "support": 160
            },
            "2": {
                "precision": 0.7386759581881533,
                "recall": 0.6328358208955224,
                "f1-score": 0.6816720257234726,
                "support": 335
            },
            "3": {
                "precision": 0.6744186046511628,
                "recall": 0.6666666666666666,
                "f1-score": 0.6705202312138728,
                "support": 174
            },
            "4": {
                "precision": 0.7638297872340426,
                "recall": 0.760593220338983,
                "f1-score": 0.762208067940552,
                "support": 472
            },
            "accuracy": 0.7310126582278481,
            "macro avg": {
                "precision": 0.7134749423355133,
                "recall": 0.6999063853159975,
                "f1-score": 0.7047038103856161,
                "support": 1580
            },
            "weighted avg": {
                "precision": 0.7301364883044614,
                "recall": 0.7310126582278481,
                "f1-score": 0.728390192662872,
                "support": 1580
            },
            "score": 0.7310126582278481
        },
        "test": {
            "0": {
                "precision": 0.7487684729064039,
                "recall": 0.8321167883211679,
                "f1-score": 0.7882454624027657,
                "support": 548
            },
            "1": {
                "precision": 0.6402116402116402,
                "recall": 0.605,
                "f1-score": 0.622107969151671,
                "support": 200
            },
            "2": {
                "precision": 0.6658097686375322,
                "recall": 0.6166666666666667,
                "f1-score": 0.6402966625463535,
                "support": 420
            },
            "3": {
                "precision": 0.6208791208791209,
                "recall": 0.5207373271889401,
                "f1-score": 0.5664160401002506,
                "support": 217
            },
            "4": {
                "precision": 0.7227722772277227,
                "recall": 0.7423728813559322,
                "f1-score": 0.7324414715719063,
                "support": 590
            },
            "accuracy": 0.7022784810126582,
            "macro avg": {
                "precision": 0.6796882559724841,
                "recall": 0.6633787327065414,
                "f1-score": 0.6699015211545895,
                "support": 1975
            },
            "weighted avg": {
                "precision": 0.6983159325660387,
                "recall": 0.7022784810126582,
                "f1-score": 0.6989151667978216,
                "support": 1975
            },
            "score": 0.7022784810126582
        }
    }
}
