{
    "program": "bin/ensemble.py",
    "single_program": "/slot/sandbox/d/in/script/0_script_unpacked/pretrains/bin/finetune___3d4c0342d6fe4c25bbab33c1d0ac07de.py",
    "config": {
        "seeds": [
            "5",
            "6",
            "7",
            "8",
            "9"
        ]
    },
    "prediction_type": "probs",
    "metrics": {
        "train": {
            "0": {
                "precision": 0.875,
                "recall": 0.7878542510121458,
                "f1-score": 0.8291435875585855,
                "support": 1235
            },
            "1": {
                "precision": 0.8000526177321757,
                "recall": 0.8841829811979066,
                "f1-score": 0.840016573822568,
                "support": 10318
            },
            "2": {
                "precision": 0.7045356371490281,
                "recall": 0.6368606013276064,
                "f1-score": 0.6689909762100081,
                "support": 5122
            },
            "3": {
                "precision": 0.8647342995169082,
                "recall": 0.6236933797909407,
                "f1-score": 0.7246963562753037,
                "support": 1722
            },
            "4": {
                "precision": 0.9789772727272728,
                "recall": 0.9828864803194524,
                "f1-score": 0.9809279817819527,
                "support": 1753
            },
            "5": {
                "precision": 0.9756771697070205,
                "recall": 0.9755693124032722,
                "f1-score": 0.9756232380741805,
                "support": 9046
            },
            "6": {
                "precision": 0.8566666666666667,
                "recall": 0.848651623555311,
                "f1-score": 0.8526403096488804,
                "support": 1817
            },
            "7": {
                "precision": 0.9617576760433904,
                "recall": 0.965663651467602,
                "f1-score": 0.9637067059690495,
                "support": 5417
            },
            "8": {
                "precision": 0.9309148264984227,
                "recall": 0.9306212551245664,
                "f1-score": 0.9307680176628291,
                "support": 3171
            },
            "accuracy": 0.8763415065276129,
            "macro avg": {
                "precision": 0.8831462406712095,
                "recall": 0.8484426151332003,
                "f1-score": 0.8629459718892619,
                "support": 39601
            },
            "weighted avg": {
                "precision": 0.8760821777872658,
                "recall": 0.8763415065276129,
                "f1-score": 0.874522079279509,
                "support": 39601
            },
            "logloss": 0.32470639648406985,
            "score": -0.32470639648406985
        },
        "val": {
            "0": {
                "precision": 0.6809338521400778,
                "recall": 0.5681818181818182,
                "f1-score": 0.6194690265486726,
                "support": 308
            },
            "1": {
                "precision": 0.751131221719457,
                "recall": 0.8364341085271317,
                "f1-score": 0.7914909224280212,
                "support": 2580
            },
            "2": {
                "precision": 0.6043103448275862,
                "recall": 0.5472287275565965,
                "f1-score": 0.5743547726341662,
                "support": 1281
            },
            "3": {
                "precision": 0.7450980392156863,
                "recall": 0.5290023201856149,
                "f1-score": 0.6187245590230666,
                "support": 431
            },
            "4": {
                "precision": 0.9770114942528736,
                "recall": 0.9703196347031964,
                "f1-score": 0.9736540664375717,
                "support": 438
            },
            "5": {
                "precision": 0.9528301886792453,
                "recall": 0.9376657824933687,
                "f1-score": 0.9451871657754012,
                "support": 2262
            },
            "6": {
                "precision": 0.740174672489083,
                "recall": 0.7466960352422908,
                "f1-score": 0.743421052631579,
                "support": 454
            },
            "7": {
                "precision": 0.9165457184325109,
                "recall": 0.9327917282127031,
                "f1-score": 0.924597364568082,
                "support": 1354
            },
            "8": {
                "precision": 0.8613861386138614,
                "recall": 0.8776796973518285,
                "f1-score": 0.8694565896314803,
                "support": 793
            },
            "accuracy": 0.8187051812948187,
            "macro avg": {
                "precision": 0.8032690744855979,
                "recall": 0.7717777613838387,
                "f1-score": 0.7844839466308934,
                "support": 9901
            },
            "weighted avg": {
                "precision": 0.8167113744455216,
                "recall": 0.8187051812948187,
                "f1-score": 0.815941087153408,
                "support": 9901
            },
            "logloss": 0.4653359447395381,
            "score": -0.4653359447395381
        },
        "test": {
            "0": {
                "precision": 0.6838905775075987,
                "recall": 0.582901554404145,
                "f1-score": 0.6293706293706293,
                "support": 386
            },
            "1": {
                "precision": 0.7551704863051985,
                "recall": 0.8380893300248139,
                "f1-score": 0.7944722140546899,
                "support": 3224
            },
            "2": {
                "precision": 0.6068917018284107,
                "recall": 0.5390381011867583,
                "f1-score": 0.5709560039695666,
                "support": 1601
            },
            "3": {
                "precision": 0.7423469387755102,
                "recall": 0.5408921933085502,
                "f1-score": 0.6258064516129033,
                "support": 538
            },
            "4": {
                "precision": 0.9726775956284153,
                "recall": 0.9744525547445255,
                "f1-score": 0.9735642661804923,
                "support": 548
            },
            "5": {
                "precision": 0.9523640241734803,
                "recall": 0.9476476830562434,
                "f1-score": 0.95,
                "support": 2827
            },
            "6": {
                "precision": 0.7522441651705566,
                "recall": 0.7376760563380281,
                "f1-score": 0.7448888888888888,
                "support": 568
            },
            "7": {
                "precision": 0.9205882352941176,
                "recall": 0.9243945658594211,
                "f1-score": 0.9224874742116121,
                "support": 1693
            },
            "8": {
                "precision": 0.859073359073359,
                "recall": 0.8980827447023209,
                "f1-score": 0.8781450419338925,
                "support": 991
            },
            "accuracy": 0.821590174531351,
            "macro avg": {
                "precision": 0.8050274537507386,
                "recall": 0.7759083092916451,
                "f1-score": 0.7877434411358527,
                "support": 12376
            },
            "weighted avg": {
                "precision": 0.8186975084202263,
                "recall": 0.821590174531351,
                "f1-score": 0.8184690571691133,
                "support": 12376
            },
            "logloss": 0.46098090387235063,
            "score": -0.46098090387235063
        }
    }
}
