{
    "program": "bin/ensemble.py",
    "single_program": "/slot/sandbox/d/in/script/0_script_unpacked/pretrains/bin/pretrain_mask___9fb22218b3b74515b42722e81529fd57.py",
    "config": {
        "seeds": [
            "0",
            "1",
            "2",
            "3",
            "4"
        ]
    },
    "prediction_type": null,
    "metrics": {
        "train": {
            "rmse": 0.29075258286620914,
            "score": -0.29075258286620914
        },
        "val": {
            "rmse": 0.41644726098715346,
            "score": -0.41644726098715346
        },
        "test": {
            "rmse": 0.4156146245870264,
            "score": -0.4156146245870264
        }
    }
}
