{
    "program": "bin/ensemble.py",
    "single_program": "/slot/sandbox/d/in/script/0_script_unpacked/pretrains/bin/pretrain_supervised_contrastive___f607412e7db947aa838730073fe29607.py",
    "config": {
        "seeds": [
            "5",
            "6",
            "7",
            "8",
            "9"
        ]
    },
    "prediction_type": "probs",
    "metrics": {
        "train": {
            "0": {
                "precision": 0.9966101694915255,
                "recall": 0.9953384767440145,
                "f1-score": 0.9959739171829968,
                "support": 135578
            },
            "1": {
                "precision": 0.9963905680860092,
                "recall": 0.9972533533356865,
                "f1-score": 0.9968217740179337,
                "support": 181312
            },
            "2": {
                "precision": 0.9970270624754077,
                "recall": 0.9966349095358797,
                "f1-score": 0.9968309474374386,
                "support": 22882
            },
            "3": {
                "precision": 0.9902634593356243,
                "recall": 0.9829448550312677,
                "f1-score": 0.9865905848787446,
                "support": 1759
            },
            "4": {
                "precision": 0.9839659685863874,
                "recall": 0.9899588477366256,
                "f1-score": 0.9869533109050628,
                "support": 6075
            },
            "5": {
                "precision": 0.9939813151275602,
                "recall": 0.9955015744489428,
                "f1-score": 0.9947408639367106,
                "support": 11115
            },
            "6": {
                "precision": 0.9941266209000763,
                "recall": 0.992914825537102,
                "f1-score": 0.9935203537124562,
                "support": 13126
            },
            "accuracy": 0.9961247502332948,
            "macro avg": {
                "precision": 0.9931950234289416,
                "recall": 0.9929352631956455,
                "f1-score": 0.9930616788673348,
                "support": 371847
            },
            "weighted avg": {
                "precision": 0.9961259026196412,
                "recall": 0.9961247502332948,
                "f1-score": 0.996124841781366,
                "support": 371847
            },
            "score": 0.9961247502332948
        },
        "val": {
            "0": {
                "precision": 0.972174479938363,
                "recall": 0.9679294270372337,
                "f1-score": 0.970047309284447,
                "support": 33894
            },
            "1": {
                "precision": 0.9737206694082202,
                "recall": 0.976835510060007,
                "f1-score": 0.9752756026916004,
                "support": 45328
            },
            "2": {
                "precision": 0.970050496256312,
                "recall": 0.9737808075511274,
                "f1-score": 0.9719120725750173,
                "support": 5721
            },
            "3": {
                "precision": 0.919431279620853,
                "recall": 0.8838268792710706,
                "f1-score": 0.9012775842044134,
                "support": 439
            },
            "4": {
                "precision": 0.9048569527611444,
                "recall": 0.8953258722843976,
                "f1-score": 0.900066181336863,
                "support": 1519
            },
            "5": {
                "precision": 0.947819871336669,
                "recall": 0.9543001079525009,
                "f1-score": 0.9510489510489509,
                "support": 2779
            },
            "6": {
                "precision": 0.9713152273420812,
                "recall": 0.9698354661791591,
                "f1-score": 0.9705747827412715,
                "support": 3282
            },
            "accuracy": 0.9707084615219121,
            "macro avg": {
                "precision": 0.9513384252376632,
                "recall": 0.9459762957622138,
                "f1-score": 0.9486003548403662,
                "support": 92962
            },
            "weighted avg": {
                "precision": 0.9706902525400495,
                "recall": 0.9707084615219121,
                "f1-score": 0.970693808736171,
                "support": 92962
            },
            "score": 0.9707084615219121
        },
        "test": {
            "0": {
                "precision": 0.9724901411127477,
                "recall": 0.9662009063444109,
                "f1-score": 0.9693353223935025,
                "support": 42368
            },
            "1": {
                "precision": 0.9715444300108836,
                "recall": 0.9767741480030356,
                "f1-score": 0.9741522701470601,
                "support": 56661
            },
            "2": {
                "precision": 0.9675983868724795,
                "recall": 0.9730107677247938,
                "f1-score": 0.9702970297029703,
                "support": 7151
            },
            "3": {
                "precision": 0.9188679245283019,
                "recall": 0.8870673952641166,
                "f1-score": 0.9026876737720111,
                "support": 549
            },
            "4": {
                "precision": 0.9044313934863855,
                "recall": 0.8920484465508162,
                "f1-score": 0.8981972428419935,
                "support": 1899
            },
            "5": {
                "precision": 0.9476560253091746,
                "recall": 0.9487474805643535,
                "f1-score": 0.9482014388489207,
                "support": 3473
            },
            "6": {
                "precision": 0.9737229862475442,
                "recall": 0.9666016577279376,
                "f1-score": 0.9701492537313432,
                "support": 4102
            },
            "accuracy": 0.9696823662039706,
            "macro avg": {
                "precision": 0.9509016125096454,
                "recall": 0.9443501145970663,
                "f1-score": 0.9475743187768286,
                "support": 116203
            },
            "weighted avg": {
                "precision": 0.9696637099241805,
                "recall": 0.9696823662039706,
                "f1-score": 0.9696629408049919,
                "support": 116203
            },
            "score": 0.9696823662039706
        }
    }
}
