{
    "program": "bin/ensemble.py",
    "single_program": "/slot/sandbox/d/in/script/0_script_unpacked/pretrains/bin/pretrain_ae___5d3305e54a1f4effa768577a294db54f.py",
    "config": {
        "seeds": [
            "10",
            "11",
            "12",
            "13",
            "14"
        ]
    },
    "prediction_type": null,
    "metrics": {
        "train": {
            "rmse": 17733.682304227306,
            "score": -17733.682304227306
        },
        "val": {
            "rmse": 27560.43678569675,
            "score": -27560.43678569675
        },
        "test": {
            "rmse": 30082.90145421401,
            "score": -30082.90145421401
        }
    }
}
