{
    "program": "bin/ensemble.py",
    "single_program": "/slot/sandbox/d/in/script/0_script_unpacked/pretrains/bin/pretrain_mask___798fb807c3234825ad3b46da49e9dc34.py",
    "config": {
        "seeds": [
            "10",
            "11",
            "12",
            "13",
            "14"
        ]
    },
    "prediction_type": "probs",
    "metrics": {
        "train": {
            "0": {
                "precision": 0.7861576979799019,
                "recall": 0.7748630924210669,
                "f1-score": 0.7804695347213946,
                "support": 29582
            },
            "1": {
                "precision": 0.8017503125558135,
                "recall": 0.8120232747444903,
                "f1-score": 0.8068540958315235,
                "support": 33169
            },
            "accuracy": 0.7945052668483371,
            "macro avg": {
                "precision": 0.7939540052678578,
                "recall": 0.7934431835827787,
                "f1-score": 0.793661815276459,
                "support": 62751
            },
            "weighted avg": {
                "precision": 0.7943996611815787,
                "recall": 0.7945052668483371,
                "f1-score": 0.7944159181648754,
                "support": 62751
            },
            "roc_auc": 0.8803591811409575,
            "score": 0.8803591811409575
        },
        "val": {
            "0": {
                "precision": 0.7376586741889986,
                "recall": 0.7071389940508382,
                "f1-score": 0.7220764876432417,
                "support": 7396
            },
            "1": {
                "precision": 0.7480809490579204,
                "recall": 0.7756874095513748,
                "f1-score": 0.7616341030195382,
                "support": 8292
            },
            "accuracy": 0.7433707292197859,
            "macro avg": {
                "precision": 0.7428698116234596,
                "recall": 0.7414132018011066,
                "f1-score": 0.7418552953313899,
                "support": 15688
            },
            "weighted avg": {
                "precision": 0.7431674390546984,
                "recall": 0.7433707292197859,
                "f1-score": 0.7429849365660012,
                "support": 15688
            },
            "roc_auc": 0.8326900017923404,
            "score": 0.8326900017923404
        },
        "test": {
            "0": {
                "precision": 0.7316269361748874,
                "recall": 0.7203893996755003,
                "f1-score": 0.7259646827992152,
                "support": 9245
            },
            "1": {
                "precision": 0.7539735414485581,
                "recall": 0.7643029425952725,
                "f1-score": 0.7591031046377923,
                "support": 10365
            },
            "accuracy": 0.7436002039775624,
            "macro avg": {
                "precision": 0.7428002388117227,
                "recall": 0.7423461711353865,
                "f1-score": 0.7425338937185038,
                "support": 19610
            },
            "weighted avg": {
                "precision": 0.7434383876619652,
                "recall": 0.7436002039775624,
                "f1-score": 0.7434802229499982,
                "support": 19610
            },
            "roc_auc": 0.8268113270703163,
            "score": 0.8268113270703163
        }
    }
}
