{
    "program": "bin/ensemble.py",
    "single_program": "/slot/sandbox/d/in/script/0_script_unpacked/pretrains/bin/pretrain_contrastive___9d841aa2303f465f9e96f323197626f0.py",
    "config": {
        "seeds": [
            "0",
            "1",
            "2",
            "3",
            "4"
        ]
    },
    "prediction_type": null,
    "metrics": {
        "train": {
            "rmse": 14458.68714331504,
            "score": -14458.68714331504
        },
        "val": {
            "rmse": 27170.041966476598,
            "score": -27170.041966476598
        },
        "test": {
            "rmse": 29458.4430520589,
            "score": -29458.4430520589
        }
    }
}
