{
    "program": "bin/ensemble.py",
    "single_program": "/slot/sandbox/d/in/script/0_script_unpacked/pretrains/bin/pretrain_mask_supervised___b1a17643407b49ccab1db9676d5c9dd1.py",
    "config": {
        "seeds": [
            "5",
            "6",
            "7",
            "8",
            "9"
        ]
    },
    "prediction_type": "probs",
    "metrics": {
        "train": {
            "0": {
                "precision": 0.8947560752786407,
                "recall": 0.9609497645211931,
                "f1-score": 0.9266723436465135,
                "support": 5096
            },
            "1": {
                "precision": 0.785329018338727,
                "recall": 0.558282208588957,
                "f1-score": 0.6526221425369789,
                "support": 1304
            },
            "accuracy": 0.87890625,
            "macro avg": {
                "precision": 0.8400425468086838,
                "recall": 0.7596159865550751,
                "f1-score": 0.7896472430917463,
                "support": 6400
            },
            "weighted avg": {
                "precision": 0.8724603124271333,
                "recall": 0.87890625,
                "f1-score": 0.8708346151704458,
                "support": 6400
            },
            "roc_auc": 0.900156714998411,
            "score": 0.900156714998411
        },
        "val": {
            "0": {
                "precision": 0.8840579710144928,
                "recall": 0.957613814756672,
                "f1-score": 0.9193669932177845,
                "support": 1274
            },
            "1": {
                "precision": 0.7545454545454545,
                "recall": 0.50920245398773,
                "f1-score": 0.608058608058608,
                "support": 326
            },
            "accuracy": 0.86625,
            "macro avg": {
                "precision": 0.8193017127799737,
                "recall": 0.733408134372201,
                "f1-score": 0.7637128006381962,
                "support": 1600
            },
            "weighted avg": {
                "precision": 0.8576697957839262,
                "recall": 0.86625,
                "f1-score": 0.8559379097416021,
                "support": 1600
            },
            "roc_auc": 0.8721552330228929,
            "score": 0.8721552330228929
        },
        "test": {
            "0": {
                "precision": 0.8771626297577855,
                "recall": 0.9548022598870056,
                "f1-score": 0.9143372407574392,
                "support": 1593
            },
            "1": {
                "precision": 0.7293233082706767,
                "recall": 0.47665847665847666,
                "f1-score": 0.5765230312035661,
                "support": 407
            },
            "accuracy": 0.8575,
            "macro avg": {
                "precision": 0.8032429690142311,
                "recall": 0.7157303682727412,
                "f1-score": 0.7454301359805027,
                "support": 2000
            },
            "weighted avg": {
                "precision": 0.847077327835159,
                "recall": 0.8575,
                "f1-score": 0.8455920491132259,
                "support": 2000
            },
            "roc_auc": 0.8588218418726893,
            "score": 0.8588218418726893
        }
    }
}
