{
    "program": "bin/ensemble.py",
    "single_program": "/slot/sandbox/d/in/script/0_script_unpacked/pretrains/bin/pretrain_mask_pretrain_es___5cbc489ef20546a29c10e63012b184ee.py",
    "config": {
        "seeds": [
            "10",
            "11",
            "12",
            "13",
            "14"
        ]
    },
    "prediction_type": "probs",
    "metrics": {
        "train": {
            "0": {
                "precision": 0.9890171657631406,
                "recall": 0.9863399666612577,
                "f1-score": 0.9876767520098674,
                "support": 135578
            },
            "1": {
                "precision": 0.9897676930197703,
                "recall": 0.9907066272502647,
                "f1-score": 0.9902369375627074,
                "support": 181312
            },
            "2": {
                "precision": 0.9946102274221112,
                "recall": 0.9919587448649594,
                "f1-score": 0.9932827166706781,
                "support": 22882
            },
            "3": {
                "precision": 0.9801699716713881,
                "recall": 0.9835133598635588,
                "f1-score": 0.981838819523269,
                "support": 1759
            },
            "4": {
                "precision": 0.9577058635052867,
                "recall": 0.9840329218106996,
                "f1-score": 0.9706909149955345,
                "support": 6075
            },
            "5": {
                "precision": 0.9863884660159398,
                "recall": 0.9910031488978858,
                "f1-score": 0.9886904227627681,
                "support": 11115
            },
            "6": {
                "precision": 0.9870791213802539,
                "recall": 0.989410330641475,
                "f1-score": 0.9882433512156147,
                "support": 13126
            },
            "accuracy": 0.9890116096136314,
            "macro avg": {
                "precision": 0.9835340726825558,
                "recall": 0.9881378714271573,
                "f1-score": 0.9858085592486342,
                "support": 371847
            },
            "weighted avg": {
                "precision": 0.9890269141030513,
                "recall": 0.9890116096136314,
                "f1-score": 0.9890152441714616,
                "support": 371847
            },
            "score": 0.9890116096136314
        },
        "val": {
            "0": {
                "precision": 0.9668983878124537,
                "recall": 0.964359473653154,
                "f1-score": 0.9656272618502488,
                "support": 33894
            },
            "1": {
                "precision": 0.971612448205942,
                "recall": 0.972555594775856,
                "f1-score": 0.9720837927232634,
                "support": 45328
            },
            "2": {
                "precision": 0.9732423924449108,
                "recall": 0.9727320398531725,
                "f1-score": 0.972987149226331,
                "support": 5721
            },
            "3": {
                "precision": 0.9320843091334895,
                "recall": 0.9066059225512528,
                "f1-score": 0.9191685912240186,
                "support": 439
            },
            "4": {
                "precision": 0.8905440414507773,
                "recall": 0.9052007899934167,
                "f1-score": 0.8978126020241594,
                "support": 1519
            },
            "5": {
                "precision": 0.9453125,
                "recall": 0.9578985246491544,
                "f1-score": 0.9515638963360142,
                "support": 2779
            },
            "6": {
                "precision": 0.9655487804878049,
                "recall": 0.9649603900060938,
                "f1-score": 0.9652544955806156,
                "support": 3282
            },
            "accuracy": 0.9674598222929799,
            "macro avg": {
                "precision": 0.9493204085050541,
                "recall": 0.9491875336403001,
                "f1-score": 0.949213969852093,
                "support": 92962
            },
            "weighted avg": {
                "precision": 0.967482397987413,
                "recall": 0.9674598222929799,
                "f1-score": 0.9674673277992261,
                "support": 92962
            },
            "score": 0.9674598222929799
        },
        "test": {
            "0": {
                "precision": 0.9675209217420165,
                "recall": 0.9632505664652568,
                "f1-score": 0.9653810216560811,
                "support": 42368
            },
            "1": {
                "precision": 0.9698825931597754,
                "recall": 0.97245018619509,
                "f1-score": 0.971164692611393,
                "support": 56661
            },
            "2": {
                "precision": 0.9701931150293871,
                "recall": 0.9695147531813733,
                "f1-score": 0.9698538154857662,
                "support": 7151
            },
            "3": {
                "precision": 0.9109090909090909,
                "recall": 0.912568306010929,
                "f1-score": 0.9117379435850773,
                "support": 549
            },
            "4": {
                "precision": 0.8838174273858921,
                "recall": 0.8973143759873617,
                "f1-score": 0.8905147635223412,
                "support": 1899
            },
            "5": {
                "precision": 0.9485188380788036,
                "recall": 0.949611287071696,
                "f1-score": 0.9490647482014388,
                "support": 3473
            },
            "6": {
                "precision": 0.9652068126520681,
                "recall": 0.9670892247684056,
                "f1-score": 0.9661471018022405,
                "support": 4102
            },
            "accuracy": 0.9665327056960664,
            "macro avg": {
                "precision": 0.9451498284224333,
                "recall": 0.947399814240016,
                "f1-score": 0.9462662981234768,
                "support": 116203
            },
            "weighted avg": {
                "precision": 0.9665519620373683,
                "recall": 0.9665327056960664,
                "f1-score": 0.9665388962175779,
                "support": 116203
            },
            "score": 0.9665327056960664
        }
    }
}
