{
    "program": "bin/ensemble.py",
    "single_program": "/slot/sandbox/d/in/script/0_script_unpacked/pretrains/bin/pretrain_mask___7eb1f283722e4cd8a25e3af6b56a4263.py",
    "config": {
        "seeds": [
            "10",
            "11",
            "12",
            "13",
            "14"
        ]
    },
    "prediction_type": "probs",
    "metrics": {
        "train": {
            "0": {
                "precision": 0.9667774086378738,
                "recall": 0.9954389965792474,
                "f1-score": 0.9808988764044944,
                "support": 1754
            },
            "1": {
                "precision": 0.9904,
                "recall": 0.9702194357366771,
                "f1-score": 0.9802058590657164,
                "support": 638
            },
            "2": {
                "precision": 0.9984859954579863,
                "recall": 0.9828614008941878,
                "f1-score": 0.9906120916259857,
                "support": 1342
            },
            "3": {
                "precision": 1.0,
                "recall": 0.985632183908046,
                "f1-score": 0.9927641099855282,
                "support": 696
            },
            "4": {
                "precision": 0.997872340425532,
                "recall": 0.9936440677966102,
                "f1-score": 0.9957537154989385,
                "support": 1888
            },
            "accuracy": 0.9886039886039886,
            "macro avg": {
                "precision": 0.9907071489042785,
                "recall": 0.9855592169829537,
                "f1-score": 0.9880469305161327,
                "support": 6318
            },
            "weighted avg": {
                "precision": 0.9888499460871878,
                "recall": 0.9886039886039886,
                "f1-score": 0.9886382129900929,
                "support": 6318
            },
            "score": 0.9886039886039886
        },
        "val": {
            "0": {
                "precision": 0.7690721649484537,
                "recall": 0.8496583143507973,
                "f1-score": 0.8073593073593075,
                "support": 439
            },
            "1": {
                "precision": 0.7062937062937062,
                "recall": 0.63125,
                "f1-score": 0.6666666666666665,
                "support": 160
            },
            "2": {
                "precision": 0.7507692307692307,
                "recall": 0.7283582089552239,
                "f1-score": 0.7393939393939394,
                "support": 335
            },
            "3": {
                "precision": 0.6481481481481481,
                "recall": 0.603448275862069,
                "f1-score": 0.625,
                "support": 174
            },
            "4": {
                "precision": 0.7870967741935484,
                "recall": 0.7754237288135594,
                "f1-score": 0.7812166488794025,
                "support": 472
            },
            "accuracy": 0.7525316455696203,
            "macro avg": {
                "precision": 0.7322760048706174,
                "recall": 0.7176277055963298,
                "f1-score": 0.7239273124598632,
                "support": 1580
            },
            "weighted avg": {
                "precision": 0.7509017853950564,
                "recall": 0.7525316455696203,
                "f1-score": 0.7508092598515509,
                "support": 1580
            },
            "score": 0.7525316455696203
        },
        "test": {
            "0": {
                "precision": 0.7853403141361257,
                "recall": 0.8211678832116789,
                "f1-score": 0.8028545941123998,
                "support": 548
            },
            "1": {
                "precision": 0.6335078534031413,
                "recall": 0.605,
                "f1-score": 0.618925831202046,
                "support": 200
            },
            "2": {
                "precision": 0.6962025316455697,
                "recall": 0.6547619047619048,
                "f1-score": 0.6748466257668712,
                "support": 420
            },
            "3": {
                "precision": 0.6557377049180327,
                "recall": 0.5529953917050692,
                "f1-score": 0.6,
                "support": 217
            },
            "4": {
                "precision": 0.7251184834123223,
                "recall": 0.7779661016949152,
                "f1-score": 0.7506132461161079,
                "support": 590
            },
            "accuracy": 0.7215189873417721,
            "macro avg": {
                "precision": 0.6991813775030383,
                "recall": 0.6823782562747136,
                "f1-score": 0.6894480594394851,
                "support": 1975
            },
            "weighted avg": {
                "precision": 0.7187787915437204,
                "recall": 0.7215189873417721,
                "f1-score": 0.719112345237769,
                "support": 1975
            },
            "score": 0.7215189873417721
        }
    }
}
