{
    "program": "bin/ensemble.py",
    "single_program": "/slot/sandbox/d/in/script/0_script_unpacked/pretrains/bin/pretrain_mask___9fb22218b3b74515b42722e81529fd57.py",
    "config": {
        "seeds": [
            "5",
            "6",
            "7",
            "8",
            "9"
        ]
    },
    "prediction_type": null,
    "metrics": {
        "train": {
            "rmse": 0.3021132219686202,
            "score": -0.3021132219686202
        },
        "val": {
            "rmse": 0.4208805399777074,
            "score": -0.4208805399777074
        },
        "test": {
            "rmse": 0.4140868338767602,
            "score": -0.4140868338767602
        }
    }
}
