{
    "program": "bin/ensemble.py",
    "single_program": "/slot/sandbox/d/in/script/0_script_unpacked/pretrains/bin/pretrain_mask_supervised___44f60819937d45f1bc3d10c1c30fbdae.py",
    "config": {
        "seeds": [
            "10",
            "11",
            "12",
            "13",
            "14"
        ]
    },
    "prediction_type": null,
    "metrics": {
        "train": {
            "rmse": 4.205605679470786,
            "score": -4.205605679470786
        },
        "val": {
            "rmse": 5.3616832847371825,
            "score": -5.3616832847371825
        },
        "test": {
            "rmse": 5.6067343249957595,
            "score": -5.6067343249957595
        }
    }
}
