{
    "program": "bin/ensemble.py",
    "single_program": "/slot/sandbox/d/in/script/0_script_unpacked/pretrains/bin/pretrain_supervised_contrastive___c36ab0908aca43fcb4b437e71af9c04c.py",
    "config": {
        "seeds": [
            "10",
            "11",
            "12",
            "13",
            "14"
        ]
    },
    "prediction_type": null,
    "metrics": {
        "train": {
            "rmse": 0.705807880736123,
            "score": -0.705807880736123
        },
        "val": {
            "rmse": 0.7412896012062384,
            "score": -0.7412896012062384
        },
        "test": {
            "rmse": 0.7454546574909842,
            "score": -0.7454546574909842
        }
    }
}
