{
    "program": "bin/ensemble.py",
    "single_program": "/slot/sandbox/d/in/script/0_script_unpacked/pretrains/bin/pretrain_ae___bc31f3b40ec44b5b997b5c3a26894238.py",
    "config": {
        "seeds": [
            "0",
            "1",
            "2",
            "3",
            "4"
        ]
    },
    "prediction_type": "probs",
    "metrics": {
        "train": {
            "0": {
                "precision": 0.8937988725222767,
                "recall": 0.9644819466248038,
                "f1-score": 0.927796130250118,
                "support": 5096
            },
            "1": {
                "precision": 0.7991120976692564,
                "recall": 0.5521472392638037,
                "f1-score": 0.653061224489796,
                "support": 1304
            },
            "accuracy": 0.88046875,
            "macro avg": {
                "precision": 0.8464554850957666,
                "recall": 0.7583145929443038,
                "f1-score": 0.7904286773699569,
                "support": 6400
            },
            "weighted avg": {
                "precision": 0.8745064421459738,
                "recall": 0.88046875,
                "f1-score": 0.8718188932014523,
                "support": 6400
            },
            "roc_auc": 0.9010584206547176,
            "score": 0.9010584206547176
        },
        "val": {
            "0": {
                "precision": 0.8835021707670043,
                "recall": 0.9583987441130298,
                "f1-score": 0.9194277108433735,
                "support": 1274
            },
            "1": {
                "precision": 0.7568807339449541,
                "recall": 0.5061349693251533,
                "f1-score": 0.6066176470588235,
                "support": 326
            },
            "accuracy": 0.86625,
            "macro avg": {
                "precision": 0.8201914523559792,
                "recall": 0.7322668567190915,
                "f1-score": 0.7630226789510985,
                "support": 1600
            },
            "weighted avg": {
                "precision": 0.8577030530145116,
                "recall": 0.86625,
                "f1-score": 0.8556926603472715,
                "support": 1600
            },
            "roc_auc": 0.8758872591037361,
            "score": 0.8758872591037361
        },
        "test": {
            "0": {
                "precision": 0.8794694348327566,
                "recall": 0.9573132454488387,
                "f1-score": 0.916741809437932,
                "support": 1593
            },
            "1": {
                "precision": 0.7443609022556391,
                "recall": 0.4864864864864865,
                "f1-score": 0.5884101040118871,
                "support": 407
            },
            "accuracy": 0.8615,
            "macro avg": {
                "precision": 0.8119151685441979,
                "recall": 0.7218998659676625,
                "f1-score": 0.7525759567249095,
                "support": 2000
            },
            "weighted avg": {
                "precision": 0.8519748484533133,
                "recall": 0.8615,
                "f1-score": 0.8499263073837319,
                "support": 2000
            },
            "roc_auc": 0.866626256456765,
            "score": 0.866626256456765
        }
    }
}
