{
    "program": "bin/ensemble.py",
    "single_program": "/slot/sandbox/d/in/script/0_script_unpacked/pretrains/bin/pretrain_ae___7217f57fe14b409f84dd7731d15942ff.py",
    "config": {
        "seeds": [
            "0",
            "1",
            "2",
            "3",
            "4"
        ]
    },
    "prediction_type": "probs",
    "metrics": {
        "train": {
            "0": {
                "precision": 0.9045927799941618,
                "recall": 0.9402275600505688,
                "f1-score": 0.9220660070916711,
                "support": 19775
            },
            "1": {
                "precision": 0.784856206771023,
                "recall": 0.6873904033157978,
                "f1-score": 0.7328970850684117,
                "support": 6273
            },
            "accuracy": 0.879338144963145,
            "macro avg": {
                "precision": 0.8447244933825924,
                "recall": 0.8138089816831833,
                "f1-score": 0.8274815460800413,
                "support": 26048
            },
            "weighted avg": {
                "precision": 0.8757572638766575,
                "recall": 0.879338144963145,
                "f1-score": 0.8765094711636955,
                "support": 26048
            },
            "roc_auc": 0.9366617149773787,
            "score": 0.9366617149773787
        },
        "val": {
            "0": {
                "precision": 0.8912068629362448,
                "recall": 0.9243680485338726,
                "f1-score": 0.9074846138574547,
                "support": 4945
            },
            "1": {
                "precision": 0.7297687861271677,
                "recall": 0.6441326530612245,
                "f1-score": 0.6842818428184282,
                "support": 1568
            },
            "accuracy": 0.8569015814524796,
            "macro avg": {
                "precision": 0.8104878245317062,
                "recall": 0.7842503507975485,
                "f1-score": 0.7958832283379415,
                "support": 6513
            },
            "weighted avg": {
                "precision": 0.8523407636829617,
                "recall": 0.8569015814524796,
                "f1-score": 0.8537487095139581,
                "support": 6513
            },
            "roc_auc": 0.9158996409483915,
            "score": 0.9158996409483915
        },
        "test": {
            "0": {
                "precision": 0.8918417799752781,
                "recall": 0.9283474065138722,
                "f1-score": 0.9097285157019583,
                "support": 12435
            },
            "1": {
                "precision": 0.7329937069223854,
                "recall": 0.6359854394175767,
                "f1-score": 0.6810524850341083,
                "support": 3846
            },
            "accuracy": 0.8592838277747067,
            "macro avg": {
                "precision": 0.8124177434488318,
                "recall": 0.7821664229657244,
                "f1-score": 0.7953905003680333,
                "support": 16281
            },
            "weighted avg": {
                "precision": 0.8543176912238855,
                "recall": 0.8592838277747067,
                "f1-score": 0.8557092285605942,
                "support": 16281
            },
            "roc_auc": 0.9119866153713297,
            "score": 0.9119866153713297
        }
    }
}
