{
    "program": "bin/ensemble.py",
    "single_program": "/slot/sandbox/d/in/script/0_script_unpacked/pretrains/bin/pretrain_ae___e990733cd2cb43558488135cc5cf84d8.py",
    "config": {
        "seeds": [
            "10",
            "11",
            "12",
            "13",
            "14"
        ]
    },
    "prediction_type": "probs",
    "metrics": {
        "train": {
            "0": {
                "precision": 0.8810612991765783,
                "recall": 0.7797570850202429,
                "f1-score": 0.827319587628866,
                "support": 1235
            },
            "1": {
                "precision": 0.7834874957177116,
                "recall": 0.8866059313820508,
                "f1-score": 0.831863235427844,
                "support": 10318
            },
            "2": {
                "precision": 0.7134231305155597,
                "recall": 0.5997657165169855,
                "f1-score": 0.6516758591429783,
                "support": 5122
            },
            "3": {
                "precision": 0.8311180609851446,
                "recall": 0.6173054587688734,
                "f1-score": 0.7084305231589471,
                "support": 1722
            },
            "4": {
                "precision": 0.9756373937677054,
                "recall": 0.9823160296634341,
                "f1-score": 0.9789653212052303,
                "support": 1753
            },
            "5": {
                "precision": 0.9696936301520829,
                "recall": 0.9726951138624806,
                "f1-score": 0.9711920529801324,
                "support": 9046
            },
            "6": {
                "precision": 0.8426592797783934,
                "recall": 0.837094111172262,
                "f1-score": 0.8398674765323026,
                "support": 1817
            },
            "7": {
                "precision": 0.9574193548387097,
                "recall": 0.958833302565996,
                "f1-score": 0.9581258070466703,
                "support": 5417
            },
            "8": {
                "precision": 0.9279421019509125,
                "recall": 0.9299905392620624,
                "f1-score": 0.9289651913687194,
                "support": 3171
            },
            "accuracy": 0.8694477412186561,
            "macro avg": {
                "precision": 0.8758268607647554,
                "recall": 0.8404848098015987,
                "f1-score": 0.8551561171657434,
                "support": 39601
            },
            "weighted avg": {
                "precision": 0.8686541034885747,
                "recall": 0.8694477412186561,
                "f1-score": 0.8668011037112309,
                "support": 39601
            },
            "logloss": 0.3365645781980567,
            "score": -0.3365645781980567
        },
        "val": {
            "0": {
                "precision": 0.6812749003984063,
                "recall": 0.5551948051948052,
                "f1-score": 0.6118067978533095,
                "support": 308
            },
            "1": {
                "precision": 0.7440838404327248,
                "recall": 0.8531007751937985,
                "f1-score": 0.7948717948717948,
                "support": 2580
            },
            "2": {
                "precision": 0.6413662239089184,
                "recall": 0.5277127244340359,
                "f1-score": 0.5790149892933619,
                "support": 1281
            },
            "3": {
                "precision": 0.7532467532467533,
                "recall": 0.5382830626450116,
                "f1-score": 0.6278755074424898,
                "support": 431
            },
            "4": {
                "precision": 0.9678899082568807,
                "recall": 0.9634703196347032,
                "f1-score": 0.965675057208238,
                "support": 438
            },
            "5": {
                "precision": 0.9475322365495776,
                "recall": 0.9420866489832007,
                "f1-score": 0.9448015960984262,
                "support": 2262
            },
            "6": {
                "precision": 0.7192224622030238,
                "recall": 0.7334801762114538,
                "f1-score": 0.7262813522355507,
                "support": 454
            },
            "7": {
                "precision": 0.9231894659839064,
                "recall": 0.9320531757754801,
                "f1-score": 0.9276001470047777,
                "support": 1354
            },
            "8": {
                "precision": 0.852760736196319,
                "recall": 0.8764186633039092,
                "f1-score": 0.8644278606965173,
                "support": 793
            },
            "accuracy": 0.8204221795778204,
            "macro avg": {
                "precision": 0.8033962807973901,
                "recall": 0.7690889279307108,
                "f1-score": 0.7824839003004962,
                "support": 9901
            },
            "weighted avg": {
                "precision": 0.8176777051402419,
                "recall": 0.8204221795778204,
                "f1-score": 0.8163659005579391,
                "support": 9901
            },
            "logloss": 0.45887679170330675,
            "score": -0.45887679170330675
        },
        "test": {
            "0": {
                "precision": 0.6866666666666666,
                "recall": 0.533678756476684,
                "f1-score": 0.6005830903790087,
                "support": 386
            },
            "1": {
                "precision": 0.7477526559520566,
                "recall": 0.8514267990074442,
                "f1-score": 0.7962291515591009,
                "support": 3224
            },
            "2": {
                "precision": 0.6150885296381832,
                "recall": 0.4990630855715178,
                "f1-score": 0.5510344827586207,
                "support": 1601
            },
            "3": {
                "precision": 0.727710843373494,
                "recall": 0.5613382899628253,
                "f1-score": 0.633788037775446,
                "support": 538
            },
            "4": {
                "precision": 0.9690346083788707,
                "recall": 0.9708029197080292,
                "f1-score": 0.9699179580674567,
                "support": 548
            },
            "5": {
                "precision": 0.9524485450674237,
                "recall": 0.9494163424124513,
                "f1-score": 0.9509300265721877,
                "support": 2827
            },
            "6": {
                "precision": 0.7468581687612208,
                "recall": 0.7323943661971831,
                "f1-score": 0.7395555555555555,
                "support": 568
            },
            "7": {
                "precision": 0.9104477611940298,
                "recall": 0.9367985823981099,
                "f1-score": 0.9234352256186317,
                "support": 1693
            },
            "8": {
                "precision": 0.8634146341463415,
                "recall": 0.893037336024218,
                "f1-score": 0.8779761904761905,
                "support": 991
            },
            "accuracy": 0.8205397543632837,
            "macro avg": {
                "precision": 0.8021580459086985,
                "recall": 0.7697729419731625,
                "f1-score": 0.782605524306911,
                "support": 12376
            },
            "weighted avg": {
                "precision": 0.8158470806482346,
                "recall": 0.8205397543632837,
                "f1-score": 0.8157210772594476,
                "support": 12376
            },
            "logloss": 0.4555820988326952,
            "score": -0.4555820988326952
        }
    }
}
