{
    "program": "bin/ensemble.py",
    "single_program": "/slot/sandbox/d/in/script/0_script_unpacked/pretrains/bin/pretrain_mask_supervised___f676e835c816409f8d594091d00d55e1.py",
    "config": {
        "seeds": [
            "0",
            "1",
            "2",
            "3",
            "4"
        ]
    },
    "prediction_type": "probs",
    "metrics": {
        "train": {
            "0": {
                "precision": 0.9971574758385446,
                "recall": 1.0,
                "f1-score": 0.9985767150583547,
                "support": 1754
            },
            "1": {
                "precision": 1.0,
                "recall": 0.9984326018808778,
                "f1-score": 0.9992156862745099,
                "support": 638
            },
            "2": {
                "precision": 1.0,
                "recall": 0.9970193740685543,
                "f1-score": 0.9985074626865672,
                "support": 1342
            },
            "3": {
                "precision": 1.0,
                "recall": 1.0,
                "f1-score": 1.0,
                "support": 696
            },
            "4": {
                "precision": 1.0,
                "recall": 1.0,
                "f1-score": 1.0,
                "support": 1888
            },
            "accuracy": 0.9992086103197214,
            "macro avg": {
                "precision": 0.999431495167709,
                "recall": 0.9990903951898865,
                "f1-score": 0.9992599728038863,
                "support": 6318
            },
            "weighted avg": {
                "precision": 0.9992108598640088,
                "recall": 0.9992086103197214,
                "f1-score": 0.9992086389649991,
                "support": 6318
            },
            "score": 0.9992086103197214
        },
        "val": {
            "0": {
                "precision": 0.7709611451942741,
                "recall": 0.8587699316628702,
                "f1-score": 0.8125,
                "support": 439
            },
            "1": {
                "precision": 0.7328767123287672,
                "recall": 0.66875,
                "f1-score": 0.6993464052287582,
                "support": 160
            },
            "2": {
                "precision": 0.7322580645161291,
                "recall": 0.6776119402985075,
                "f1-score": 0.7038759689922481,
                "support": 335
            },
            "3": {
                "precision": 0.7132352941176471,
                "recall": 0.5574712643678161,
                "f1-score": 0.6258064516129032,
                "support": 174
            },
            "4": {
                "precision": 0.7474949899799599,
                "recall": 0.7902542372881356,
                "f1-score": 0.768280123583934,
                "support": 472
            },
            "accuracy": 0.7474683544303797,
            "macro avg": {
                "precision": 0.7393652412273555,
                "recall": 0.7105714747234659,
                "f1-score": 0.7219617898835688,
                "support": 1580
            },
            "weighted avg": {
                "precision": 0.745531167577724,
                "recall": 0.7474683544303797,
                "f1-score": 0.7442404527602953,
                "support": 1580
            },
            "score": 0.7474683544303797
        },
        "test": {
            "0": {
                "precision": 0.7931623931623931,
                "recall": 0.8467153284671532,
                "f1-score": 0.8190644307149162,
                "support": 548
            },
            "1": {
                "precision": 0.7314285714285714,
                "recall": 0.64,
                "f1-score": 0.6826666666666666,
                "support": 200
            },
            "2": {
                "precision": 0.7036082474226805,
                "recall": 0.65,
                "f1-score": 0.6757425742574258,
                "support": 420
            },
            "3": {
                "precision": 0.7041420118343196,
                "recall": 0.5483870967741935,
                "f1-score": 0.616580310880829,
                "support": 217
            },
            "4": {
                "precision": 0.7112462006079028,
                "recall": 0.7932203389830509,
                "f1-score": 0.7500000000000001,
                "support": 590
            },
            "accuracy": 0.7351898734177216,
            "macro avg": {
                "precision": 0.7287174848911734,
                "recall": 0.6956645528448795,
                "f1-score": 0.7088107965039675,
                "support": 1975
            },
            "weighted avg": {
                "precision": 0.733614301054654,
                "recall": 0.7351898734177216,
                "f1-score": 0.7318938987414512,
                "support": 1975
            },
            "score": 0.7351898734177216
        }
    }
}
