{
    "program": "bin/ensemble.py",
    "single_program": "/slot/sandbox/d/in/script/0_script_unpacked/pretrains/bin/pretrain_ae_supervised___717c9ea51170408198ae78c9701d1be3.py",
    "config": {
        "seeds": [
            "0",
            "1",
            "2",
            "3",
            "4"
        ]
    },
    "prediction_type": null,
    "metrics": {
        "train": {
            "rmse": 0.2881292700829141,
            "score": -0.2881292700829141
        },
        "val": {
            "rmse": 0.4222297672437708,
            "score": -0.4222297672437708
        },
        "test": {
            "rmse": 0.42514537140210845,
            "score": -0.42514537140210845
        }
    }
}
