{
    "program": "bin/ensemble.py",
    "single_program": "/slot/sandbox/d/in/script/0_script_unpacked/pretrains/bin/pretrain_mask_supervised___67e33d82bab74a0c9b33cc2251e2e617.py",
    "config": {
        "seeds": [
            "10",
            "11",
            "12",
            "13",
            "14"
        ]
    },
    "prediction_type": "probs",
    "metrics": {
        "train": {
            "0": {
                "precision": 0.8373702422145328,
                "recall": 0.9972527472527473,
                "f1-score": 0.9103448275862069,
                "support": 5096
            },
            "1": {
                "precision": 0.9577039274924471,
                "recall": 0.24309815950920247,
                "f1-score": 0.3877675840978594,
                "support": 1304
            },
            "accuracy": 0.84359375,
            "macro avg": {
                "precision": 0.89753708485349,
                "recall": 0.6201754533809749,
                "f1-score": 0.6490562058420332,
                "support": 6400
            },
            "weighted avg": {
                "precision": 0.8618882305899078,
                "recall": 0.84359375,
                "f1-score": 0.803869714225456,
                "support": 6400
            },
            "roc_auc": 0.8937141544914331,
            "score": 0.8937141544914331
        },
        "val": {
            "0": {
                "precision": 0.8301763553233181,
                "recall": 0.9976452119309263,
                "f1-score": 0.9062388591800357,
                "support": 1274
            },
            "1": {
                "precision": 0.9565217391304348,
                "recall": 0.20245398773006135,
                "f1-score": 0.3341772151898734,
                "support": 326
            },
            "accuracy": 0.835625,
            "macro avg": {
                "precision": 0.8933490472268765,
                "recall": 0.6000495998304938,
                "f1-score": 0.6202080371849545,
                "support": 1600
            },
            "weighted avg": {
                "precision": 0.855919227274018,
                "recall": 0.835625,
                "f1-score": 0.78968129921704,
                "support": 1600
            },
            "roc_auc": 0.8772283807340774,
            "score": 0.8772283807340774
        },
        "test": {
            "0": {
                "precision": 0.8324607329842932,
                "recall": 0.9981167608286252,
                "f1-score": 0.9077933200114188,
                "support": 1593
            },
            "1": {
                "precision": 0.9666666666666667,
                "recall": 0.21375921375921375,
                "f1-score": 0.35010060362173034,
                "support": 407
            },
            "accuracy": 0.8385,
            "macro avg": {
                "precision": 0.8995636998254799,
                "recall": 0.6059379872939195,
                "f1-score": 0.6289469618165746,
                "support": 2000
            },
            "weighted avg": {
                "precision": 0.8597716404886563,
                "recall": 0.8385,
                "f1-score": 0.7943028522261172,
                "support": 2000
            },
            "roc_auc": 0.8651764244984583,
            "score": 0.8651764244984583
        }
    }
}
