{
    "program": "bin/ensemble.py",
    "single_program": "/slot/sandbox/d/in/script/0_script_unpacked/pretrains/bin/pretrain_mask___73ea565df5164612a3cafca6a80edca8.py",
    "config": {
        "seeds": [
            "10",
            "11",
            "12",
            "13",
            "14"
        ]
    },
    "prediction_type": null,
    "metrics": {
        "train": {
            "rmse": 16381.142962072192,
            "score": -16381.142962072192
        },
        "val": {
            "rmse": 26282.87584245078,
            "score": -26282.87584245078
        },
        "test": {
            "rmse": 29141.21710844563,
            "score": -29141.21710844563
        }
    }
}
