{
    "program": "bin/ensemble.py",
    "single_program": "/slot/sandbox/d/in/script/0_script_unpacked/pretrains/bin/pretrain_ae_mask___95e7ed1385434fc8b7e6e55e9a8ad7a9.py",
    "config": {
        "seeds": [
            "10",
            "11",
            "12",
            "13",
            "14"
        ]
    },
    "prediction_type": "probs",
    "metrics": {
        "train": {
            "0": {
                "precision": 0.9096615988229524,
                "recall": 0.9379519595448799,
                "f1-score": 0.9235901904643344,
                "support": 19775
            },
            "1": {
                "precision": 0.7831389183457051,
                "recall": 0.7063605930176949,
                "f1-score": 0.7427709328639679,
                "support": 6273
            },
            "accuracy": 0.8821790540540541,
            "macro avg": {
                "precision": 0.8464002585843288,
                "recall": 0.8221562762812874,
                "f1-score": 0.8331805616641512,
                "support": 26048
            },
            "weighted avg": {
                "precision": 0.8791918209269999,
                "recall": 0.8821790540540541,
                "f1-score": 0.8800444593937303,
                "support": 26048
            },
            "roc_auc": 0.941126921449924,
            "score": 0.941126921449924
        },
        "val": {
            "0": {
                "precision": 0.8939512961508248,
                "recall": 0.920525783619818,
                "f1-score": 0.9070439374315035,
                "support": 4945
            },
            "1": {
                "precision": 0.7234342012667135,
                "recall": 0.6556122448979592,
                "f1-score": 0.6878554700568752,
                "support": 1568
            },
            "accuracy": 0.8567480423767849,
            "macro avg": {
                "precision": 0.8086927487087692,
                "recall": 0.7880690142588886,
                "f1-score": 0.7974497037441893,
                "support": 6513
            },
            "weighted avg": {
                "precision": 0.8528994299174014,
                "recall": 0.8567480423767849,
                "f1-score": 0.8542744737675364,
                "support": 6513
            },
            "roc_auc": 0.916314794370731,
            "score": 0.916314794370731
        },
        "test": {
            "0": {
                "precision": 0.8949707602339181,
                "recall": 0.9230398069963812,
                "f1-score": 0.9087885985748219,
                "support": 12435
            },
            "1": {
                "precision": 0.7230902777777778,
                "recall": 0.6497659906396256,
                "f1-score": 0.6844700082169268,
                "support": 3846
            },
            "accuracy": 0.8584853510226644,
            "macro avg": {
                "precision": 0.809030519005848,
                "recall": 0.7864028988180034,
                "f1-score": 0.7966293033958743,
                "support": 16281
            },
            "weighted avg": {
                "precision": 0.8543680739415334,
                "recall": 0.8584853510226644,
                "f1-score": 0.8557986533308893,
                "support": 16281
            },
            "roc_auc": 0.9120379797097795,
            "score": 0.9120379797097795
        }
    }
}
