{
    "program": "bin/ensemble.py",
    "single_program": "/slot/sandbox/d/in/script/0_script_unpacked/pretrains/bin/pretrain_contrastive___e8948aeee3e24230b1f4dc7ac523fdb3.py",
    "config": {
        "seeds": [
            "0",
            "1",
            "2",
            "3",
            "4"
        ]
    },
    "prediction_type": "probs",
    "metrics": {
        "train": {
            "0": {
                "precision": 0.7722722045592911,
                "recall": 0.7718545061185856,
                "f1-score": 0.7720632988435788,
                "support": 29582
            },
            "1": {
                "precision": 0.7966249811661895,
                "recall": 0.7970092556302572,
                "f1-score": 0.796817072067999,
                "support": 33169
            },
            "accuracy": 0.7851508342496534,
            "macro avg": {
                "precision": 0.7844485928627403,
                "recall": 0.7844318808744214,
                "f1-score": 0.784440185455789,
                "support": 62751
            },
            "weighted avg": {
                "precision": 0.7851446248756878,
                "recall": 0.7851508342496534,
                "f1-score": 0.7851476784404106,
                "support": 62751
            },
            "roc_auc": 0.8704508485776123,
            "score": 0.8704508485776123
        },
        "val": {
            "0": {
                "precision": 0.7320099255583127,
                "recall": 0.7179556517036236,
                "f1-score": 0.7249146757679181,
                "support": 7396
            },
            "1": {
                "precision": 0.7526677732985535,
                "recall": 0.7655571635311144,
                "f1-score": 0.7590577543943561,
                "support": 8292
            },
            "accuracy": 0.7431157572667006,
            "macro avg": {
                "precision": 0.7423388494284331,
                "recall": 0.741756407617369,
                "f1-score": 0.7419862150811372,
                "support": 15688
            },
            "weighted avg": {
                "precision": 0.742928772668338,
                "recall": 0.7431157572667006,
                "f1-score": 0.74296123415461,
                "support": 15688
            },
            "roc_auc": 0.8247702601659233,
            "score": 0.8247702601659233
        },
        "test": {
            "0": {
                "precision": 0.72212562486416,
                "recall": 0.7187669010275824,
                "f1-score": 0.7204423483493251,
                "support": 9245
            },
            "1": {
                "precision": 0.7501921598770177,
                "recall": 0.7533043897732754,
                "f1-score": 0.7517450536754442,
                "support": 10365
            },
            "accuracy": 0.7370219275879654,
            "macro avg": {
                "precision": 0.7361588923705888,
                "recall": 0.7360356454004289,
                "f1-score": 0.7360937010123847,
                "support": 19610
            },
            "weighted avg": {
                "precision": 0.7369603844464278,
                "recall": 0.7370219275879654,
                "f1-score": 0.7369876079467358,
                "support": 19610
            },
            "roc_auc": 0.8196746810638311,
            "score": 0.8196746810638311
        }
    }
}
