{
    "program": "bin/ensemble.py",
    "single_program": "/slot/sandbox/d/in/script/0_script_unpacked/pretrains/bin/pretrain_ae_supervised___26d349f6d1424d369ce214e478c35d05.py",
    "config": {
        "seeds": [
            "5",
            "6",
            "7",
            "8",
            "9"
        ]
    },
    "prediction_type": "probs",
    "metrics": {
        "train": {
            "0": {
                "precision": 0.8987504593899301,
                "recall": 0.9597723704866562,
                "f1-score": 0.9282596318086923,
                "support": 5096
            },
            "1": {
                "precision": 0.7860125260960334,
                "recall": 0.5774539877300614,
                "f1-score": 0.6657824933687003,
                "support": 1304
            },
            "accuracy": 0.881875,
            "macro avg": {
                "precision": 0.8423814927429818,
                "recall": 0.7686131791083588,
                "f1-score": 0.7970210625886963,
                "support": 6400
            },
            "weighted avg": {
                "precision": 0.8757801054812987,
                "recall": 0.881875,
                "f1-score": 0.8747799148515439,
                "support": 6400
            },
            "roc_auc": 0.9027673274359297,
            "score": 0.9027673274359297
        },
        "val": {
            "0": {
                "precision": 0.8845315904139434,
                "recall": 0.9560439560439561,
                "f1-score": 0.918898528857035,
                "support": 1274
            },
            "1": {
                "precision": 0.7488789237668162,
                "recall": 0.5122699386503068,
                "f1-score": 0.6083788706739527,
                "support": 326
            },
            "accuracy": 0.865625,
            "macro avg": {
                "precision": 0.8167052570903798,
                "recall": 0.7341569473471314,
                "f1-score": 0.7636386997654938,
                "support": 1600
            },
            "weighted avg": {
                "precision": 0.8568923595845911,
                "recall": 0.865625,
                "f1-score": 0.855630148502232,
                "support": 1600
            },
            "roc_auc": 0.874042915892171,
            "score": 0.874042915892171
        },
        "test": {
            "0": {
                "precision": 0.8817705299941759,
                "recall": 0.9504080351537979,
                "f1-score": 0.9148036253776435,
                "support": 1593
            },
            "1": {
                "precision": 0.7208480565371025,
                "recall": 0.5012285012285013,
                "f1-score": 0.591304347826087,
                "support": 407
            },
            "accuracy": 0.859,
            "macro avg": {
                "precision": 0.8013092932656392,
                "recall": 0.7258182681911496,
                "f1-score": 0.7530539866018653,
                "support": 2000
            },
            "weighted avg": {
                "precision": 0.8490228066456615,
                "recall": 0.859,
                "f1-score": 0.8489715223959017,
                "support": 2000
            },
            "roc_auc": 0.8649250174673904,
            "score": 0.8649250174673904
        }
    }
}
