{
    "program": "bin/ensemble.py",
    "single_program": "/slot/sandbox/d/in/script/0_script_unpacked/pretrains/bin/pretrain_ae_ddp___6f6cfd0b190d4cecab48b6d223e22c76.py",
    "config": {
        "seeds": [
            "5",
            "6",
            "7",
            "8",
            "9"
        ]
    },
    "prediction_type": null,
    "metrics": {
        "train": {
            "rmse": 1.690985781386578,
            "score": -1.690985781386578
        },
        "val": {
            "rmse": 1.8595319275135287,
            "score": -1.8595319275135287
        },
        "test": {
            "rmse": 1.8630885436722813,
            "score": -1.8630885436722813
        }
    }
}
