{
    "program": "bin/ensemble.py",
    "single_program": "/slot/sandbox/d/in/script/0_script_unpacked/pretrains/bin/pretrain_supervised_contrastive___51e8f2446fe344f0aeb26e813c9353ad.py",
    "config": {
        "seeds": [
            "5",
            "6",
            "7",
            "8",
            "9"
        ]
    },
    "prediction_type": null,
    "metrics": {
        "train": {
            "rmse": 13925.675752465002,
            "score": -13925.675752465002
        },
        "val": {
            "rmse": 27449.486827483925,
            "score": -27449.486827483925
        },
        "test": {
            "rmse": 30221.577855393003,
            "score": -30221.577855393003
        }
    }
}
