{
    "program": "bin/ensemble.py",
    "single_program": "/slot/sandbox/d/in/script/0_script_unpacked/pretrains/bin/pretrain_mask_pretrain_es___22980f9b94c44058b2d02b830337ad6d.py",
    "config": {
        "seeds": [
            "0",
            "1",
            "2",
            "3",
            "4"
        ]
    },
    "prediction_type": null,
    "metrics": {
        "train": {
            "rmse": 1.581173575435575,
            "score": -1.581173575435575
        },
        "val": {
            "rmse": 1.8294702373704947,
            "score": -1.8294702373704947
        },
        "test": {
            "rmse": 1.8271023108005766,
            "score": -1.8271023108005766
        }
    }
}
