{
    "program": "bin/ensemble.py",
    "single_program": "/slot/sandbox/d/in/script/0_script_unpacked/pretrains/bin/finetune___c717cf973dd547c585115cc0c2c89877.py",
    "config": {
        "seeds": [
            "0",
            "1",
            "2",
            "3",
            "4"
        ]
    },
    "prediction_type": "probs",
    "metrics": {
        "train": {
            "0": {
                "precision": 0.8616352201257862,
                "recall": 0.7765182186234818,
                "f1-score": 0.8168654173764907,
                "support": 1235
            },
            "1": {
                "precision": 0.8021167693241954,
                "recall": 0.8961038961038961,
                "f1-score": 0.8465094987411308,
                "support": 10318
            },
            "2": {
                "precision": 0.7332599118942731,
                "recall": 0.6499414291292464,
                "f1-score": 0.6890912854481475,
                "support": 5122
            },
            "3": {
                "precision": 0.8393285371702638,
                "recall": 0.6097560975609756,
                "f1-score": 0.7063572149344096,
                "support": 1722
            },
            "4": {
                "precision": 0.9822654462242563,
                "recall": 0.9794637763833428,
                "f1-score": 0.9808626106826621,
                "support": 1753
            },
            "5": {
                "precision": 0.9728712213486879,
                "recall": 0.9712580145920849,
                "f1-score": 0.9720639486640482,
                "support": 9046
            },
            "6": {
                "precision": 0.8481375358166189,
                "recall": 0.8145294441386901,
                "f1-score": 0.8309938236945535,
                "support": 1817
            },
            "7": {
                "precision": 0.9527472527472527,
                "recall": 0.9603101347609377,
                "f1-score": 0.9565137445986944,
                "support": 5417
            },
            "8": {
                "precision": 0.9249843063402385,
                "recall": 0.9293598233995585,
                "f1-score": 0.9271669026270253,
                "support": 3171
            },
            "accuracy": 0.8766445291785561,
            "macro avg": {
                "precision": 0.879705133443508,
                "recall": 0.843026759410246,
                "f1-score": 0.8584916051963514,
                "support": 39601
            },
            "weighted avg": {
                "precision": 0.8762195079452278,
                "recall": 0.8766445291785561,
                "f1-score": 0.8745518068525929,
                "support": 39601
            },
            "logloss": 0.3304111039073875,
            "score": -0.3304111039073875
        },
        "val": {
            "0": {
                "precision": 0.664,
                "recall": 0.538961038961039,
                "f1-score": 0.5949820788530467,
                "support": 308
            },
            "1": {
                "precision": 0.7519807096107475,
                "recall": 0.8461240310077519,
                "f1-score": 0.796279409082619,
                "support": 2580
            },
            "2": {
                "precision": 0.6330680813439434,
                "recall": 0.5589383294301327,
                "f1-score": 0.593698175787728,
                "support": 1281
            },
            "3": {
                "precision": 0.7344262295081967,
                "recall": 0.5197215777262181,
                "f1-score": 0.608695652173913,
                "support": 431
            },
            "4": {
                "precision": 0.9767981438515081,
                "recall": 0.9611872146118722,
                "f1-score": 0.9689298043728424,
                "support": 438
            },
            "5": {
                "precision": 0.9455842997323818,
                "recall": 0.9372236958443855,
                "f1-score": 0.9413854351687388,
                "support": 2262
            },
            "6": {
                "precision": 0.7227272727272728,
                "recall": 0.7004405286343612,
                "f1-score": 0.7114093959731543,
                "support": 454
            },
            "7": {
                "precision": 0.9109985528219972,
                "recall": 0.9298375184638109,
                "f1-score": 0.9203216374269005,
                "support": 1354
            },
            "8": {
                "precision": 0.8433292533659731,
                "recall": 0.8688524590163934,
                "f1-score": 0.8559006211180124,
                "support": 793
            },
            "accuracy": 0.8176951823048177,
            "macro avg": {
                "precision": 0.7981013936624468,
                "recall": 0.7623651548551071,
                "f1-score": 0.7768446899952173,
                "support": 9901
            },
            "weighted avg": {
                "precision": 0.8149923988663108,
                "recall": 0.8176951823048177,
                "f1-score": 0.8142773668369198,
                "support": 9901
            },
            "logloss": 0.4722507299226564,
            "score": -0.4722507299226564
        },
        "test": {
            "0": {
                "precision": 0.656441717791411,
                "recall": 0.5544041450777202,
                "f1-score": 0.601123595505618,
                "support": 386
            },
            "1": {
                "precision": 0.7541212629226041,
                "recall": 0.8371588089330024,
                "f1-score": 0.7934734675878288,
                "support": 3224
            },
            "2": {
                "precision": 0.610600706713781,
                "recall": 0.5396627108057465,
                "f1-score": 0.5729442970822282,
                "support": 1601
            },
            "3": {
                "precision": 0.7164179104477612,
                "recall": 0.5353159851301115,
                "f1-score": 0.6127659574468085,
                "support": 538
            },
            "4": {
                "precision": 0.9762340036563071,
                "recall": 0.9744525547445255,
                "f1-score": 0.9753424657534246,
                "support": 548
            },
            "5": {
                "precision": 0.9505865623889086,
                "recall": 0.9458790237000354,
                "f1-score": 0.9482269503546098,
                "support": 2827
            },
            "6": {
                "precision": 0.7440147329650092,
                "recall": 0.7112676056338029,
                "f1-score": 0.7272727272727274,
                "support": 568
            },
            "7": {
                "precision": 0.914918414918415,
                "recall": 0.9273479031305375,
                "f1-score": 0.9210912290994426,
                "support": 1693
            },
            "8": {
                "precision": 0.8483091787439614,
                "recall": 0.8859737638748738,
                "f1-score": 0.8667324777887462,
                "support": 991
            },
            "accuracy": 0.8181157078215902,
            "macro avg": {
                "precision": 0.7968493878386842,
                "recall": 0.7679402778922617,
                "f1-score": 0.7798859075434926,
                "support": 12376
            },
            "weighted avg": {
                "precision": 0.8146569254034411,
                "recall": 0.8181157078215902,
                "f1-score": 0.8147785696051739,
                "support": 12376
            },
            "logloss": 0.47205733156332186,
            "score": -0.47205733156332186
        }
    }
}
