{
    "program": "bin/ensemble.py",
    "single_program": "/slot/sandbox/d/in/script/0_script_unpacked/pretrains/bin/pretrain_mask___274fbcb777f34ccea5f36d633117f6bc.py",
    "config": {
        "seeds": [
            "5",
            "6",
            "7",
            "8",
            "9"
        ]
    },
    "prediction_type": "probs",
    "metrics": {
        "train": {
            "0": {
                "precision": 0.9954389965792474,
                "recall": 0.9954389965792474,
                "f1-score": 0.9954389965792474,
                "support": 1754
            },
            "1": {
                "precision": 0.9968701095461658,
                "recall": 0.9984326018808778,
                "f1-score": 0.9976507439310884,
                "support": 638
            },
            "2": {
                "precision": 0.999251497005988,
                "recall": 0.9947839046199702,
                "f1-score": 0.9970126960418223,
                "support": 1342
            },
            "3": {
                "precision": 1.0,
                "recall": 0.9985632183908046,
                "f1-score": 0.9992810927390366,
                "support": 696
            },
            "4": {
                "precision": 0.9957761351636748,
                "recall": 0.9989406779661016,
                "f1-score": 0.9973558963511371,
                "support": 1888
            },
            "accuracy": 0.9969927192149415,
            "macro avg": {
                "precision": 0.9974673476590153,
                "recall": 0.9972318798874003,
                "f1-score": 0.9973478851284664,
                "support": 6318
            },
            "weighted avg": {
                "precision": 0.9969965150461393,
                "recall": 0.9969927192149415,
                "f1-score": 0.9969926852759539,
                "support": 6318
            },
            "score": 0.9969927192149415
        },
        "val": {
            "0": {
                "precision": 0.8021052631578948,
                "recall": 0.8678815489749431,
                "f1-score": 0.8336980306345734,
                "support": 439
            },
            "1": {
                "precision": 0.7142857142857143,
                "recall": 0.65625,
                "f1-score": 0.6840390879478827,
                "support": 160
            },
            "2": {
                "precision": 0.7843137254901961,
                "recall": 0.7164179104477612,
                "f1-score": 0.7488299531981278,
                "support": 335
            },
            "3": {
                "precision": 0.7402597402597403,
                "recall": 0.6551724137931034,
                "f1-score": 0.6951219512195121,
                "support": 174
            },
            "4": {
                "precision": 0.7791164658634538,
                "recall": 0.8220338983050848,
                "f1-score": 0.8000000000000002,
                "support": 472
            },
            "accuracy": 0.7772151898734178,
            "macro avg": {
                "precision": 0.7640161818113997,
                "recall": 0.7435511543041784,
                "f1-score": 0.7523378046000192,
                "support": 1580
            },
            "weighted avg": {
                "precision": 0.7757615123696145,
                "recall": 0.7772151898734178,
                "f1-score": 0.7752208502239285,
                "support": 1580
            },
            "score": 0.7772151898734178
        },
        "test": {
            "0": {
                "precision": 0.8066783831282952,
                "recall": 0.8375912408759124,
                "f1-score": 0.8218442256042973,
                "support": 548
            },
            "1": {
                "precision": 0.6717171717171717,
                "recall": 0.665,
                "f1-score": 0.6683417085427136,
                "support": 200
            },
            "2": {
                "precision": 0.7172774869109948,
                "recall": 0.6523809523809524,
                "f1-score": 0.6832917705735662,
                "support": 420
            },
            "3": {
                "precision": 0.7134502923976608,
                "recall": 0.5622119815668203,
                "f1-score": 0.6288659793814434,
                "support": 217
            },
            "4": {
                "precision": 0.7267175572519083,
                "recall": 0.8067796610169492,
                "f1-score": 0.7646586345381526,
                "support": 590
            },
            "accuracy": 0.7412658227848101,
            "macro avg": {
                "precision": 0.7271681782812062,
                "recall": 0.7047927671681269,
                "f1-score": 0.7134004637280346,
                "support": 1975
            },
            "weighted avg": {
                "precision": 0.7398692683692537,
                "recall": 0.7412658227848101,
                "f1-score": 0.7385488774095589,
                "support": 1975
            },
            "score": 0.7412658227848101
        }
    }
}
