{
    "program": "bin/ensemble.py",
    "single_program": "/slot/sandbox/d/in/script/0_script_unpacked/pretrains/bin/pretrain_mask___a4f0a57bac574a76b14d725285fa6bb4.py",
    "config": {
        "seeds": [
            "5",
            "6",
            "7",
            "8",
            "9"
        ]
    },
    "prediction_type": "probs",
    "metrics": {
        "train": {
            "0": {
                "precision": 0.8872987477638641,
                "recall": 0.8032388663967611,
                "f1-score": 0.8431789205269868,
                "support": 1235
            },
            "1": {
                "precision": 0.8114981642339034,
                "recall": 0.8782709827485947,
                "f1-score": 0.8435652781010007,
                "support": 10318
            },
            "2": {
                "precision": 0.7083507306889353,
                "recall": 0.6624365482233503,
                "f1-score": 0.6846246973365617,
                "support": 5122
            },
            "3": {
                "precision": 0.8605182926829268,
                "recall": 0.6556329849012776,
                "f1-score": 0.7442320369149639,
                "support": 1722
            },
            "4": {
                "precision": 0.9829642248722317,
                "recall": 0.9874500855675984,
                "f1-score": 0.9852020489470689,
                "support": 1753
            },
            "5": {
                "precision": 0.9742797218236008,
                "recall": 0.9756798585009949,
                "f1-score": 0.9749792874896438,
                "support": 9046
            },
            "6": {
                "precision": 0.865,
                "recall": 0.8569069895432031,
                "f1-score": 0.8609344760851534,
                "support": 1817
            },
            "7": {
                "precision": 0.9635291950635476,
                "recall": 0.965663651467602,
                "f1-score": 0.964595242485709,
                "support": 5417
            },
            "8": {
                "precision": 0.9380726698262243,
                "recall": 0.9362976978871018,
                "f1-score": 0.9371843434343434,
                "support": 3171
            },
            "accuracy": 0.8810383576172319,
            "macro avg": {
                "precision": 0.8879457496616927,
                "recall": 0.8579530739151648,
                "f1-score": 0.8709440368134923,
                "support": 39601
            },
            "weighted avg": {
                "precision": 0.8808130777035436,
                "recall": 0.8810383576172319,
                "f1-score": 0.8798139320895946,
                "support": 39601
            },
            "logloss": 0.3146157140257388,
            "score": -0.3146157140257388
        },
        "val": {
            "0": {
                "precision": 0.6748971193415638,
                "recall": 0.5324675324675324,
                "f1-score": 0.5952813067150636,
                "support": 308
            },
            "1": {
                "precision": 0.7614711033274956,
                "recall": 0.8426356589147287,
                "f1-score": 0.7999999999999999,
                "support": 2580
            },
            "2": {
                "precision": 0.6406779661016949,
                "recall": 0.5901639344262295,
                "f1-score": 0.6143843965867534,
                "support": 1281
            },
            "3": {
                "precision": 0.7658862876254181,
                "recall": 0.531322505800464,
                "f1-score": 0.6273972602739726,
                "support": 431
            },
            "4": {
                "precision": 0.9724770642201835,
                "recall": 0.9680365296803652,
                "f1-score": 0.9702517162471395,
                "support": 438
            },
            "5": {
                "precision": 0.9436807095343681,
                "recall": 0.9407603890362511,
                "f1-score": 0.942218286473323,
                "support": 2262
            },
            "6": {
                "precision": 0.738359201773836,
                "recall": 0.7334801762114538,
                "f1-score": 0.7359116022099448,
                "support": 454
            },
            "7": {
                "precision": 0.9247626004382761,
                "recall": 0.9350073855243722,
                "f1-score": 0.9298567756151302,
                "support": 1354
            },
            "8": {
                "precision": 0.8585485854858549,
                "recall": 0.880201765447667,
                "f1-score": 0.8692403486924035,
                "support": 793
            },
            "accuracy": 0.8253711746288254,
            "macro avg": {
                "precision": 0.8089734042054101,
                "recall": 0.7726750975010072,
                "f1-score": 0.7871712992015256,
                "support": 9901
            },
            "weighted avg": {
                "precision": 0.8233504302463567,
                "recall": 0.8253711746288254,
                "f1-score": 0.8224913470853584,
                "support": 9901
            },
            "logloss": 0.4531523465953069,
            "score": -0.4531523465953069
        },
        "test": {
            "0": {
                "precision": 0.6970684039087948,
                "recall": 0.5544041450777202,
                "f1-score": 0.6176046176046175,
                "support": 386
            },
            "1": {
                "precision": 0.7603815937149271,
                "recall": 0.8405707196029777,
                "f1-score": 0.7984678845020624,
                "support": 3224
            },
            "2": {
                "precision": 0.6142958244869073,
                "recall": 0.5421611492816989,
                "f1-score": 0.5759787657597878,
                "support": 1601
            },
            "3": {
                "precision": 0.743142144638404,
                "recall": 0.5539033457249071,
                "f1-score": 0.6347177848775293,
                "support": 538
            },
            "4": {
                "precision": 0.9726775956284153,
                "recall": 0.9744525547445255,
                "f1-score": 0.9735642661804923,
                "support": 548
            },
            "5": {
                "precision": 0.9491704906459584,
                "recall": 0.9511850017686594,
                "f1-score": 0.9501766784452297,
                "support": 2827
            },
            "6": {
                "precision": 0.7280701754385965,
                "recall": 0.7306338028169014,
                "f1-score": 0.7293497363796134,
                "support": 568
            },
            "7": {
                "precision": 0.9191390343222804,
                "recall": 0.9332545776727702,
                "f1-score": 0.9261430246189918,
                "support": 1693
            },
            "8": {
                "precision": 0.8647058823529412,
                "recall": 0.8900100908173562,
                "f1-score": 0.8771755345599205,
                "support": 991
            },
            "accuracy": 0.8233678086619263,
            "macro avg": {
                "precision": 0.805405682793025,
                "recall": 0.7745083763897241,
                "f1-score": 0.7870198103253605,
                "support": 12376
            },
            "weighted avg": {
                "precision": 0.8198722385660733,
                "recall": 0.8233678086619263,
                "f1-score": 0.8199297388331926,
                "support": 12376
            },
            "logloss": 0.44939765318699326,
            "score": -0.44939765318699326
        }
    }
}
