{
    "program": "bin/ensemble.py",
    "single_program": "/slot/sandbox/d/in/script/0_script_unpacked/pretrains/bin/pretrain_mask___798fb807c3234825ad3b46da49e9dc34.py",
    "config": {
        "seeds": [
            "5",
            "6",
            "7",
            "8",
            "9"
        ]
    },
    "prediction_type": "probs",
    "metrics": {
        "train": {
            "0": {
                "precision": 0.7942773600668338,
                "recall": 0.7713474410114258,
                "f1-score": 0.7826444863659751,
                "support": 29582
            },
            "1": {
                "precision": 0.8011933104076654,
                "recall": 0.8218215803913292,
                "f1-score": 0.8113763543278962,
                "support": 33169
            },
            "accuracy": 0.7980271230737359,
            "macro avg": {
                "precision": 0.7977353352372496,
                "recall": 0.7965845107013776,
                "f1-score": 0.7970104203469357,
                "support": 62751
            },
            "weighted avg": {
                "precision": 0.7979330015204369,
                "recall": 0.7980271230737359,
                "f1-score": 0.797831612123795,
                "support": 62751
            },
            "roc_auc": 0.8833853106619503,
            "score": 0.8833853106619503
        },
        "val": {
            "0": {
                "precision": 0.7407355021216407,
                "recall": 0.708085451595457,
                "f1-score": 0.7240425826074934,
                "support": 7396
            },
            "1": {
                "precision": 0.7494778370851706,
                "recall": 0.7789435600578871,
                "f1-score": 0.763926670609107,
                "support": 8292
            },
            "accuracy": 0.7455379908210097,
            "macro avg": {
                "precision": 0.7451066696034057,
                "recall": 0.7435145058266721,
                "f1-score": 0.7439846266083002,
                "support": 15688
            },
            "weighted avg": {
                "precision": 0.7453563232280653,
                "recall": 0.7455379908210097,
                "f1-score": 0.7451235908755569,
                "support": 15688
            },
            "roc_auc": 0.8326383774283018,
            "score": 0.8326383774283018
        },
        "test": {
            "0": {
                "precision": 0.733185595567867,
                "recall": 0.7157382368848026,
                "f1-score": 0.7243568691844554,
                "support": 9245
            },
            "1": {
                "precision": 0.7517241379310344,
                "recall": 0.7676796912686927,
                "f1-score": 0.759618138424821,
                "support": 10365
            },
            "accuracy": 0.7431922488526262,
            "macro avg": {
                "precision": 0.7424548667494507,
                "recall": 0.7417089640767477,
                "f1-score": 0.7419875038046382,
                "support": 19610
            },
            "weighted avg": {
                "precision": 0.7429842692850638,
                "recall": 0.7431922488526262,
                "f1-score": 0.7429944548895236,
                "support": 19610
            },
            "roc_auc": 0.8269142601168752,
            "score": 0.8269142601168752
        }
    }
}
