{
    "program": "bin/ensemble.py",
    "single_program": "/slot/sandbox/d/in/script/0_script_unpacked/pretrains/bin/pretrain_ae_supervised___03dc91bf82f7418aa7eee7a82e199408.py",
    "config": {
        "seeds": [
            "10",
            "11",
            "12",
            "13",
            "14"
        ]
    },
    "prediction_type": null,
    "metrics": {
        "train": {
            "rmse": 0.29742678409765727,
            "score": -0.29742678409765727
        },
        "val": {
            "rmse": 0.4309693109297864,
            "score": -0.4309693109297864
        },
        "test": {
            "rmse": 0.422452655589251,
            "score": -0.422452655589251
        }
    }
}
