{
    "program": "bin/ensemble.py",
    "single_program": "/slot/sandbox/d/in/script/0_script_unpacked/pretrains/bin/pretrain_mask_supervised___d09c8b4c545b417d8c7cfdb56cf8edf1.py",
    "config": {
        "seeds": [
            "5",
            "6",
            "7",
            "8",
            "9"
        ]
    },
    "prediction_type": "probs",
    "metrics": {
        "train": {
            "0": {
                "precision": 0.9038489122639254,
                "recall": 0.9559544879898862,
                "f1-score": 0.9291717866797738,
                "support": 19775
            },
            "1": {
                "precision": 0.8303136567309566,
                "recall": 0.6794197353738243,
                "f1-score": 0.747325968788357,
                "support": 6273
            },
            "accuracy": 0.8893581081081081,
            "macro avg": {
                "precision": 0.8670812844974409,
                "recall": 0.8176871116818553,
                "f1-score": 0.8382488777340654,
                "support": 26048
            },
            "weighted avg": {
                "precision": 0.8861398114516437,
                "recall": 0.8893581081081081,
                "f1-score": 0.8853788346054166,
                "support": 26048
            },
            "roc_auc": 0.9464389212048587,
            "score": 0.9464389212048587
        },
        "val": {
            "0": {
                "precision": 0.8908571428571429,
                "recall": 0.9458038422649141,
                "f1-score": 0.9175085826385484,
                "support": 4945
            },
            "1": {
                "precision": 0.7878068091844814,
                "recall": 0.6345663265306123,
                "f1-score": 0.7029318262098199,
                "support": 1568
            },
            "accuracy": 0.8708736373407032,
            "macro avg": {
                "precision": 0.8393319760208122,
                "recall": 0.7901850843977631,
                "f1-score": 0.8102202044241842,
                "support": 6513
            },
            "weighted avg": {
                "precision": 0.8660478501811513,
                "recall": 0.8708736373407032,
                "f1-score": 0.865849385021437,
                "support": 6513
            },
            "roc_auc": 0.9315753260353687,
            "score": 0.9315753260353687
        },
        "test": {
            "0": {
                "precision": 0.8937932082352047,
                "recall": 0.9461198230800161,
                "f1-score": 0.9192124384717556,
                "support": 12435
            },
            "1": {
                "precision": 0.7851186658114175,
                "recall": 0.6365054602184087,
                "f1-score": 0.7030442274554853,
                "support": 3846
            },
            "accuracy": 0.8729807751366624,
            "macro avg": {
                "precision": 0.8394559370233111,
                "recall": 0.7913126416492124,
                "f1-score": 0.8111283329636205,
                "support": 16281
            },
            "weighted avg": {
                "precision": 0.8681214257794657,
                "recall": 0.8729807751366624,
                "f1-score": 0.8681478269879047,
                "support": 16281
            },
            "roc_auc": 0.92679704614803,
            "score": 0.92679704614803
        }
    }
}
