{
    "program": "bin/ensemble.py",
    "single_program": "/slot/sandbox/d/in/script/0_script_unpacked/pretrains/bin/pretrain_ae___e441579013eb4efe995a99001cc2ade7.py",
    "config": {
        "seeds": [
            "0",
            "1",
            "2",
            "3",
            "4"
        ]
    },
    "prediction_type": null,
    "metrics": {
        "train": {
            "rmse": 1.3428365381648306,
            "score": -1.3428365381648306
        },
        "val": {
            "rmse": 4.864039415646264,
            "score": -4.864039415646264
        },
        "test": {
            "rmse": 5.138521507781766,
            "score": -5.138521507781766
        }
    }
}
