{
    "program": "bin/ensemble.py",
    "single_program": "/slot/sandbox/d/in/script/0_script_unpacked/pretrains/bin/pretrain_ae_supervised___dd0ca8733a3f42ec9dab4a4e568bee75.py",
    "config": {
        "seeds": [
            "0",
            "1",
            "2",
            "3",
            "4"
        ]
    },
    "prediction_type": "probs",
    "metrics": {
        "train": {
            "0": {
                "precision": 0.9054702025638517,
                "recall": 0.9358280657395701,
                "f1-score": 0.9203988759853778,
                "support": 19775
            },
            "1": {
                "precision": 0.7737967914438503,
                "recall": 0.6920133907221425,
                "f1-score": 0.7306235799040646,
                "support": 6273
            },
            "accuracy": 0.8771114864864865,
            "macro avg": {
                "precision": 0.839633497003851,
                "recall": 0.8139207282308563,
                "f1-score": 0.8255112279447212,
                "support": 26048
            },
            "weighted avg": {
                "precision": 0.8737600018591616,
                "recall": 0.8771114864864865,
                "f1-score": 0.8746963102483509,
                "support": 26048
            },
            "roc_auc": 0.9348123628183557,
            "score": 0.9348123628183557
        },
        "val": {
            "0": {
                "precision": 0.8947575103082662,
                "recall": 0.9215369059656219,
                "f1-score": 0.9079497907949791,
                "support": 4945
            },
            "1": {
                "precision": 0.7267605633802817,
                "recall": 0.6581632653061225,
                "f1-score": 0.6907630522088354,
                "support": 1568
            },
            "accuracy": 0.8581298940580377,
            "macro avg": {
                "precision": 0.810759036844274,
                "recall": 0.7898500856358721,
                "f1-score": 0.7993564215019072,
                "support": 6513
            },
            "weighted avg": {
                "precision": 0.8543123678573097,
                "recall": 0.8581298940580377,
                "f1-score": 0.8556622418769576,
                "support": 6513
            },
            "roc_auc": 0.9159487783991249,
            "score": 0.9159487783991249
        },
        "test": {
            "0": {
                "precision": 0.893823895457374,
                "recall": 0.9240852432649779,
                "f1-score": 0.9087027005654185,
                "support": 12435
            },
            "1": {
                "precision": 0.7243795620437956,
                "recall": 0.6450858034321373,
                "f1-score": 0.6824370788062164,
                "support": 3846
            },
            "accuracy": 0.8581782445795713,
            "macro avg": {
                "precision": 0.8091017287505848,
                "recall": 0.7845855233485576,
                "f1-score": 0.7955698896858174,
                "support": 16281
            },
            "weighted avg": {
                "precision": 0.853796691581161,
                "recall": 0.8581782445795713,
                "f1-score": 0.8552528153442471,
                "support": 16281
            },
            "roc_auc": 0.9119318218647523,
            "score": 0.9119318218647523
        }
    }
}
