{
    "program": "bin/ensemble.py",
    "single_program": "/slot/sandbox/d/in/script/0_script_unpacked/pretrains/bin/pretrain_ae___cec1e1af4d1949638aea1dc97d5b51db.py",
    "config": {
        "seeds": [
            "0",
            "1",
            "2",
            "3",
            "4"
        ]
    },
    "prediction_type": "probs",
    "metrics": {
        "train": {
            "0": {
                "precision": 0.9001865671641791,
                "recall": 0.7813765182186235,
                "f1-score": 0.836584308625921,
                "support": 1235
            },
            "1": {
                "precision": 0.8006854732401792,
                "recall": 0.8830199651095173,
                "f1-score": 0.8398396091625571,
                "support": 10318
            },
            "2": {
                "precision": 0.7033106960950763,
                "recall": 0.6470128855915658,
                "f1-score": 0.6739882041895464,
                "support": 5122
            },
            "3": {
                "precision": 0.8766129032258064,
                "recall": 0.6312427409988386,
                "f1-score": 0.7339635381498988,
                "support": 1722
            },
            "4": {
                "precision": 0.9774393683023125,
                "recall": 0.9885909868796349,
                "f1-score": 0.9829835507657402,
                "support": 1753
            },
            "5": {
                "precision": 0.9776400265663051,
                "recall": 0.9763431350873314,
                "f1-score": 0.976991150442478,
                "support": 9046
            },
            "6": {
                "precision": 0.885162023877203,
                "recall": 0.8569069895432031,
                "f1-score": 0.8708053691275169,
                "support": 1817
            },
            "7": {
                "precision": 0.9697868396663577,
                "recall": 0.9658482554919697,
                "f1-score": 0.9678135405105438,
                "support": 5417
            },
            "8": {
                "precision": 0.9252394192153228,
                "recall": 0.9444970040996531,
                "f1-score": 0.9347690387016229,
                "support": 3171
            },
            "accuracy": 0.8794222368122017,
            "macro avg": {
                "precision": 0.8906737019280825,
                "recall": 0.852759831224482,
                "f1-score": 0.8686375899639805,
                "support": 39601
            },
            "weighted avg": {
                "precision": 0.8797222223488252,
                "recall": 0.8794222368122017,
                "f1-score": 0.8778764056668624,
                "support": 39601
            },
            "logloss": 0.31317264166302733,
            "score": -0.31317264166302733
        },
        "val": {
            "0": {
                "precision": 0.7208333333333333,
                "recall": 0.5616883116883117,
                "f1-score": 0.6313868613138686,
                "support": 308
            },
            "1": {
                "precision": 0.7530605106680658,
                "recall": 0.8344961240310077,
                "f1-score": 0.791689648832506,
                "support": 2580
            },
            "2": {
                "precision": 0.6146095717884131,
                "recall": 0.5714285714285714,
                "f1-score": 0.5922330097087379,
                "support": 1281
            },
            "3": {
                "precision": 0.7762711864406779,
                "recall": 0.531322505800464,
                "f1-score": 0.6308539944903581,
                "support": 431
            },
            "4": {
                "precision": 0.9703196347031964,
                "recall": 0.9703196347031964,
                "f1-score": 0.9703196347031964,
                "support": 438
            },
            "5": {
                "precision": 0.9532085561497327,
                "recall": 0.9456233421750663,
                "f1-score": 0.9494007989347536,
                "support": 2262
            },
            "6": {
                "precision": 0.7795823665893271,
                "recall": 0.7400881057268722,
                "f1-score": 0.7593220338983051,
                "support": 454
            },
            "7": {
                "precision": 0.9250909090909091,
                "recall": 0.9394387001477105,
                "f1-score": 0.9322096005862953,
                "support": 1354
            },
            "8": {
                "precision": 0.8599033816425121,
                "recall": 0.8978562421185372,
                "f1-score": 0.878470080197409,
                "support": 793
            },
            "accuracy": 0.8252701747298252,
            "macro avg": {
                "precision": 0.8169866056006853,
                "recall": 0.7769179486466375,
                "f1-score": 0.7928761847406033,
                "support": 9901
            },
            "weighted avg": {
                "precision": 0.8237920561560468,
                "recall": 0.8252701747298252,
                "f1-score": 0.8225119066463396,
                "support": 9901
            },
            "logloss": 0.4554017485468053,
            "score": -0.4554017485468053
        },
        "test": {
            "0": {
                "precision": 0.7157190635451505,
                "recall": 0.5544041450777202,
                "f1-score": 0.6248175182481751,
                "support": 386
            },
            "1": {
                "precision": 0.7529182879377432,
                "recall": 0.8402605459057072,
                "f1-score": 0.7941952506596307,
                "support": 3224
            },
            "2": {
                "precision": 0.6086350974930362,
                "recall": 0.5459088069956277,
                "f1-score": 0.5755679947316431,
                "support": 1601
            },
            "3": {
                "precision": 0.7441253263707572,
                "recall": 0.5297397769516728,
                "f1-score": 0.6188925081433225,
                "support": 538
            },
            "4": {
                "precision": 0.9744990892531876,
                "recall": 0.9762773722627737,
                "f1-score": 0.97538742023701,
                "support": 548
            },
            "5": {
                "precision": 0.9506567270145545,
                "recall": 0.9472939511850018,
                "f1-score": 0.9489723600283487,
                "support": 2827
            },
            "6": {
                "precision": 0.7729007633587787,
                "recall": 0.7130281690140845,
                "f1-score": 0.7417582417582418,
                "support": 568
            },
            "7": {
                "precision": 0.9214202561117578,
                "recall": 0.93502658003544,
                "f1-score": 0.9281735561418939,
                "support": 1693
            },
            "8": {
                "precision": 0.8479087452471483,
                "recall": 0.900100908173562,
                "f1-score": 0.873225648556045,
                "support": 991
            },
            "accuracy": 0.8221557853910795,
            "macro avg": {
                "precision": 0.8098648173702347,
                "recall": 0.7713378061779544,
                "f1-score": 0.7867767220560345,
                "support": 12376
            },
            "weighted avg": {
                "precision": 0.8192648753570895,
                "recall": 0.8221557853910795,
                "f1-score": 0.8186371910789337,
                "support": 12376
            },
            "logloss": 0.45180446755811315,
            "score": -0.45180446755811315
        }
    }
}
