{
    "program": "bin/ensemble.py",
    "single_program": "/slot/sandbox/d/in/script/0_script_unpacked/pretrains/bin/pretrain_mask_supervised___3f712eab3c264f36b364c0af9a60e042.py",
    "config": {
        "seeds": [
            "10",
            "11",
            "12",
            "13",
            "14"
        ]
    },
    "prediction_type": "probs",
    "metrics": {
        "train": {
            "0": {
                "precision": 0.7595613619440872,
                "recall": 0.7586370089919545,
                "f1-score": 0.7590989040725206,
                "support": 29582
            },
            "1": {
                "precision": 0.7849721427495859,
                "recall": 0.785824112876481,
                "f1-score": 0.7853978967668062,
                "support": 33169
            },
            "accuracy": 0.7730076014724865,
            "macro avg": {
                "precision": 0.7722667523468365,
                "recall": 0.7722305609342177,
                "f1-score": 0.7722484004196634,
                "support": 62751
            },
            "weighted avg": {
                "precision": 0.7729930234082485,
                "recall": 0.7730076014724865,
                "f1-score": 0.7730000576585472,
                "support": 62751
            },
            "roc_auc": 0.8578573125769662,
            "score": 0.8578573125769662
        },
        "val": {
            "0": {
                "precision": 0.7313578185865331,
                "recall": 0.7107896160086533,
                "f1-score": 0.7209270433351619,
                "support": 7396
            },
            "1": {
                "precision": 0.7483529411764706,
                "recall": 0.7671249397009166,
                "f1-score": 0.7576226774654597,
                "support": 8292
            },
            "accuracy": 0.7405660377358491,
            "macro avg": {
                "precision": 0.7398553798815019,
                "recall": 0.7389572778547849,
                "f1-score": 0.7392748604003108,
                "support": 15688
            },
            "weighted avg": {
                "precision": 0.7403407071966658,
                "recall": 0.7405660377358491,
                "f1-score": 0.7403227724407477,
                "support": 15688
            },
            "roc_auc": 0.8220500997005722,
            "score": 0.8220500997005722
        },
        "test": {
            "0": {
                "precision": 0.7196312364425163,
                "recall": 0.717685235262304,
                "f1-score": 0.718656918494449,
                "support": 9245
            },
            "1": {
                "precision": 0.7487969201154957,
                "recall": 0.7506029908345393,
                "f1-score": 0.7496988677427127,
                "support": 10365
            },
            "accuracy": 0.7350841407445181,
            "macro avg": {
                "precision": 0.734214078279006,
                "recall": 0.7341441130484216,
                "f1-score": 0.7341778931185808,
                "support": 19610
            },
            "weighted avg": {
                "precision": 0.7350469585878723,
                "recall": 0.7350841407445181,
                "f1-score": 0.7350643536784497,
                "support": 19610
            },
            "roc_auc": 0.8167274053562024,
            "score": 0.8167274053562024
        }
    }
}
