{
    "program": "bin/ensemble.py",
    "single_program": "/home/irubachev/repos/pretrains/bin/finetune_ddp___3ee5e8dcf98445c3a6636f7cb260861f.py",
    "config": {
        "seeds": [
            "0",
            "1",
            "2",
            "3",
            "4"
        ]
    },
    "prediction_type": "probs",
    "metrics": {
        "train": {
            "0": {
                "precision": 0.9948640216623499,
                "recall": 0.9972561920075529,
                "f1-score": 0.9960586705564273,
                "support": 135578
            },
            "1": {
                "precision": 0.9982898603662688,
                "recall": 0.9948486586657254,
                "f1-score": 0.9965662888571516,
                "support": 181312
            },
            "2": {
                "precision": 0.9970751298729646,
                "recall": 0.9981644961104799,
                "f1-score": 0.9976195156041845,
                "support": 22882
            },
            "3": {
                "precision": 0.988135593220339,
                "recall": 0.9943149516770893,
                "f1-score": 0.9912156418248796,
                "support": 1759
            },
            "4": {
                "precision": 0.9680357999041074,
                "recall": 0.997037037037037,
                "f1-score": 0.9823224132338632,
                "support": 6075
            },
            "5": {
                "precision": 0.9963116228859302,
                "recall": 0.9964012595591543,
                "f1-score": 0.9963564392065134,
                "support": 11115
            },
            "6": {
                "precision": 0.9927305770104498,
                "recall": 0.9987810452536949,
                "f1-score": 0.9957466200820294,
                "support": 13126
            },
            "accuracy": 0.9961489537363486,
            "macro avg": {
                "precision": 0.9907775149889156,
                "recall": 0.9966862343301048,
                "f1-score": 0.9936979413378643,
                "support": 371847
            },
            "weighted avg": {
                "precision": 0.9961683484027798,
                "recall": 0.9961489537363486,
                "f1-score": 0.9961527942658268,
                "support": 371847
            },
            "score": 0.9961489537363486
        },
        "val": {
            "0": {
                "precision": 0.9713248000937289,
                "recall": 0.9784032572136662,
                "f1-score": 0.9748511795399426,
                "support": 33894
            },
            "1": {
                "precision": 0.9830583939980855,
                "recall": 0.9741881397811507,
                "f1-score": 0.9786031668642725,
                "support": 45328
            },
            "2": {
                "precision": 0.9692094793288358,
                "recall": 0.9793742352735536,
                "f1-score": 0.974265345157364,
                "support": 5721
            },
            "3": {
                "precision": 0.9234338747099768,
                "recall": 0.9066059225512528,
                "f1-score": 0.9149425287356322,
                "support": 439
            },
            "4": {
                "precision": 0.8872274143302181,
                "recall": 0.9374588545095458,
                "f1-score": 0.911651728553137,
                "support": 1519
            },
            "5": {
                "precision": 0.9578226387887527,
                "recall": 0.9560993163008277,
                "f1-score": 0.9569602016927786,
                "support": 2779
            },
            "6": {
                "precision": 0.9670794321957112,
                "recall": 0.975624619134674,
                "f1-score": 0.9713332322159867,
                "support": 3282
            },
            "accuracy": 0.9746347970138336,
            "macro avg": {
                "precision": 0.9513080047779013,
                "recall": 0.9582506206806672,
                "f1-score": 0.9546581975370162,
                "support": 92962
            },
            "weighted avg": {
                "precision": 0.9747620620445762,
                "recall": 0.9746347970138336,
                "f1-score": 0.9746699627914642,
                "support": 92962
            },
            "score": 0.9746347970138336
        },
        "test": {
            "0": {
                "precision": 0.9714774538295678,
                "recall": 0.9783563066465257,
                "f1-score": 0.9749047462251282,
                "support": 42368
            },
            "1": {
                "precision": 0.9827429609445958,
                "recall": 0.9738973897389739,
                "f1-score": 0.9783001808318263,
                "support": 56661
            },
            "2": {
                "precision": 0.9677061677061677,
                "recall": 0.9763669416864774,
                "f1-score": 0.9720172629820409,
                "support": 7151
            },
            "3": {
                "precision": 0.9137614678899083,
                "recall": 0.907103825136612,
                "f1-score": 0.9104204753199269,
                "support": 549
            },
            "4": {
                "precision": 0.891511803114013,
                "recall": 0.9347024749868352,
                "f1-score": 0.9125964010282777,
                "support": 1899
            },
            "5": {
                "precision": 0.9520114942528736,
                "recall": 0.9539303196084077,
                "f1-score": 0.9529699410326476,
                "support": 3473
            },
            "6": {
                "precision": 0.9677341680712738,
                "recall": 0.9797659678205753,
                "f1-score": 0.9737129012719564,
                "support": 4102
            },
            "accuracy": 0.9743294062975999,
            "macro avg": {
                "precision": 0.9495636451154857,
                "recall": 0.9577318893749153,
                "f1-score": 0.9535602726702578,
                "support": 116203
            },
            "weighted avg": {
                "precision": 0.974445065240599,
                "recall": 0.9743294062975999,
                "f1-score": 0.974362130190186,
                "support": 116203
            },
            "score": 0.9743294062975999
        }
    }
}
