{
    "program": "bin/ensemble.py",
    "single_program": "/slot/sandbox/d/in/script/0_script_unpacked/pretrains/bin/pretrain_ae___471bde81a00d48cda647c49c15e43e36.py",
    "config": {
        "seeds": [
            "0",
            "1",
            "2",
            "3",
            "4"
        ]
    },
    "prediction_type": null,
    "metrics": {
        "train": {
            "rmse": 14958.276440787715,
            "score": -14958.276440787715
        },
        "val": {
            "rmse": 26577.336538830703,
            "score": -26577.336538830703
        },
        "test": {
            "rmse": 29654.94259381728,
            "score": -29654.94259381728
        }
    }
}
