{
    "program": "bin/ensemble.py",
    "single_program": "/slot/sandbox/d/in/script/0_script_unpacked/pretrains/bin/pretrain_mask___7eb1f283722e4cd8a25e3af6b56a4263.py",
    "config": {
        "seeds": [
            "5",
            "6",
            "7",
            "8",
            "9"
        ]
    },
    "prediction_type": "probs",
    "metrics": {
        "train": {
            "0": {
                "precision": 0.9673672566371682,
                "recall": 0.9971493728620296,
                "f1-score": 0.9820325659741718,
                "support": 1754
            },
            "1": {
                "precision": 0.9919871794871795,
                "recall": 0.9702194357366771,
                "f1-score": 0.9809825673534073,
                "support": 638
            },
            "2": {
                "precision": 1.0,
                "recall": 0.9843517138599106,
                "f1-score": 0.992114156965828,
                "support": 1342
            },
            "3": {
                "precision": 1.0,
                "recall": 0.985632183908046,
                "f1-score": 0.9927641099855282,
                "support": 696
            },
            "4": {
                "precision": 0.9973390101117616,
                "recall": 0.9925847457627118,
                "f1-score": 0.9949561985664986,
                "support": 1888
            },
            "accuracy": 0.9890788224121557,
            "macro avg": {
                "precision": 0.9913386892472218,
                "recall": 0.985987490425875,
                "f1-score": 0.9885699197690869,
                "support": 6318
            },
            "weighted avg": {
                "precision": 0.9893361886270052,
                "recall": 0.9890788224121557,
                "f1-score": 0.9891121115514071,
                "support": 6318
            },
            "score": 0.9890788224121557
        },
        "val": {
            "0": {
                "precision": 0.7535641547861507,
                "recall": 0.8428246013667426,
                "f1-score": 0.7956989247311829,
                "support": 439
            },
            "1": {
                "precision": 0.6666666666666666,
                "recall": 0.6,
                "f1-score": 0.631578947368421,
                "support": 160
            },
            "2": {
                "precision": 0.7320261437908496,
                "recall": 0.6686567164179105,
                "f1-score": 0.6989079563182528,
                "support": 335
            },
            "3": {
                "precision": 0.6535947712418301,
                "recall": 0.5747126436781609,
                "f1-score": 0.6116207951070336,
                "support": 174
            },
            "4": {
                "precision": 0.7695473251028807,
                "recall": 0.7923728813559322,
                "f1-score": 0.7807933194154489,
                "support": 472
            },
            "accuracy": 0.7367088607594937,
            "macro avg": {
                "precision": 0.7150798123176756,
                "recall": 0.6957133685637492,
                "f1-score": 0.7037199885880678,
                "support": 1580
            },
            "weighted avg": {
                "precision": 0.7339632382483289,
                "recall": 0.7367088607594937,
                "f1-score": 0.7338323354527008,
                "support": 1580
            },
            "score": 0.7367088607594937
        },
        "test": {
            "0": {
                "precision": 0.7716262975778547,
                "recall": 0.8138686131386861,
                "f1-score": 0.7921847246891652,
                "support": 548
            },
            "1": {
                "precision": 0.659217877094972,
                "recall": 0.59,
                "f1-score": 0.6226912928759893,
                "support": 200
            },
            "2": {
                "precision": 0.7094240837696335,
                "recall": 0.6452380952380953,
                "f1-score": 0.6758104738154613,
                "support": 420
            },
            "3": {
                "precision": 0.6609195402298851,
                "recall": 0.5299539170506913,
                "f1-score": 0.5882352941176471,
                "support": 217
            },
            "4": {
                "precision": 0.7175226586102719,
                "recall": 0.8050847457627118,
                "f1-score": 0.7587859424920127,
                "support": 590
            },
            "accuracy": 0.7215189873417721,
            "macro avg": {
                "precision": 0.7037420914565234,
                "recall": 0.676829074238037,
                "f1-score": 0.6875415455980551,
                "support": 1975
            },
            "weighted avg": {
                "precision": 0.7186890179670128,
                "recall": 0.7215189873417721,
                "f1-score": 0.7178869122031246,
                "support": 1975
            },
            "score": 0.7215189873417721
        }
    }
}
