{
    "program": "bin/ensemble.py",
    "single_program": "/slot/sandbox/d/in/script/0_script_unpacked/pretrains/bin/finetune___3edfed0b3ca84942b547f0fa059f0795.py",
    "config": {
        "seeds": [
            "0",
            "1",
            "2",
            "3",
            "4"
        ]
    },
    "prediction_type": "probs",
    "metrics": {
        "train": {
            "0": {
                "precision": 0.906746402541581,
                "recall": 0.9521193092621664,
                "f1-score": 0.9288791040490093,
                "support": 5096
            },
            "1": {
                "precision": 0.7673975214489991,
                "recall": 0.6173312883435583,
                "f1-score": 0.6842328941776457,
                "support": 1304
            },
            "accuracy": 0.88390625,
            "macro avg": {
                "precision": 0.83707196199529,
                "recall": 0.7847252988028623,
                "f1-score": 0.8065559991133275,
                "support": 6400
            },
            "weighted avg": {
                "precision": 0.8783540680189674,
                "recall": 0.88390625,
                "f1-score": 0.8790324387877189,
                "support": 6400
            },
            "roc_auc": 0.9162530337760398,
            "score": 0.9162530337760398
        },
        "val": {
            "0": {
                "precision": 0.8932038834951457,
                "recall": 0.9387755102040817,
                "f1-score": 0.9154228855721394,
                "support": 1274
            },
            "1": {
                "precision": 0.7011494252873564,
                "recall": 0.5613496932515337,
                "f1-score": 0.6235093696763203,
                "support": 326
            },
            "accuracy": 0.861875,
            "macro avg": {
                "precision": 0.7971766543912511,
                "recall": 0.7500626017278077,
                "f1-score": 0.7694661276242298,
                "support": 1600
            },
            "weighted avg": {
                "precision": 0.8540727876353086,
                "recall": 0.861875,
                "f1-score": 0.8559455067083662,
                "support": 1600
            },
            "roc_auc": 0.8689288362820353,
            "score": 0.8689288362820353
        },
        "test": {
            "0": {
                "precision": 0.8825958702064897,
                "recall": 0.9391086001255493,
                "f1-score": 0.9099756690997566,
                "support": 1593
            },
            "1": {
                "precision": 0.6819672131147541,
                "recall": 0.5110565110565111,
                "f1-score": 0.5842696629213483,
                "support": 407
            },
            "accuracy": 0.852,
            "macro avg": {
                "precision": 0.7822815416606219,
                "recall": 0.7250825555910302,
                "f1-score": 0.7471226660105524,
                "support": 2000
            },
            "weighted avg": {
                "precision": 0.8417679384883215,
                "recall": 0.852,
                "f1-score": 0.8436944968424505,
                "support": 2000
            },
            "roc_auc": 0.8512287325846648,
            "score": 0.8512287325846648
        }
    }
}
