{
    "program": "bin/ensemble.py",
    "single_program": "/slot/sandbox/d/in/script/0_script_unpacked/pretrains/bin/pretrain_mask___30e8f277a63a4a4e8dae2d578de82601.py",
    "config": {
        "seeds": [
            "5",
            "6",
            "7",
            "8",
            "9"
        ]
    },
    "prediction_type": "probs",
    "metrics": {
        "train": {
            "0": {
                "precision": 0.8899399672548662,
                "recall": 0.9599686028257457,
                "f1-score": 0.9236288114792788,
                "support": 5096
            },
            "1": {
                "precision": 0.7740863787375415,
                "recall": 0.536042944785276,
                "f1-score": 0.6334390575441776,
                "support": 1304
            },
            "accuracy": 0.87359375,
            "macro avg": {
                "precision": 0.8320131729962039,
                "recall": 0.7480057738055108,
                "f1-score": 0.7785339345117281,
                "support": 6400
            },
            "weighted avg": {
                "precision": 0.8663347985944613,
                "recall": 0.87359375,
                "f1-score": 0.864502649115002,
                "support": 6400
            },
            "roc_auc": 0.8895555036549777,
            "score": 0.8895555036549777
        },
        "val": {
            "0": {
                "precision": 0.8863142650253439,
                "recall": 0.9607535321821036,
                "f1-score": 0.9220338983050846,
                "support": 1274
            },
            "1": {
                "precision": 0.771689497716895,
                "recall": 0.5184049079754601,
                "f1-score": 0.6201834862385321,
                "support": 326
            },
            "accuracy": 0.870625,
            "macro avg": {
                "precision": 0.8290018813711195,
                "recall": 0.7395792200787819,
                "f1-score": 0.7711086922718084,
                "support": 1600
            },
            "weighted avg": {
                "precision": 0.8629594686862475,
                "recall": 0.870625,
                "f1-score": 0.8605318768465244,
                "support": 1600
            },
            "roc_auc": 0.8790245687704058,
            "score": 0.8790245687704058
        },
        "test": {
            "0": {
                "precision": 0.8852838933951332,
                "recall": 0.9591964846202135,
                "f1-score": 0.9207592648388069,
                "support": 1593
            },
            "1": {
                "precision": 0.7627737226277372,
                "recall": 0.5135135135135135,
                "f1-score": 0.6138032305433186,
                "support": 407
            },
            "accuracy": 0.8685,
            "macro avg": {
                "precision": 0.8240288080114353,
                "recall": 0.7363549990668634,
                "f1-score": 0.7672812476910628,
                "support": 2000
            },
            "weighted avg": {
                "precision": 0.8603530736439682,
                "recall": 0.8685,
                "f1-score": 0.8582937118596751,
                "support": 2000
            },
            "roc_auc": 0.868164003757224,
            "score": 0.868164003757224
        }
    }
}
