{
    "program": "bin/ensemble.py",
    "single_program": "/slot/sandbox/d/in/script/0_script_unpacked/pretrains/bin/pretrain_contrastive___7f850342927a44d4be0d51d53fdbf594.py",
    "config": {
        "seeds": [
            "10",
            "11",
            "12",
            "13",
            "14"
        ]
    },
    "prediction_type": null,
    "metrics": {
        "train": {
            "rmse": 1.5620135570285223,
            "score": -1.5620135570285223
        },
        "val": {
            "rmse": 1.8066252160603689,
            "score": -1.8066252160603689
        },
        "test": {
            "rmse": 1.8003679951216256,
            "score": -1.8003679951216256
        }
    }
}
