{
    "program": "bin/ensemble.py",
    "single_program": "/slot/sandbox/d/in/script/0_script_unpacked/pretrains/bin/pretrain_mask_supervised___b236847fa81840d68a9100b457a53030.py",
    "config": {
        "seeds": [
            "10",
            "11",
            "12",
            "13",
            "14"
        ]
    },
    "prediction_type": "probs",
    "metrics": {
        "train": {
            "0": {
                "precision": 0.9115770282588879,
                "recall": 0.8097165991902834,
                "f1-score": 0.8576329331046313,
                "support": 1235
            },
            "1": {
                "precision": 0.8074021478654477,
                "recall": 0.8816631130063965,
                "f1-score": 0.8429001621496408,
                "support": 10318
            },
            "2": {
                "precision": 0.7210144927536232,
                "recall": 0.6604841858648965,
                "f1-score": 0.689423272875484,
                "support": 5122
            },
            "3": {
                "precision": 0.8387585162755489,
                "recall": 0.6434378629500581,
                "f1-score": 0.7282287216562603,
                "support": 1722
            },
            "4": {
                "precision": 0.977840909090909,
                "recall": 0.9817455790074159,
                "f1-score": 0.9797893538286365,
                "support": 1753
            },
            "5": {
                "precision": 0.9775938189845474,
                "recall": 0.9791067875304001,
                "f1-score": 0.9783497183254168,
                "support": 9046
            },
            "6": {
                "precision": 0.8723163841807909,
                "recall": 0.8497523390203633,
                "f1-score": 0.8608865347086702,
                "support": 1817
            },
            "7": {
                "precision": 0.9616443384107176,
                "recall": 0.9673250876869116,
                "f1-score": 0.9644763482422235,
                "support": 5417
            },
            "8": {
                "precision": 0.9409733124018839,
                "recall": 0.945127719962157,
                "f1-score": 0.9430459408432977,
                "support": 3171
            },
            "accuracy": 0.8824777152092119,
            "macro avg": {
                "precision": 0.8899023275802619,
                "recall": 0.8575954749132092,
                "f1-score": 0.8716369984149179,
                "support": 39601
            },
            "weighted avg": {
                "precision": 0.8820351206664043,
                "recall": 0.8824777152092119,
                "f1-score": 0.8809973633859175,
                "support": 39601
            },
            "logloss": 0.31455178860982785,
            "score": -0.31455178860982785
        },
        "val": {
            "0": {
                "precision": 0.6932773109243697,
                "recall": 0.5357142857142857,
                "f1-score": 0.6043956043956044,
                "support": 308
            },
            "1": {
                "precision": 0.7516590988473629,
                "recall": 0.834108527131783,
                "f1-score": 0.7907404005144222,
                "support": 2580
            },
            "2": {
                "precision": 0.6214347450302506,
                "recall": 0.5612802498048399,
                "f1-score": 0.5898277276456111,
                "support": 1281
            },
            "3": {
                "precision": 0.7388535031847133,
                "recall": 0.5382830626450116,
                "f1-score": 0.6228187919463086,
                "support": 431
            },
            "4": {
                "precision": 0.9722863741339491,
                "recall": 0.9611872146118722,
                "f1-score": 0.9667049368541907,
                "support": 438
            },
            "5": {
                "precision": 0.9466666666666667,
                "recall": 0.9416445623342176,
                "f1-score": 0.9441489361702127,
                "support": 2262
            },
            "6": {
                "precision": 0.7477477477477478,
                "recall": 0.7312775330396476,
                "f1-score": 0.7394209354120268,
                "support": 454
            },
            "7": {
                "precision": 0.9173913043478261,
                "recall": 0.9350073855243722,
                "f1-score": 0.9261155815654718,
                "support": 1354
            },
            "8": {
                "precision": 0.8552311435523114,
                "recall": 0.8865069356872636,
                "f1-score": 0.8705882352941176,
                "support": 793
            },
            "accuracy": 0.8201191798808202,
            "macro avg": {
                "precision": 0.8049497660483553,
                "recall": 0.7694455284992547,
                "f1-score": 0.7838623499775517,
                "support": 9901
            },
            "weighted avg": {
                "precision": 0.8175294098898446,
                "recall": 0.8201191798808202,
                "f1-score": 0.8170269696584227,
                "support": 9901
            },
            "logloss": 0.46415451973214766,
            "score": -0.46415451973214766
        },
        "test": {
            "0": {
                "precision": 0.7355072463768116,
                "recall": 0.5259067357512953,
                "f1-score": 0.6132930513595166,
                "support": 386
            },
            "1": {
                "precision": 0.7581552305961755,
                "recall": 0.8362282878411911,
                "f1-score": 0.7952802359882006,
                "support": 3224
            },
            "2": {
                "precision": 0.6024930747922438,
                "recall": 0.5434103685196752,
                "f1-score": 0.5714285714285715,
                "support": 1601
            },
            "3": {
                "precision": 0.7209876543209877,
                "recall": 0.5427509293680297,
                "f1-score": 0.6193001060445388,
                "support": 538
            },
            "4": {
                "precision": 0.9743119266055046,
                "recall": 0.968978102189781,
                "f1-score": 0.9716376944190303,
                "support": 548
            },
            "5": {
                "precision": 0.944873595505618,
                "recall": 0.9518924655111426,
                "f1-score": 0.9483700440528636,
                "support": 2827
            },
            "6": {
                "precision": 0.7411545623836127,
                "recall": 0.7007042253521126,
                "f1-score": 0.7203619909502262,
                "support": 568
            },
            "7": {
                "precision": 0.9160393746381007,
                "recall": 0.9344359125812167,
                "f1-score": 0.9251461988304092,
                "support": 1693
            },
            "8": {
                "precision": 0.8622350674373795,
                "recall": 0.9031281533804238,
                "f1-score": 0.8822079842286841,
                "support": 991
            },
            "accuracy": 0.8207821590174531,
            "macro avg": {
                "precision": 0.8061953036284927,
                "recall": 0.7674927978327631,
                "f1-score": 0.7830028752557823,
                "support": 12376
            },
            "weighted avg": {
                "precision": 0.8170707034673103,
                "recall": 0.8207821590174531,
                "f1-score": 0.8170621369981536,
                "support": 12376
            },
            "logloss": 0.4630739459614379,
            "score": -0.4630739459614379
        }
    }
}
