{
    "program": "bin/ensemble.py",
    "single_program": "/slot/sandbox/d/in/script/0_script_unpacked/pretrains/bin/finetune___18bcb02b7abb43d0b94cee846877f710.py",
    "config": {
        "seeds": [
            "5",
            "6",
            "7",
            "8",
            "9"
        ]
    },
    "prediction_type": null,
    "metrics": {
        "train": {
            "rmse": 0.3356709246151121,
            "score": -0.3356709246151121
        },
        "val": {
            "rmse": 0.4587299260276833,
            "score": -0.4587299260276833
        },
        "test": {
            "rmse": 0.4537855350792896,
            "score": -0.4537855350792896
        }
    }
}
