{
    "program": "bin/ensemble.py",
    "single_program": "/slot/sandbox/d/in/script/0_script_unpacked/pretrains/bin/augmented_supervised___4ff3f65ac4824f2d8f9e37076521fa66.py",
    "config": {
        "seeds": [
            "0",
            "1",
            "2",
            "3",
            "4"
        ]
    },
    "prediction_type": "probs",
    "metrics": {
        "train": {
            "0": {
                "precision": 0.8037874991050333,
                "recall": 0.7590088567372051,
                "f1-score": 0.7807566590166215,
                "support": 29582
            },
            "1": {
                "precision": 0.7952437027888675,
                "recall": 0.8347553438451566,
                "f1-score": 0.8145206366016533,
                "support": 33169
            },
            "accuracy": 0.7990470271390098,
            "macro avg": {
                "precision": 0.7995156009469504,
                "recall": 0.7968821002911808,
                "f1-score": 0.7976386478091374,
                "support": 62751
            },
            "weighted avg": {
                "precision": 0.7992714088433497,
                "recall": 0.7990470271390098,
                "f1-score": 0.7986036634072755,
                "support": 62751
            },
            "roc_auc": 0.8870209094394285,
            "score": 0.8870209094394285
        },
        "val": {
            "0": {
                "precision": 0.7413818833009999,
                "recall": 0.6717144402379664,
                "f1-score": 0.7048308150670356,
                "support": 7396
            },
            "1": {
                "precision": 0.729831979525982,
                "recall": 0.7910033767486734,
                "f1-score": 0.7591874529776029,
                "support": 8292
            },
            "accuracy": 0.7347654258031616,
            "macro avg": {
                "precision": 0.735606931413491,
                "recall": 0.7313589084933199,
                "f1-score": 0.7320091340223193,
                "support": 15688
            },
            "weighted avg": {
                "precision": 0.7352771024428633,
                "recall": 0.7347654258031616,
                "f1-score": 0.7335613888530136,
                "support": 15688
            },
            "roc_auc": 0.8188961054292787,
            "score": 0.8188961054292787
        },
        "test": {
            "0": {
                "precision": 0.731838986034503,
                "recall": 0.6745267712276907,
                "f1-score": 0.7020150849938084,
                "support": 9245
            },
            "1": {
                "precision": 0.7286500135269186,
                "recall": 0.7795465508924264,
                "f1-score": 0.7532394891395545,
                "support": 10365
            },
            "accuracy": 0.7300356960734319,
            "macro avg": {
                "precision": 0.7302444997807108,
                "recall": 0.7270366610600585,
                "f1-score": 0.7276272870666814,
                "support": 19610
            },
            "weighted avg": {
                "precision": 0.7301534327432684,
                "recall": 0.7300356960734319,
                "f1-score": 0.7290900951401958,
                "support": 19610
            },
            "roc_auc": 0.8127405512738533,
            "score": 0.8127405512738533
        }
    }
}
