{
    "program": "bin/ensemble.py",
    "single_program": "/slot/sandbox/d/in/script/0_script_unpacked/pretrains/bin/pretrain_contrastive___7f850342927a44d4be0d51d53fdbf594.py",
    "config": {
        "seeds": [
            "0",
            "1",
            "2",
            "3",
            "4"
        ]
    },
    "prediction_type": null,
    "metrics": {
        "train": {
            "rmse": 1.580223400689003,
            "score": -1.580223400689003
        },
        "val": {
            "rmse": 1.8057573454117235,
            "score": -1.8057573454117235
        },
        "test": {
            "rmse": 1.8073289605716514,
            "score": -1.8073289605716514
        }
    }
}
