{
    "program": "bin/ensemble.py",
    "single_program": "/slot/sandbox/d/in/script/0_script_unpacked/pretrains/bin/finetune___b77db460f7ad483dabb899b1adac9b10.py",
    "config": {
        "seeds": [
            "0",
            "1",
            "2",
            "3",
            "4"
        ]
    },
    "prediction_type": "probs",
    "metrics": {
        "train": {
            "0": {
                "precision": 0.7691561926526089,
                "recall": 0.7509296193631262,
                "f1-score": 0.7599336332381165,
                "support": 29582
            },
            "1": {
                "precision": 0.7824623560673162,
                "recall": 0.7989990653923844,
                "f1-score": 0.7906442518533987,
                "support": 33169
            },
            "accuracy": 0.7763382256856465,
            "macro avg": {
                "precision": 0.7758092743599625,
                "recall": 0.7749643423777552,
                "f1-score": 0.7752889425457576,
                "support": 62751
            },
            "weighted avg": {
                "precision": 0.7761895807149892,
                "recall": 0.7763382256856465,
                "f1-score": 0.7761666894260705,
                "support": 62751
            },
            "roc_auc": 0.8633183003878379,
            "score": 0.8633183003878379
        },
        "val": {
            "0": {
                "precision": 0.7345802398629354,
                "recall": 0.695646295294754,
                "f1-score": 0.7145833333333332,
                "support": 7396
            },
            "1": {
                "precision": 0.7407876554583142,
                "recall": 0.7758080077182827,
                "f1-score": 0.7578934967012253,
                "support": 8292
            },
            "accuracy": 0.7380163182049975,
            "macro avg": {
                "precision": 0.7376839476606247,
                "recall": 0.7357271515065184,
                "f1-score": 0.7362384150172793,
                "support": 15688
            },
            "weighted avg": {
                "precision": 0.7378612119509569,
                "recall": 0.7380163182049975,
                "f1-score": 0.7374752172348223,
                "support": 15688
            },
            "roc_auc": 0.8209855387861706,
            "score": 0.8209855387861706
        },
        "test": {
            "0": {
                "precision": 0.7269677996422182,
                "recall": 0.7032990805840995,
                "f1-score": 0.7149375996481391,
                "support": 9245
            },
            "1": {
                "precision": 0.7428276767297957,
                "recall": 0.7643994211287989,
                "f1-score": 0.7534591793067378,
                "support": 10365
            },
            "accuracy": 0.7355940846506884,
            "macro avg": {
                "precision": 0.7348977381860069,
                "recall": 0.7338492508564491,
                "f1-score": 0.7341983894774384,
                "support": 19610
            },
            "weighted avg": {
                "precision": 0.7353506464557185,
                "recall": 0.7355940846506884,
                "f1-score": 0.7352984447864039,
                "support": 19610
            },
            "roc_auc": 0.8152835511405364,
            "score": 0.8152835511405364
        }
    }
}
