{
    "program": "bin/ensemble.py",
    "single_program": "/slot/sandbox/d/in/script/0_script_unpacked/pretrains/bin/pretrain_ae___8fe9613b16a74c8bbc6e1e5e6a454093.py",
    "config": {
        "seeds": [
            "5",
            "6",
            "7",
            "8",
            "9"
        ]
    },
    "prediction_type": null,
    "metrics": {
        "train": {
            "rmse": 0.31297267397986717,
            "score": -0.31297267397986717
        },
        "val": {
            "rmse": 0.45048328177655045,
            "score": -0.45048328177655045
        },
        "test": {
            "rmse": 0.45293049510059835,
            "score": -0.45293049510059835
        }
    }
}
