{
    "program": "bin/ensemble.py",
    "single_program": "/slot/sandbox/d/in/script/0_script_unpacked/pretrains/bin/pretrain_ae_supervised___acbf734f899c4666b9b36945818600a3.py",
    "config": {
        "seeds": [
            "0",
            "1",
            "2",
            "3",
            "4"
        ]
    },
    "prediction_type": null,
    "metrics": {
        "train": {
            "rmse": 0.31874384115525123,
            "score": -0.31874384115525123
        },
        "val": {
            "rmse": 0.41559549998809975,
            "score": -0.41559549998809975
        },
        "test": {
            "rmse": 0.4151864526836734,
            "score": -0.4151864526836734
        }
    }
}
