{
    "program": "bin/ensemble.py",
    "single_program": "/slot/sandbox/d/in/script/0_script_unpacked/pretrains/bin/finetune___d55e9b03d95d467aa38263fbae241c9b.py",
    "config": {
        "seeds": [
            "10",
            "11",
            "12",
            "13",
            "14"
        ]
    },
    "prediction_type": "probs",
    "metrics": {
        "train": {
            "0": {
                "precision": 0.8889255419415646,
                "recall": 0.9538811630847029,
                "f1-score": 0.9202585681180632,
                "support": 19775
            },
            "1": {
                "precision": 0.8111019055509527,
                "recall": 0.6242627132153674,
                "f1-score": 0.7055220250427888,
                "support": 6273
            },
            "accuracy": 0.8745009213759214,
            "macro avg": {
                "precision": 0.8500137237462586,
                "recall": 0.7890719381500352,
                "f1-score": 0.812890296580426,
                "support": 26048
            },
            "weighted avg": {
                "precision": 0.8701836933897253,
                "recall": 0.8745009213759214,
                "f1-score": 0.8685447192731923,
                "support": 26048
            },
            "roc_auc": 0.9316003065734533,
            "score": 0.9316003065734533
        },
        "val": {
            "0": {
                "precision": 0.8769579165880355,
                "recall": 0.939737108190091,
                "f1-score": 0.907262787973448,
                "support": 4945
            },
            "1": {
                "precision": 0.7545304777594728,
                "recall": 0.5841836734693877,
                "f1-score": 0.6585190510424155,
                "support": 1568
            },
            "accuracy": 0.8541378780899739,
            "macro avg": {
                "precision": 0.8157441971737541,
                "recall": 0.7619603908297394,
                "f1-score": 0.7828909195079317,
                "support": 6513
            },
            "weighted avg": {
                "precision": 0.8474835999776891,
                "recall": 0.8541378780899739,
                "f1-score": 0.8473779147187482,
                "support": 6513
            },
            "roc_auc": 0.9141172798745382,
            "score": 0.9141172798745382
        },
        "test": {
            "0": {
                "precision": 0.8792042042042042,
                "recall": 0.9417772416566144,
                "f1-score": 0.9094156474470976,
                "support": 12435
            },
            "1": {
                "precision": 0.7554880108071598,
                "recall": 0.5816432657306292,
                "f1-score": 0.6572645805788159,
                "support": 3846
            },
            "accuracy": 0.856704133652724,
            "macro avg": {
                "precision": 0.817346107505682,
                "recall": 0.7617102536936218,
                "f1-score": 0.7833401140129568,
                "support": 16281
            },
            "weighted avg": {
                "precision": 0.8499791885537508,
                "recall": 0.856704133652724,
                "f1-score": 0.8498509399245,
                "support": 16281
            },
            "roc_auc": 0.9098446816843322,
            "score": 0.9098446816843322
        }
    }
}
