{
    "program": "bin/ensemble.py",
    "single_program": "/slot/sandbox/d/in/script/0_script_unpacked/pretrains/bin/pretrain_mask_supervised___f4e9a6c24e054a84a5b5841e29de67ba.py",
    "config": {
        "seeds": [
            "0",
            "1",
            "2",
            "3",
            "4"
        ]
    },
    "prediction_type": "probs",
    "metrics": {
        "train": {
            "0": {
                "precision": 0.9258312020460358,
                "recall": 0.8793522267206477,
                "f1-score": 0.9019933554817275,
                "support": 1235
            },
            "1": {
                "precision": 0.8110859728506787,
                "recall": 0.9033727466563287,
                "f1-score": 0.8547455295735902,
                "support": 10318
            },
            "2": {
                "precision": 0.7557635243095183,
                "recall": 0.6464271768840297,
                "f1-score": 0.6968325791855203,
                "support": 5122
            },
            "3": {
                "precision": 0.8583569405099151,
                "recall": 0.7038327526132404,
                "f1-score": 0.7734524569240587,
                "support": 1722
            },
            "4": {
                "precision": 0.9829738933030647,
                "recall": 0.9880205362236166,
                "f1-score": 0.9854907539118065,
                "support": 1753
            },
            "5": {
                "precision": 0.9846204912591281,
                "recall": 0.9837497236347557,
                "f1-score": 0.9841849148418491,
                "support": 9046
            },
            "6": {
                "precision": 0.9141727837380011,
                "recall": 0.8910291689598239,
                "f1-score": 0.9024526198439242,
                "support": 1817
            },
            "7": {
                "precision": 0.9737862285397821,
                "recall": 0.9737862285397821,
                "f1-score": 0.9737862285397821,
                "support": 5417
            },
            "8": {
                "precision": 0.9575277337559429,
                "recall": 0.9526963103122044,
                "f1-score": 0.9551059121087575,
                "support": 3171
            },
            "accuracy": 0.8958359637382894,
            "macro avg": {
                "precision": 0.9071243078124519,
                "recall": 0.8802518745049365,
                "f1-score": 0.8920049278234463,
                "support": 39601
            },
            "weighted avg": {
                "precision": 0.8955253810801236,
                "recall": 0.8958359637382894,
                "f1-score": 0.894123558960424,
                "support": 39601
            },
            "logloss": 0.27493222437100007,
            "score": -0.27493222437100007
        },
        "val": {
            "0": {
                "precision": 0.7131474103585658,
                "recall": 0.5811688311688312,
                "f1-score": 0.6404293381037568,
                "support": 308
            },
            "1": {
                "precision": 0.7542778918548939,
                "recall": 0.8542635658914729,
                "f1-score": 0.8011632133769538,
                "support": 2580
            },
            "2": {
                "precision": 0.6479779411764706,
                "recall": 0.550351288056206,
                "f1-score": 0.595187842971718,
                "support": 1281
            },
            "3": {
                "precision": 0.7432835820895523,
                "recall": 0.5777262180974478,
                "f1-score": 0.6501305483028721,
                "support": 431
            },
            "4": {
                "precision": 0.9722222222222222,
                "recall": 0.958904109589041,
                "f1-score": 0.9655172413793104,
                "support": 438
            },
            "5": {
                "precision": 0.9489342806394316,
                "recall": 0.9447391688771,
                "f1-score": 0.9468320779796189,
                "support": 2262
            },
            "6": {
                "precision": 0.7569444444444444,
                "recall": 0.7202643171806168,
                "f1-score": 0.7381489841986455,
                "support": 454
            },
            "7": {
                "precision": 0.9203475742215785,
                "recall": 0.9387001477104875,
                "f1-score": 0.9294332723948813,
                "support": 1354
            },
            "8": {
                "precision": 0.8712871287128713,
                "recall": 0.8877679697351829,
                "f1-score": 0.8794503435352904,
                "support": 793
            },
            "accuracy": 0.8277951722048278,
            "macro avg": {
                "precision": 0.8142691639688924,
                "recall": 0.7793206240340429,
                "f1-score": 0.7940325402492274,
                "support": 9901
            },
            "weighted avg": {
                "precision": 0.8250841422468993,
                "recall": 0.8277951722048278,
                "f1-score": 0.8244119123321061,
                "support": 9901
            },
            "logloss": 0.44373695056533574,
            "score": -0.44373695056533574
        },
        "test": {
            "0": {
                "precision": 0.7287581699346405,
                "recall": 0.5777202072538861,
                "f1-score": 0.6445086705202313,
                "support": 386
            },
            "1": {
                "precision": 0.7603419746276889,
                "recall": 0.8551488833746899,
                "f1-score": 0.8049635036496351,
                "support": 3224
            },
            "2": {
                "precision": 0.6345441067457376,
                "recall": 0.5346658338538414,
                "f1-score": 0.5803389830508474,
                "support": 1601
            },
            "3": {
                "precision": 0.7186046511627907,
                "recall": 0.5743494423791822,
                "f1-score": 0.6384297520661157,
                "support": 538
            },
            "4": {
                "precision": 0.9798165137614679,
                "recall": 0.9744525547445255,
                "f1-score": 0.9771271729185728,
                "support": 548
            },
            "5": {
                "precision": 0.9481298517995765,
                "recall": 0.9504775380261762,
                "f1-score": 0.9493022434198904,
                "support": 2827
            },
            "6": {
                "precision": 0.7735849056603774,
                "recall": 0.721830985915493,
                "f1-score": 0.7468123861566485,
                "support": 568
            },
            "7": {
                "precision": 0.9177215189873418,
                "recall": 0.9421145894861194,
                "f1-score": 0.9297580880209853,
                "support": 1693
            },
            "8": {
                "precision": 0.8713163064833006,
                "recall": 0.8950554994954592,
                "f1-score": 0.8830263812842211,
                "support": 991
            },
            "accuracy": 0.8288623141564319,
            "macro avg": {
                "precision": 0.8147575554625468,
                "recall": 0.7806461705032636,
                "f1-score": 0.7949185756763497,
                "support": 12376
            },
            "weighted avg": {
                "precision": 0.8249057333051267,
                "recall": 0.8288623141564319,
                "f1-score": 0.824908916950532,
                "support": 12376
            },
            "logloss": 0.44211651816772973,
            "score": -0.44211651816772973
        }
    }
}
