{
    "program": "bin/ensemble.py",
    "single_program": "/slot/sandbox/d/in/script/0_script_unpacked/pretrains/bin/pretrain_supervised_contrastive___6059585be3cc4fccadeadd0ea6146de6.py",
    "config": {
        "seeds": [
            "0",
            "1",
            "2",
            "3",
            "4"
        ]
    },
    "prediction_type": "probs",
    "metrics": {
        "train": {
            "0": {
                "precision": 0.9583789704271632,
                "recall": 0.9977194982896237,
                "f1-score": 0.9776536312849161,
                "support": 1754
            },
            "1": {
                "precision": 0.9933110367892977,
                "recall": 0.9310344827586207,
                "f1-score": 0.9611650485436893,
                "support": 638
            },
            "2": {
                "precision": 0.999245283018868,
                "recall": 0.9865871833084948,
                "f1-score": 0.9928758905136859,
                "support": 1342
            },
            "3": {
                "precision": 1.0,
                "recall": 0.9798850574712644,
                "f1-score": 0.9898403483309144,
                "support": 696
            },
            "4": {
                "precision": 0.9968203497615262,
                "recall": 0.996292372881356,
                "f1-score": 0.9965562913907285,
                "support": 1888
            },
            "accuracy": 0.9862298195631529,
            "macro avg": {
                "precision": 0.9895511279993711,
                "recall": 0.978303718941872,
                "f1-score": 0.9836182420127868,
                "support": 6318
            },
            "weighted avg": {
                "precision": 0.9866592506745644,
                "recall": 0.9862298195631529,
                "f1-score": 0.9862131015982898,
                "support": 6318
            },
            "score": 0.9862298195631529
        },
        "val": {
            "0": {
                "precision": 0.7637474541751528,
                "recall": 0.8542141230068337,
                "f1-score": 0.806451612903226,
                "support": 439
            },
            "1": {
                "precision": 0.6643356643356644,
                "recall": 0.59375,
                "f1-score": 0.6270627062706271,
                "support": 160
            },
            "2": {
                "precision": 0.7021276595744681,
                "recall": 0.6895522388059702,
                "f1-score": 0.6957831325301204,
                "support": 335
            },
            "3": {
                "precision": 0.65,
                "recall": 0.5977011494252874,
                "f1-score": 0.6227544910179641,
                "support": 174
            },
            "4": {
                "precision": 0.7636761487964989,
                "recall": 0.739406779661017,
                "f1-score": 0.7513455328310011,
                "support": 472
            },
            "accuracy": 0.730379746835443,
            "macro avg": {
                "precision": 0.7087773853763568,
                "recall": 0.6949248581798216,
                "f1-score": 0.7006794951105878,
                "support": 1580
            },
            "weighted avg": {
                "precision": 0.7280675613075902,
                "recall": 0.730379746835443,
                "f1-score": 0.7281291224042818,
                "support": 1580
            },
            "score": 0.730379746835443
        },
        "test": {
            "0": {
                "precision": 0.7627118644067796,
                "recall": 0.8211678832116789,
                "f1-score": 0.7908611599297013,
                "support": 548
            },
            "1": {
                "precision": 0.5979899497487438,
                "recall": 0.595,
                "f1-score": 0.5964912280701754,
                "support": 200
            },
            "2": {
                "precision": 0.6598984771573604,
                "recall": 0.6190476190476191,
                "f1-score": 0.6388206388206388,
                "support": 420
            },
            "3": {
                "precision": 0.5958549222797928,
                "recall": 0.5299539170506913,
                "f1-score": 0.5609756097560977,
                "support": 217
            },
            "4": {
                "precision": 0.7111853088480802,
                "recall": 0.7220338983050848,
                "f1-score": 0.7165685449957948,
                "support": 590
            },
            "accuracy": 0.6936708860759494,
            "macro avg": {
                "precision": 0.6655281044881514,
                "recall": 0.6574406635230148,
                "f1-score": 0.6607434363144816,
                "support": 1975
            },
            "weighted avg": {
                "precision": 0.6904411657751077,
                "recall": 0.6936708860759494,
                "f1-score": 0.6913934067973528,
                "support": 1975
            },
            "score": 0.6936708860759494
        }
    }
}
