{
    "program": "bin/ensemble.py",
    "single_program": "/slot/sandbox/d/in/script/0_script_unpacked/pretrains/bin/pretrain_ae___e8af1a736f244d9bb68259b3bd8d37e6.py",
    "config": {
        "seeds": [
            "10",
            "11",
            "12",
            "13",
            "14"
        ]
    },
    "prediction_type": "probs",
    "metrics": {
        "train": {
            "0": {
                "precision": 1.0,
                "recall": 1.0,
                "f1-score": 1.0,
                "support": 1754
            },
            "1": {
                "precision": 1.0,
                "recall": 1.0,
                "f1-score": 1.0,
                "support": 638
            },
            "2": {
                "precision": 1.0,
                "recall": 1.0,
                "f1-score": 1.0,
                "support": 1342
            },
            "3": {
                "precision": 1.0,
                "recall": 1.0,
                "f1-score": 1.0,
                "support": 696
            },
            "4": {
                "precision": 1.0,
                "recall": 1.0,
                "f1-score": 1.0,
                "support": 1888
            },
            "accuracy": 1.0,
            "macro avg": {
                "precision": 1.0,
                "recall": 1.0,
                "f1-score": 1.0,
                "support": 6318
            },
            "weighted avg": {
                "precision": 1.0,
                "recall": 1.0,
                "f1-score": 1.0,
                "support": 6318
            },
            "score": 1.0
        },
        "val": {
            "0": {
                "precision": 0.7525354969574036,
                "recall": 0.8451025056947609,
                "f1-score": 0.796137339055794,
                "support": 439
            },
            "1": {
                "precision": 0.6326530612244898,
                "recall": 0.58125,
                "f1-score": 0.6058631921824105,
                "support": 160
            },
            "2": {
                "precision": 0.7133333333333334,
                "recall": 0.6388059701492538,
                "f1-score": 0.6740157480314961,
                "support": 335
            },
            "3": {
                "precision": 0.6241610738255033,
                "recall": 0.5344827586206896,
                "f1-score": 0.5758513931888545,
                "support": 174
            },
            "4": {
                "precision": 0.7209775967413442,
                "recall": 0.75,
                "f1-score": 0.7352024922118379,
                "support": 472
            },
            "accuracy": 0.7120253164556962,
            "macro avg": {
                "precision": 0.688732112416415,
                "recall": 0.6699282468929408,
                "f1-score": 0.6774140329340786,
                "support": 1580
            },
            "weighted avg": {
                "precision": 0.7085187924901502,
                "recall": 0.7120253164556962,
                "f1-score": 0.7085135423570118,
                "support": 1580
            },
            "score": 0.7120253164556962
        },
        "test": {
            "0": {
                "precision": 0.7584459459459459,
                "recall": 0.8193430656934306,
                "f1-score": 0.7877192982456139,
                "support": 548
            },
            "1": {
                "precision": 0.6042780748663101,
                "recall": 0.565,
                "f1-score": 0.5839793281653747,
                "support": 200
            },
            "2": {
                "precision": 0.6544502617801047,
                "recall": 0.5952380952380952,
                "f1-score": 0.6234413965087282,
                "support": 420
            },
            "3": {
                "precision": 0.59375,
                "recall": 0.5253456221198156,
                "f1-score": 0.5574572127139363,
                "support": 217
            },
            "4": {
                "precision": 0.7234726688102894,
                "recall": 0.7627118644067796,
                "f1-score": 0.7425742574257426,
                "support": 590
            },
            "accuracy": 0.6967088607594937,
            "macro avg": {
                "precision": 0.6668793902805301,
                "recall": 0.6535277294916242,
                "f1-score": 0.6590342986118791,
                "support": 1975
            },
            "weighted avg": {
                "precision": 0.6921750520999267,
                "recall": 0.6967088607594937,
                "f1-score": 0.6933663061495946,
                "support": 1975
            },
            "score": 0.6967088607594937
        }
    }
}
