{
    "program": "bin/ensemble.py",
    "single_program": "/slot/sandbox/d/in/script/0_script_unpacked/pretrains/bin/augmented_supervised___60c1f7fcafd44e25ad7539e1833edc0e.py",
    "config": {
        "seeds": [
            "0",
            "1",
            "2",
            "3",
            "4"
        ]
    },
    "prediction_type": "probs",
    "metrics": {
        "train": {
            "0": {
                "precision": 0.9564411492122336,
                "recall": 0.8356275303643724,
                "f1-score": 0.891961970613656,
                "support": 1235
            },
            "1": {
                "precision": 0.8063163300239644,
                "recall": 0.9130645473929057,
                "f1-score": 0.8563766930279065,
                "support": 10318
            },
            "2": {
                "precision": 0.771551724137931,
                "recall": 0.6639984381101133,
                "f1-score": 0.7137460650577125,
                "support": 5122
            },
            "3": {
                "precision": 0.9095200629425649,
                "recall": 0.6713124274099884,
                "f1-score": 0.7724690945539593,
                "support": 1722
            },
            "4": {
                "precision": 0.9517279210093252,
                "recall": 0.9897318881916715,
                "f1-score": 0.9703579418344519,
                "support": 1753
            },
            "5": {
                "precision": 0.981225842076201,
                "recall": 0.9822020782666372,
                "f1-score": 0.9817137174741728,
                "support": 9046
            },
            "6": {
                "precision": 0.9239256678281068,
                "recall": 0.8756191524490919,
                "f1-score": 0.8991240463407744,
                "support": 1817
            },
            "7": {
                "precision": 0.9718518518518519,
                "recall": 0.9688019198818534,
                "f1-score": 0.970324489229916,
                "support": 5417
            },
            "8": {
                "precision": 0.951883507439063,
                "recall": 0.9482812992746767,
                "f1-score": 0.9500789889415482,
                "support": 3171
            },
            "accuracy": 0.8958359637382894,
            "macro avg": {
                "precision": 0.9138271173912492,
                "recall": 0.8720710312601456,
                "f1-score": 0.8895725563415664,
                "support": 39601
            },
            "weighted avg": {
                "precision": 0.8970764179402296,
                "recall": 0.8958359637382894,
                "f1-score": 0.8941174026670484,
                "support": 39601
            },
            "logloss": 0.29082610774499645,
            "score": -0.29082610774499645
        },
        "val": {
            "0": {
                "precision": 0.7209302325581395,
                "recall": 0.5032467532467533,
                "f1-score": 0.5927342256214149,
                "support": 308
            },
            "1": {
                "precision": 0.7420446851726472,
                "recall": 0.8496124031007752,
                "f1-score": 0.7921937116010118,
                "support": 2580
            },
            "2": {
                "precision": 0.6237799467613132,
                "recall": 0.5487900078064013,
                "f1-score": 0.5838870431893688,
                "support": 1281
            },
            "3": {
                "precision": 0.7587412587412588,
                "recall": 0.5034802784222738,
                "f1-score": 0.6052998605299861,
                "support": 431
            },
            "4": {
                "precision": 0.9464285714285714,
                "recall": 0.9680365296803652,
                "f1-score": 0.9571106094808125,
                "support": 438
            },
            "5": {
                "precision": 0.9435626102292769,
                "recall": 0.9460654288240495,
                "f1-score": 0.9448123620309051,
                "support": 2262
            },
            "6": {
                "precision": 0.7908653846153846,
                "recall": 0.724669603524229,
                "f1-score": 0.7563218390804597,
                "support": 454
            },
            "7": {
                "precision": 0.9233016800584368,
                "recall": 0.9335302806499262,
                "f1-score": 0.9283878075651855,
                "support": 1354
            },
            "8": {
                "precision": 0.8594132029339854,
                "recall": 0.8865069356872636,
                "f1-score": 0.8727498448168839,
                "support": 793
            },
            "accuracy": 0.8208261791738208,
            "macro avg": {
                "precision": 0.812118619166557,
                "recall": 0.762659802326893,
                "f1-score": 0.7814997004351142,
                "support": 9901
            },
            "weighted avg": {
                "precision": 0.8183207516066618,
                "recall": 0.8208261791738208,
                "f1-score": 0.8164976570879804,
                "support": 9901
            },
            "logloss": 0.4607664347589882,
            "score": -0.4607664347589882
        },
        "test": {
            "0": {
                "precision": 0.7653846153846153,
                "recall": 0.5155440414507773,
                "f1-score": 0.6160990712074303,
                "support": 386
            },
            "1": {
                "precision": 0.7484362251835736,
                "recall": 0.8535980148883374,
                "f1-score": 0.7975655702072163,
                "support": 3224
            },
            "2": {
                "precision": 0.6208393632416788,
                "recall": 0.5359150530918176,
                "f1-score": 0.5752598055648676,
                "support": 1601
            },
            "3": {
                "precision": 0.7612732095490716,
                "recall": 0.533457249070632,
                "f1-score": 0.6273224043715847,
                "support": 538
            },
            "4": {
                "precision": 0.9336823734729494,
                "recall": 0.9762773722627737,
                "f1-score": 0.9545049063336306,
                "support": 548
            },
            "5": {
                "precision": 0.9431977559607293,
                "recall": 0.9515387336399009,
                "f1-score": 0.9473498855432294,
                "support": 2827
            },
            "6": {
                "precision": 0.7817460317460317,
                "recall": 0.6936619718309859,
                "f1-score": 0.7350746268656717,
                "support": 568
            },
            "7": {
                "precision": 0.9172453703703703,
                "recall": 0.9362079149438866,
                "f1-score": 0.9266296404560069,
                "support": 1693
            },
            "8": {
                "precision": 0.8719452590420332,
                "recall": 0.900100908173562,
                "f1-score": 0.8857994041708045,
                "support": 991
            },
            "accuracy": 0.8235294117647058,
            "macro avg": {
                "precision": 0.8159722448834503,
                "recall": 0.7662556954836304,
                "f1-score": 0.7850672571911602,
                "support": 12376
            },
            "weighted avg": {
                "precision": 0.8202189370847791,
                "recall": 0.8235294117647058,
                "f1-score": 0.8187634482936268,
                "support": 12376
            },
            "logloss": 0.4506981570115428,
            "score": -0.4506981570115428
        }
    }
}
