{
    "program": "bin/ensemble.py",
    "single_program": "/slot/sandbox/d/in/script/0_script_unpacked/pretrains/bin/pretrain_ae_supervised_ddp___4fe2c3f20247458994616bba03f9da0b.py",
    "config": {
        "seeds": [
            "0",
            "1",
            "2",
            "3",
            "4"
        ]
    },
    "prediction_type": null,
    "metrics": {
        "train": {
            "rmse": 1.4593441031344212,
            "score": -1.4593441031344212
        },
        "val": {
            "rmse": 1.8084737465175729,
            "score": -1.8084737465175729
        },
        "test": {
            "rmse": 1.8146606992591265,
            "score": -1.8146606992591265
        }
    }
}
