{
    "program": "bin/ensemble.py",
    "single_program": "/slot/sandbox/d/in/script/0_script_unpacked/pretrains/bin/pretrain_mask_supervised___c6ab001745fc4eb68b68987562693631.py",
    "config": {
        "seeds": [
            "10",
            "11",
            "12",
            "13",
            "14"
        ]
    },
    "prediction_type": null,
    "metrics": {
        "train": {
            "rmse": 16510.24023351102,
            "score": -16510.24023351102
        },
        "val": {
            "rmse": 27762.36892397565,
            "score": -27762.36892397565
        },
        "test": {
            "rmse": 30127.45721957015,
            "score": -30127.45721957015
        }
    }
}
