{
    "program": "bin/ensemble.py",
    "single_program": "/slot/sandbox/d/in/script/0_script_unpacked/pretrains/bin/pretrain_mask_supervised_fast___37897c1ac5dd41319c0cfee0c087b7a5.py",
    "config": {
        "seeds": [
            "5",
            "6",
            "7",
            "8",
            "9"
        ]
    },
    "prediction_type": null,
    "metrics": {
        "train": {
            "rmse": 1.5555564285902865,
            "score": -1.5555564285902865
        },
        "val": {
            "rmse": 1.8220093961685633,
            "score": -1.8220093961685633
        },
        "test": {
            "rmse": 1.8236826234593873,
            "score": -1.8236826234593873
        }
    }
}
