{
    "program": "bin/ensemble.py",
    "single_program": "/slot/sandbox/d/in/script/0_script_unpacked/pretrains/bin/pretrain_mask_supervised___feb40962820545e6b862d6a90c49889b.py",
    "config": {
        "seeds": [
            "10",
            "11",
            "12",
            "13",
            "14"
        ]
    },
    "prediction_type": "probs",
    "metrics": {
        "train": {
            "0": {
                "precision": 0.7533216261886617,
                "recall": 0.7685754850922859,
                "f1-score": 0.7608721115071198,
                "support": 29582
            },
            "1": {
                "precision": 0.7898065704636168,
                "recall": 0.77554342910549,
                "f1-score": 0.7826100184061211,
                "support": 33169
            },
            "accuracy": 0.772258609424551,
            "macro avg": {
                "precision": 0.7715640983261393,
                "recall": 0.7720594570988879,
                "f1-score": 0.7717410649566204,
                "support": 62751
            },
            "weighted avg": {
                "precision": 0.772606882465948,
                "recall": 0.772258609424551,
                "f1-score": 0.7723623608088517,
                "support": 62751
            },
            "roc_auc": 0.8571553101934856,
            "score": 0.8571553101934856
        },
        "val": {
            "0": {
                "precision": 0.7261354364971444,
                "recall": 0.722011898323418,
                "f1-score": 0.7240677966101695,
                "support": 7396
            },
            "1": {
                "precision": 0.7532997360211183,
                "recall": 0.7571152918475639,
                "f1-score": 0.7552026945747624,
                "support": 8292
            },
            "accuracy": 0.7405660377358491,
            "macro avg": {
                "precision": 0.7397175862591314,
                "recall": 0.739563595085491,
                "f1-score": 0.739635245592466,
                "support": 15688
            },
            "weighted avg": {
                "precision": 0.7404933133235589,
                "recall": 0.7405660377358491,
                "f1-score": 0.7405243604756976,
                "support": 15688
            },
            "roc_auc": 0.8219589825349852,
            "score": 0.8219589825349852
        },
        "test": {
            "0": {
                "precision": 0.716268146883006,
                "recall": 0.725797728501893,
                "f1-score": 0.7210014505990437,
                "support": 9245
            },
            "1": {
                "precision": 0.7524897480960749,
                "recall": 0.7435600578871201,
                "f1-score": 0.7479982530208181,
                "support": 10365
            },
            "accuracy": 0.7351861295257521,
            "macro avg": {
                "precision": 0.7343789474895405,
                "recall": 0.7346788931945065,
                "f1-score": 0.7344998518099309,
                "support": 19610
            },
            "weighted avg": {
                "precision": 0.7354133226389193,
                "recall": 0.7351861295257521,
                "f1-score": 0.7352707956832707,
                "support": 19610
            },
            "roc_auc": 0.8162380572594097,
            "score": 0.8162380572594097
        }
    }
}
