{
    "program": "bin/ensemble.py",
    "single_program": "/slot/sandbox/d/in/script/0_script_unpacked/pretrains/bin/finetune___d480dfa3c90a4923ab8b5dcb1e25ce90.py",
    "config": {
        "seeds": [
            "5",
            "6",
            "7",
            "8",
            "9"
        ]
    },
    "prediction_type": null,
    "metrics": {
        "train": {
            "rmse": 0.337723938377471,
            "score": -0.337723938377471
        },
        "val": {
            "rmse": 0.4415010535560654,
            "score": -0.4415010535560654
        },
        "test": {
            "rmse": 0.438450234958326,
            "score": -0.438450234958326
        }
    }
}
