{
    "program": "bin/ensemble.py",
    "single_program": "/slot/sandbox/d/in/script/0_script_unpacked/pretrains/bin/archive/catboost____8b66eb09497947579dfba8888b42ce03.py",
    "config": {
        "seeds": [
            "10",
            "11",
            "12",
            "13",
            "14"
        ]
    },
    "prediction_type": "probs",
    "metrics": {
        "train": {
            "0": {
                "precision": 0.8356450099071853,
                "recall": 0.8126225407342302,
                "f1-score": 0.8239729901112273,
                "support": 29582
            },
            "1": {
                "precision": 0.8368938323917138,
                "recall": 0.8574572643130633,
                "f1-score": 0.8470507646717198,
                "support": 33169
            },
            "accuracy": 0.8363213335245654,
            "macro avg": {
                "precision": 0.8362694211494495,
                "recall": 0.8350399025236468,
                "f1-score": 0.8355118773914736,
                "support": 62751
            },
            "weighted avg": {
                "precision": 0.8363051140169099,
                "recall": 0.8363213335245654,
                "f1-score": 0.8361714682932001,
                "support": 62751
            },
            "roc_auc": 0.9164174549890708,
            "score": 0.9164174549890708
        },
        "val": {
            "0": {
                "precision": 0.7261029411764706,
                "recall": 0.6942942130881558,
                "f1-score": 0.7098424108377108,
                "support": 7396
            },
            "1": {
                "precision": 0.7375812441968431,
                "recall": 0.7664013506994694,
                "f1-score": 0.7517151644192098,
                "support": 8292
            },
            "accuracy": 0.732406935237124,
            "macro avg": {
                "precision": 0.7318420926866569,
                "recall": 0.7303477818938126,
                "f1-score": 0.7307787876284604,
                "support": 15688
            },
            "weighted avg": {
                "precision": 0.7321698769646481,
                "recall": 0.732406935237124,
                "f1-score": 0.731974541937774,
                "support": 15688
            },
            "roc_auc": 0.8128705507494567,
            "score": 0.8128705507494567
        },
        "test": {
            "0": {
                "precision": 0.7145547186530793,
                "recall": 0.697782585181179,
                "f1-score": 0.7060690636458162,
                "support": 9245
            },
            "1": {
                "precision": 0.735966735966736,
                "recall": 0.7513748191027496,
                "f1-score": 0.7435909676803361,
                "support": 10365
            },
            "accuracy": 0.7261091279959204,
            "macro avg": {
                "precision": 0.7252607273099076,
                "recall": 0.7245787021419643,
                "f1-score": 0.7248300156630761,
                "support": 19610
            },
            "weighted avg": {
                "precision": 0.7258721872637908,
                "recall": 0.7261091279959204,
                "f1-score": 0.7259015233764535,
                "support": 19610
            },
            "roc_auc": 0.8073301457326773,
            "score": 0.8073301457326773
        }
    }
}
