{
    "program": "bin/ensemble.py",
    "single_program": "/slot/sandbox/d/in/script/0_script_unpacked/pretrains/bin/augmented_supervised___11fb4e83a1804e2d9da7bc4d438e0e20.py",
    "config": {
        "seeds": [
            "10",
            "11",
            "12",
            "13",
            "14"
        ]
    },
    "prediction_type": "probs",
    "metrics": {
        "train": {
            "0": {
                "precision": 0.8770635756937126,
                "recall": 0.9799843014128728,
                "f1-score": 0.9256719184430027,
                "support": 5096
            },
            "1": {
                "precision": 0.8555240793201133,
                "recall": 0.46319018404907975,
                "f1-score": 0.6009950248756218,
                "support": 1304
            },
            "accuracy": 0.8746875,
            "macro avg": {
                "precision": 0.866293827506913,
                "recall": 0.7215872427309763,
                "f1-score": 0.7633334716593123,
                "support": 6400
            },
            "weighted avg": {
                "precision": 0.8726749033075918,
                "recall": 0.8746875,
                "f1-score": 0.859519001378649,
                "support": 6400
            },
            "roc_auc": 0.9038962653253845,
            "score": 0.9038962653253845
        },
        "val": {
            "0": {
                "precision": 0.8696864111498258,
                "recall": 0.9795918367346939,
                "f1-score": 0.921373200442968,
                "support": 1274
            },
            "1": {
                "precision": 0.8424242424242424,
                "recall": 0.4263803680981595,
                "f1-score": 0.5661914460285132,
                "support": 326
            },
            "accuracy": 0.866875,
            "macro avg": {
                "precision": 0.8560553267870341,
                "recall": 0.7029861024164267,
                "f1-score": 0.7437823232357406,
                "support": 1600
            },
            "weighted avg": {
                "precision": 0.8641317442719881,
                "recall": 0.866875,
                "f1-score": 0.8490049179810228,
                "support": 1600
            },
            "roc_auc": 0.8671422792807544,
            "score": 0.8671422792807544
        },
        "test": {
            "0": {
                "precision": 0.8638132295719845,
                "recall": 0.975517890772128,
                "f1-score": 0.9162735849056605,
                "support": 1593
            },
            "1": {
                "precision": 0.8059701492537313,
                "recall": 0.39803439803439805,
                "f1-score": 0.5328947368421053,
                "support": 407
            },
            "accuracy": 0.858,
            "macro avg": {
                "precision": 0.834891689412858,
                "recall": 0.6867761444032631,
                "f1-score": 0.7245841608738829,
                "support": 2000
            },
            "weighted avg": {
                "precision": 0.85204216272722,
                "recall": 0.858,
                "f1-score": 0.838255989324727,
                "support": 2000
            },
            "roc_auc": 0.8542610407017188,
            "score": 0.8542610407017188
        }
    }
}
