{
    "program": "bin/ensemble.py",
    "single_program": "/slot/sandbox/d/in/script/0_script_unpacked/pretrains/bin/pretrain_contrastive___bf85c209fda04a01b3186639183ba99d.py",
    "config": {
        "seeds": [
            "0",
            "1",
            "2",
            "3",
            "4"
        ]
    },
    "prediction_type": "probs",
    "metrics": {
        "train": {
            "0": {
                "precision": 0.8706976744186047,
                "recall": 0.7578947368421053,
                "f1-score": 0.8103896103896104,
                "support": 1235
            },
            "1": {
                "precision": 0.8048823477571164,
                "recall": 0.8851521612715643,
                "f1-score": 0.8431110085391184,
                "support": 10318
            },
            "2": {
                "precision": 0.7102137767220903,
                "recall": 0.6421319796954315,
                "f1-score": 0.6744591407771968,
                "support": 5122
            },
            "3": {
                "precision": 0.8620432513049963,
                "recall": 0.6713124274099884,
                "f1-score": 0.7548155403199477,
                "support": 1722
            },
            "4": {
                "precision": 0.9823963657013061,
                "recall": 0.9868796349115802,
                "f1-score": 0.9846328969834945,
                "support": 1753
            },
            "5": {
                "precision": 0.9715990717206321,
                "recall": 0.9719212911784214,
                "f1-score": 0.9717601547388782,
                "support": 9046
            },
            "6": {
                "precision": 0.8580316742081447,
                "recall": 0.8348926802421573,
                "f1-score": 0.8463040446304044,
                "support": 1817
            },
            "7": {
                "precision": 0.958909157914133,
                "recall": 0.9606793428096733,
                "f1-score": 0.9597934341571376,
                "support": 5417
            },
            "8": {
                "precision": 0.9219237976264835,
                "recall": 0.9309366130558183,
                "f1-score": 0.9264082849521419,
                "support": 3171
            },
            "accuracy": 0.8764677659655059,
            "macro avg": {
                "precision": 0.8822996797081675,
                "recall": 0.8490889852685268,
                "f1-score": 0.8635193461653256,
                "support": 39601
            },
            "weighted avg": {
                "precision": 0.8759966159888013,
                "recall": 0.8764677659655059,
                "f1-score": 0.8748668623548751,
                "support": 39601
            },
            "logloss": 0.31759707541483995,
            "score": -0.31759707541483995
        },
        "val": {
            "0": {
                "precision": 0.6865079365079365,
                "recall": 0.5616883116883117,
                "f1-score": 0.6178571428571429,
                "support": 308
            },
            "1": {
                "precision": 0.7549668874172185,
                "recall": 0.8395348837209302,
                "f1-score": 0.795008258396036,
                "support": 2580
            },
            "2": {
                "precision": 0.6303030303030303,
                "recall": 0.5683060109289617,
                "f1-score": 0.5977011494252874,
                "support": 1281
            },
            "3": {
                "precision": 0.7339449541284404,
                "recall": 0.5568445475638051,
                "f1-score": 0.633245382585752,
                "support": 431
            },
            "4": {
                "precision": 0.9726027397260274,
                "recall": 0.9726027397260274,
                "f1-score": 0.9726027397260274,
                "support": 438
            },
            "5": {
                "precision": 0.9496659242761692,
                "recall": 0.9425287356321839,
                "f1-score": 0.9460838695362769,
                "support": 2262
            },
            "6": {
                "precision": 0.7726218097447796,
                "recall": 0.7334801762114538,
                "f1-score": 0.7525423728813561,
                "support": 454
            },
            "7": {
                "precision": 0.9265246142542248,
                "recall": 0.931314623338257,
                "f1-score": 0.9289134438305708,
                "support": 1354
            },
            "8": {
                "precision": 0.8590522478736331,
                "recall": 0.8915510718789408,
                "f1-score": 0.8750000000000001,
                "support": 793
            },
            "accuracy": 0.8247651752348247,
            "macro avg": {
                "precision": 0.8095766826923845,
                "recall": 0.7775390111876523,
                "f1-score": 0.7909949288042721,
                "support": 9901
            },
            "weighted avg": {
                "precision": 0.822509327707226,
                "recall": 0.8247651752348247,
                "f1-score": 0.8220710021306749,
                "support": 9901
            },
            "logloss": 0.4533121805232782,
            "score": -0.4533121805232782
        },
        "test": {
            "0": {
                "precision": 0.7019867549668874,
                "recall": 0.5492227979274611,
                "f1-score": 0.6162790697674418,
                "support": 386
            },
            "1": {
                "precision": 0.76171875,
                "recall": 0.8467741935483871,
                "f1-score": 0.8019976498237369,
                "support": 3224
            },
            "2": {
                "precision": 0.6228448275862069,
                "recall": 0.5415365396627108,
                "f1-score": 0.5793518209154694,
                "support": 1601
            },
            "3": {
                "precision": 0.7193396226415094,
                "recall": 0.5669144981412639,
                "f1-score": 0.6340956340956341,
                "support": 538
            },
            "4": {
                "precision": 0.9744525547445255,
                "recall": 0.9744525547445255,
                "f1-score": 0.9744525547445255,
                "support": 548
            },
            "5": {
                "precision": 0.9520426287744227,
                "recall": 0.948001414927485,
                "f1-score": 0.9500177242112726,
                "support": 2827
            },
            "6": {
                "precision": 0.7579143389199255,
                "recall": 0.7165492957746479,
                "f1-score": 0.7366515837104073,
                "support": 568
            },
            "7": {
                "precision": 0.9188876013904983,
                "recall": 0.9367985823981099,
                "f1-score": 0.9277566539923954,
                "support": 1693
            },
            "8": {
                "precision": 0.8530534351145038,
                "recall": 0.9021190716448032,
                "f1-score": 0.8769004413928396,
                "support": 991
            },
            "accuracy": 0.8253878474466709,
            "macro avg": {
                "precision": 0.8069156126820533,
                "recall": 0.7758187720854883,
                "f1-score": 0.788611459183747,
                "support": 12376
            },
            "weighted avg": {
                "precision": 0.821582089751799,
                "recall": 0.8253878474466709,
                "f1-score": 0.821754073926413,
                "support": 12376
            },
            "logloss": 0.44995324164213596,
            "score": -0.44995324164213596
        }
    }
}
