{
    "program": "bin/ensemble.py",
    "single_program": "/home/irubachev/repos/pretrains/bin/finetune_ddp___ab457b1f1d3346f9a86ae13a1cfbb16c.py",
    "config": {
        "seeds": [
            "10",
            "11",
            "12",
            "13",
            "14"
        ]
    },
    "prediction_type": null,
    "metrics": {
        "train": {
            "rmse": 1.6473097649142645,
            "score": -1.6473097649142645
        },
        "val": {
            "rmse": 1.851768710530762,
            "score": -1.851768710530762
        },
        "test": {
            "rmse": 1.8510289671128242,
            "score": -1.8510289671128242
        }
    }
}
