{
    "program": "bin/ensemble.py",
    "single_program": "/slot/sandbox/d/in/script/0_script_unpacked/pretrains/bin/pretrain_contrastive___dd0d069b1d474e5eaa6a5e808614cfe9.py",
    "config": {
        "seeds": [
            "5",
            "6",
            "7",
            "8",
            "9"
        ]
    },
    "prediction_type": "probs",
    "metrics": {
        "train": {
            "0": {
                "precision": 0.8897138717855849,
                "recall": 0.9640894819466248,
                "f1-score": 0.9254096816726313,
                "support": 5096
            },
            "1": {
                "precision": 0.7915717539863326,
                "recall": 0.5329754601226994,
                "f1-score": 0.6370302474793768,
                "support": 1304
            },
            "accuracy": 0.87625,
            "macro avg": {
                "precision": 0.8406428128859588,
                "recall": 0.7485324710346621,
                "f1-score": 0.7812199645760041,
                "support": 6400
            },
            "weighted avg": {
                "precision": 0.8697174152839873,
                "recall": 0.87625,
                "f1-score": 0.8666523719557556,
                "support": 6400
            },
            "roc_auc": 0.8991481650470475,
            "score": 0.8991481650470475
        },
        "val": {
            "0": {
                "precision": 0.8805213613323678,
                "recall": 0.9544740973312402,
                "f1-score": 0.9160075329566855,
                "support": 1274
            },
            "1": {
                "precision": 0.7351598173515982,
                "recall": 0.4938650306748466,
                "f1-score": 0.5908256880733945,
                "support": 326
            },
            "accuracy": 0.860625,
            "macro avg": {
                "precision": 0.807840589341983,
                "recall": 0.7241695640030434,
                "f1-score": 0.7534166105150399,
                "support": 1600
            },
            "weighted avg": {
                "precision": 0.850903946746286,
                "recall": 0.860625,
                "f1-score": 0.849751732061715,
                "support": 1600
            },
            "roc_auc": 0.8706720536256031,
            "score": 0.8706720536256031
        },
        "test": {
            "0": {
                "precision": 0.8724256292906178,
                "recall": 0.9573132454488387,
                "f1-score": 0.9129003292427417,
                "support": 1593
            },
            "1": {
                "precision": 0.7301587301587301,
                "recall": 0.4520884520884521,
                "f1-score": 0.5584218512898331,
                "support": 407
            },
            "accuracy": 0.8545,
            "macro avg": {
                "precision": 0.8012921797246739,
                "recall": 0.7047008487686454,
                "f1-score": 0.7356610902662875,
                "support": 2000
            },
            "weighted avg": {
                "precision": 0.8434743153172787,
                "recall": 0.8545,
                "f1-score": 0.8407639589793248,
                "support": 2000
            },
            "roc_auc": 0.8566147040723311,
            "score": 0.8566147040723311
        }
    }
}
