{
    "program": "bin/ensemble.py",
    "single_program": "/slot/sandbox/d/in/script/0_script_unpacked/pretrains/bin/pretrain_mask___b0bcf072d5954d06a84746cdb11367c0.py",
    "config": {
        "seeds": [
            "10",
            "11",
            "12",
            "13",
            "14"
        ]
    },
    "prediction_type": "probs",
    "metrics": {
        "train": {
            "0": {
                "precision": 0.8974910394265233,
                "recall": 0.9496839443742099,
                "f1-score": 0.9228501228501228,
                "support": 19775
            },
            "1": {
                "precision": 0.8057778645325004,
                "recall": 0.6580583452893353,
                "f1-score": 0.7244647244647245,
                "support": 6273
            },
            "accuracy": 0.879453316953317,
            "macro avg": {
                "precision": 0.8516344519795118,
                "recall": 0.8038711448317726,
                "f1-score": 0.8236574236574237,
                "support": 26048
            },
            "weighted avg": {
                "precision": 0.8754042478835947,
                "recall": 0.879453316953317,
                "f1-score": 0.8750740323989709,
                "support": 26048
            },
            "roc_auc": 0.9352980798046248,
            "score": 0.9352980798046248
        },
        "val": {
            "0": {
                "precision": 0.8869515232803219,
                "recall": 0.9360970677451972,
                "f1-score": 0.91086186540732,
                "support": 4945
            },
            "1": {
                "precision": 0.7557959814528593,
                "recall": 0.6237244897959183,
                "f1-score": 0.6834381551362683,
                "support": 1568
            },
            "accuracy": 0.8608935974205435,
            "macro avg": {
                "precision": 0.8213737523665906,
                "recall": 0.7799107787705577,
                "f1-score": 0.7971500102717941,
                "support": 6513
            },
            "weighted avg": {
                "precision": 0.8553759222384884,
                "recall": 0.8608935974205435,
                "f1-score": 0.856109773022089,
                "support": 6513
            },
            "roc_auc": 0.9198154185840159,
            "score": 0.9198154185840159
        },
        "test": {
            "0": {
                "precision": 0.8889397057702568,
                "recall": 0.9378367511057499,
                "f1-score": 0.9127338185802614,
                "support": 12435
            },
            "1": {
                "precision": 0.7555344718532574,
                "recall": 0.6211648465938637,
                "f1-score": 0.6817922374429224,
                "support": 3846
            },
            "accuracy": 0.8630305263804434,
            "macro avg": {
                "precision": 0.8222370888117572,
                "recall": 0.7795007988498068,
                "f1-score": 0.7972630280115919,
                "support": 16281
            },
            "weighted avg": {
                "precision": 0.8574258841594969,
                "recall": 0.8630305263804434,
                "f1-score": 0.8581793488883378,
                "support": 16281
            },
            "roc_auc": 0.9157642518004699,
            "score": 0.9157642518004699
        }
    }
}
