{
    "program": "bin/ensemble.py",
    "single_program": "/slot/sandbox/d/in/script/0_script_unpacked/pretrains/bin/pretrain_mask___678e69ba6e7f43b6b1a7780c837f4a2b.py",
    "config": {
        "seeds": [
            "5",
            "6",
            "7",
            "8",
            "9"
        ]
    },
    "prediction_type": null,
    "metrics": {
        "train": {
            "rmse": 3.9764509833755963,
            "score": -3.9764509833755963
        },
        "val": {
            "rmse": 5.1522696878906356,
            "score": -5.1522696878906356
        },
        "test": {
            "rmse": 5.4907623260492135,
            "score": -5.4907623260492135
        }
    }
}
