{
    "program": "bin/ensemble.py",
    "single_program": "/slot/sandbox/d/in/script/0_script_unpacked/pretrains/bin/finetune___9659ed8168c9469aadb89f292503a676.py",
    "config": {
        "seeds": [
            "5",
            "6",
            "7",
            "8",
            "9"
        ]
    },
    "prediction_type": "probs",
    "metrics": {
        "train": {
            "0": {
                "precision": 0.9095786188060866,
                "recall": 0.943109987357775,
                "f1-score": 0.9260408649668562,
                "support": 19775
            },
            "1": {
                "precision": 0.797077922077922,
                "recall": 0.7044476327116213,
                "f1-score": 0.747905559786748,
                "support": 6273
            },
            "accuracy": 0.8856342137592138,
            "macro avg": {
                "precision": 0.8533282704420043,
                "recall": 0.8237788100346981,
                "f1-score": 0.8369732123768021,
                "support": 26048
            },
            "weighted avg": {
                "precision": 0.8824856799786996,
                "recall": 0.8856342137592138,
                "f1-score": 0.883141495748689,
                "support": 26048
            },
            "roc_auc": 0.9407647246250106,
            "score": 0.9407647246250106
        },
        "val": {
            "0": {
                "precision": 0.8967254408060453,
                "recall": 0.9358948432760364,
                "f1-score": 0.9158915495745102,
                "support": 4945
            },
            "1": {
                "precision": 0.7655325443786982,
                "recall": 0.6600765306122449,
                "f1-score": 0.7089041095890412,
                "support": 1568
            },
            "accuracy": 0.8694917856594503,
            "macro avg": {
                "precision": 0.8311289925923717,
                "recall": 0.7979856869441406,
                "f1-score": 0.8123978295817758,
                "support": 6513
            },
            "weighted avg": {
                "precision": 0.8651408466715328,
                "recall": 0.8694917856594503,
                "f1-score": 0.8660594743561445,
                "support": 6513
            },
            "roc_auc": 0.9292997203937187,
            "score": 0.9292997203937187
        },
        "test": {
            "0": {
                "precision": 0.902001862197393,
                "recall": 0.9348612786489746,
                "f1-score": 0.9181376614145244,
                "support": 12435
            },
            "1": {
                "precision": 0.7612732095490716,
                "recall": 0.671606864274571,
                "f1-score": 0.7136344799005386,
                "support": 3846
            },
            "accuracy": 0.8726736686935692,
            "macro avg": {
                "precision": 0.8316375358732323,
                "recall": 0.8032340714617727,
                "f1-score": 0.8158860706575315,
                "support": 16281
            },
            "weighted avg": {
                "precision": 0.8687580566519446,
                "recall": 0.8726736686935692,
                "f1-score": 0.8698286364097465,
                "support": 16281
            },
            "roc_auc": 0.9276036952213915,
            "score": 0.9276036952213915
        }
    }
}
