{
    "program": "bin/ensemble.py",
    "single_program": "/slot/sandbox/d/in/script/0_script_unpacked/pretrains/bin/pretrain_mask_supervised___d5475851d3db45488cfbfae6cddea34c.py",
    "config": {
        "seeds": [
            "10",
            "11",
            "12",
            "13",
            "14"
        ]
    },
    "prediction_type": "probs",
    "metrics": {
        "train": {
            "0": {
                "precision": 0.9971273704732084,
                "recall": 0.995935918806886,
                "f1-score": 0.9965312885156129,
                "support": 135578
            },
            "1": {
                "precision": 0.9969138353861839,
                "recall": 0.9977000970702435,
                "f1-score": 0.9973068112590177,
                "support": 181312
            },
            "2": {
                "precision": 0.9991673605328892,
                "recall": 0.9964163971680797,
                "f1-score": 0.9977899827137262,
                "support": 22882
            },
            "3": {
                "precision": 0.9837625979843225,
                "recall": 0.9988629903354178,
                "f1-score": 0.9912552891396332,
                "support": 1759
            },
            "4": {
                "precision": 0.9872403075413054,
                "recall": 0.9934156378600824,
                "f1-score": 0.9903183459140137,
                "support": 6075
            },
            "5": {
                "precision": 0.9962257368799425,
                "recall": 0.9973909131803869,
                "f1-score": 0.9968079845344603,
                "support": 11115
            },
            "6": {
                "precision": 0.9952018278750951,
                "recall": 0.9955051043730001,
                "f1-score": 0.9953534430225471,
                "support": 13126
            },
            "accuracy": 0.9968266518218515,
            "macro avg": {
                "precision": 0.9936627195247069,
                "recall": 0.9964610083991567,
                "f1-score": 0.9950518778712875,
                "support": 371847
            },
            "weighted avg": {
                "precision": 0.9968291126069242,
                "recall": 0.9968266518218515,
                "f1-score": 0.9968271198317025,
                "support": 371847
            },
            "score": 0.9968266518218515
        },
        "val": {
            "0": {
                "precision": 0.9743179596552031,
                "recall": 0.9704372455301823,
                "f1-score": 0.9723737306549599,
                "support": 33894
            },
            "1": {
                "precision": 0.9758726109046121,
                "recall": 0.9788651606071302,
                "f1-score": 0.9773665950768214,
                "support": 45328
            },
            "2": {
                "precision": 0.974947442186405,
                "recall": 0.9727320398531725,
                "f1-score": 0.9738384810569604,
                "support": 5721
            },
            "3": {
                "precision": 0.9076576576576577,
                "recall": 0.9179954441913439,
                "f1-score": 0.912797281993205,
                "support": 439
            },
            "4": {
                "precision": 0.9115511551155115,
                "recall": 0.9091507570770243,
                "f1-score": 0.9103493737640079,
                "support": 1519
            },
            "5": {
                "precision": 0.9558189655172413,
                "recall": 0.9575386829794891,
                "f1-score": 0.9566780514111091,
                "support": 2779
            },
            "6": {
                "precision": 0.9698630136986301,
                "recall": 0.9707495429616088,
                "f1-score": 0.970306075833714,
                "support": 3282
            },
            "accuracy": 0.973064262817065,
            "macro avg": {
                "precision": 0.9528612578193228,
                "recall": 0.9539241247428503,
                "f1-score": 0.9533870842558255,
                "support": 92962
            },
            "weighted avg": {
                "precision": 0.973064049620809,
                "recall": 0.973064262817065,
                "f1-score": 0.9730613557140391,
                "support": 92962
            },
            "score": 0.973064262817065
        },
        "test": {
            "0": {
                "precision": 0.9754146989724484,
                "recall": 0.9701425604229608,
                "f1-score": 0.9727714863857433,
                "support": 42368
            },
            "1": {
                "precision": 0.9747500483210627,
                "recall": 0.9790508462610967,
                "f1-score": 0.976895713732258,
                "support": 56661
            },
            "2": {
                "precision": 0.9738131914297717,
                "recall": 0.9724514053978465,
                "f1-score": 0.9731318219983207,
                "support": 7151
            },
            "3": {
                "precision": 0.8969258589511754,
                "recall": 0.9034608378870674,
                "f1-score": 0.9001814882032669,
                "support": 549
            },
            "4": {
                "precision": 0.9084619478445982,
                "recall": 0.8988941548183255,
                "f1-score": 0.9036527263102171,
                "support": 1899
            },
            "5": {
                "precision": 0.9521078290794379,
                "recall": 0.9559458681255398,
                "f1-score": 0.9540229885057472,
                "support": 3473
            },
            "6": {
                "precision": 0.9745907647202541,
                "recall": 0.9724524622135544,
                "f1-score": 0.9735204392922514,
                "support": 4102
            },
            "accuracy": 0.9728062098224659,
            "macro avg": {
                "precision": 0.9508663341883927,
                "recall": 0.9503425907323416,
                "f1-score": 0.9505966663468293,
                "support": 116203
            },
            "weighted avg": {
                "precision": 0.9728014244786727,
                "recall": 0.9728062098224659,
                "f1-score": 0.9727982485428827,
                "support": 116203
            },
            "score": 0.9728062098224659
        }
    }
}
