{
    "program": "bin/ensemble.py",
    "single_program": "/slot/sandbox/d/in/script/0_script_unpacked/pretrains/bin/finetune___d20b915e43354c7eb4299c27c879a349.py",
    "config": {
        "seeds": [
            "0",
            "1",
            "2",
            "3",
            "4"
        ]
    },
    "prediction_type": "probs",
    "metrics": {
        "train": {
            "0": {
                "precision": 0.9323308270676691,
                "recall": 0.9897377423033067,
                "f1-score": 0.9601769911504424,
                "support": 1754
            },
            "1": {
                "precision": 0.9752883031301482,
                "recall": 0.9278996865203761,
                "f1-score": 0.951004016064257,
                "support": 638
            },
            "2": {
                "precision": 0.9962034927866363,
                "recall": 0.977645305514158,
                "f1-score": 0.9868371568258745,
                "support": 1342
            },
            "3": {
                "precision": 0.998546511627907,
                "recall": 0.9870689655172413,
                "f1-score": 0.9927745664739884,
                "support": 696
            },
            "4": {
                "precision": 0.9956616052060737,
                "recall": 0.972457627118644,
                "f1-score": 0.9839228295819935,
                "support": 1888
            },
            "accuracy": 0.9754669199113644,
            "macro avg": {
                "precision": 0.9796061479636868,
                "recall": 0.9709618653947452,
                "f1-score": 0.9749431120193112,
                "support": 6318
            },
            "weighted avg": {
                "precision": 0.9764553305026088,
                "recall": 0.9754669199113644,
                "f1-score": 0.9756004858663967,
                "support": 6318
            },
            "score": 0.9754669199113644
        },
        "val": {
            "0": {
                "precision": 0.7321428571428571,
                "recall": 0.8405466970387244,
                "f1-score": 0.782608695652174,
                "support": 439
            },
            "1": {
                "precision": 0.6642857142857143,
                "recall": 0.58125,
                "f1-score": 0.62,
                "support": 160
            },
            "2": {
                "precision": 0.6976744186046512,
                "recall": 0.6268656716417911,
                "f1-score": 0.6603773584905661,
                "support": 335
            },
            "3": {
                "precision": 0.6545454545454545,
                "recall": 0.6206896551724138,
                "f1-score": 0.6371681415929203,
                "support": 174
            },
            "4": {
                "precision": 0.7340425531914894,
                "recall": 0.7309322033898306,
                "f1-score": 0.732484076433121,
                "support": 472
            },
            "accuracy": 0.7120253164556962,
            "macro avg": {
                "precision": 0.6965381995540334,
                "recall": 0.6800568454485519,
                "f1-score": 0.6865276544337563,
                "support": 1580
            },
            "weighted avg": {
                "precision": 0.7099850335451131,
                "recall": 0.7120253164556962,
                "f1-score": 0.7092350463286362,
                "support": 1580
            },
            "score": 0.7120253164556962
        },
        "test": {
            "0": {
                "precision": 0.7458471760797342,
                "recall": 0.8193430656934306,
                "f1-score": 0.7808695652173911,
                "support": 548
            },
            "1": {
                "precision": 0.6483516483516484,
                "recall": 0.59,
                "f1-score": 0.6178010471204188,
                "support": 200
            },
            "2": {
                "precision": 0.683377308707124,
                "recall": 0.6166666666666667,
                "f1-score": 0.6483103879849812,
                "support": 420
            },
            "3": {
                "precision": 0.6166666666666667,
                "recall": 0.511520737327189,
                "f1-score": 0.5591939546599496,
                "support": 217
            },
            "4": {
                "precision": 0.6835443037974683,
                "recall": 0.7322033898305085,
                "f1-score": 0.7070376432078559,
                "support": 590
            },
            "accuracy": 0.6931645569620253,
            "macro avg": {
                "precision": 0.6755574207205284,
                "recall": 0.653946771903559,
                "f1-score": 0.6626425196381194,
                "support": 1975
            },
            "weighted avg": {
                "precision": 0.6898839785955387,
                "recall": 0.6931645569620253,
                "f1-score": 0.6897541224155698,
                "support": 1975
            },
            "score": 0.6931645569620253
        }
    }
}
