{
    "program": "bin/ensemble.py",
    "single_program": "/slot/sandbox/d/in/script/0_script_unpacked/pretrains/bin/pretrain_mask___41a66d9e6e4a450aa73b706f17e60857.py",
    "config": {
        "seeds": [
            "0",
            "1",
            "2",
            "3",
            "4"
        ]
    },
    "prediction_type": null,
    "metrics": {
        "train": {
            "rmse": 0.27612626398714835,
            "score": -0.27612626398714835
        },
        "val": {
            "rmse": 0.42609442762943034,
            "score": -0.42609442762943034
        },
        "test": {
            "rmse": 0.4193016204782581,
            "score": -0.4193016204782581
        }
    }
}
