{
    "program": "bin/ensemble.py",
    "single_program": "/slot/sandbox/d/in/script/0_script_unpacked/pretrains/bin/pretrain_contrastive___8524fac1bf21435898b9765e3a08dd14.py",
    "config": {
        "seeds": [
            "0",
            "1",
            "2",
            "3",
            "4"
        ]
    },
    "prediction_type": "probs",
    "metrics": {
        "train": {
            "0": {
                "precision": 0.8998605165696696,
                "recall": 0.9460935524652339,
                "f1-score": 0.9223980673470394,
                "support": 19775
            },
            "1": {
                "precision": 0.7972227506182233,
                "recall": 0.6681013868962219,
                "f1-score": 0.7269731136166522,
                "support": 6273
            },
            "accuracy": 0.8791461916461917,
            "macro avg": {
                "precision": 0.8485416335939464,
                "recall": 0.8070974696807278,
                "f1-score": 0.8246855904818458,
                "support": 26048
            },
            "weighted avg": {
                "precision": 0.875142814411599,
                "recall": 0.8791461916461917,
                "f1-score": 0.8753349248888576,
                "support": 26048
            },
            "roc_auc": 0.9370683943769608,
            "score": 0.9370683943769608
        },
        "val": {
            "0": {
                "precision": 0.8858131487889274,
                "recall": 0.931850353892821,
                "f1-score": 0.9082487434709767,
                "support": 4945
            },
            "1": {
                "precision": 0.7429443173150267,
                "recall": 0.6211734693877551,
                "f1-score": 0.6766238277179576,
                "support": 1568
            },
            "accuracy": 0.8570551205281745,
            "macro avg": {
                "precision": 0.814378733051977,
                "recall": 0.7765119116402881,
                "f1-score": 0.7924362855944671,
                "support": 6513
            },
            "weighted avg": {
                "precision": 0.8514175818073405,
                "recall": 0.8570551205281745,
                "f1-score": 0.8524852139299459,
                "support": 6513
            },
            "roc_auc": 0.9155772812158229,
            "score": 0.9155772812158229
        },
        "test": {
            "0": {
                "precision": 0.8864329268292683,
                "recall": 0.9352633695215119,
                "f1-score": 0.9101936998630407,
                "support": 12435
            },
            "1": {
                "precision": 0.7453337551407783,
                "recall": 0.6125845033801353,
                "f1-score": 0.672470386756101,
                "support": 3846
            },
            "accuracy": 0.8590381426202321,
            "macro avg": {
                "precision": 0.8158833409850232,
                "recall": 0.7739239364508236,
                "f1-score": 0.7913320433095709,
                "support": 16281
            },
            "weighted avg": {
                "precision": 0.8531015949507638,
                "recall": 0.8590381426202321,
                "f1-score": 0.8540372068829233,
                "support": 16281
            },
            "roc_auc": 0.9117046185667289,
            "score": 0.9117046185667289
        }
    }
}
