{
    "program": "bin/ensemble.py",
    "single_program": "/slot/sandbox/d/in/script/0_script_unpacked/pretrains/bin/augmented_supervised___2b2e40a1425a4063a981bb60d1d57bc2.py",
    "config": {
        "seeds": [
            "10",
            "11",
            "12",
            "13",
            "14"
        ]
    },
    "prediction_type": "probs",
    "metrics": {
        "train": {
            "0": {
                "precision": 0.9616822429906542,
                "recall": 0.8331983805668016,
                "f1-score": 0.8928416485900217,
                "support": 1235
            },
            "1": {
                "precision": 0.7870525259284041,
                "recall": 0.9119984493118821,
                "f1-score": 0.844931310047589,
                "support": 10318
            },
            "2": {
                "precision": 0.7476122254059216,
                "recall": 0.6112846544318625,
                "f1-score": 0.6726100966702471,
                "support": 5122
            },
            "3": {
                "precision": 0.923904052936311,
                "recall": 0.648664343786295,
                "f1-score": 0.7621972023200273,
                "support": 1722
            },
            "4": {
                "precision": 0.9581497797356828,
                "recall": 0.9925841414717627,
                "f1-score": 0.975063042869151,
                "support": 1753
            },
            "5": {
                "precision": 0.9863348516831463,
                "recall": 0.981428255582578,
                "f1-score": 0.9838754363606139,
                "support": 9046
            },
            "6": {
                "precision": 0.925476603119584,
                "recall": 0.8816730875068794,
                "f1-score": 0.90304396843292,
                "support": 1817
            },
            "7": {
                "precision": 0.9720793534166055,
                "recall": 0.9769244969540336,
                "f1-score": 0.9744959027713839,
                "support": 5417
            },
            "8": {
                "precision": 0.9460138104205901,
                "recall": 0.9504888047934406,
                "f1-score": 0.9482460280006292,
                "support": 3171
            },
            "accuracy": 0.8891947173051186,
            "macro avg": {
                "precision": 0.9120339384041001,
                "recall": 0.8653605127117262,
                "f1-score": 0.8841449595625093,
                "support": 39601
            },
            "weighted avg": {
                "precision": 0.890833423415578,
                "recall": 0.8891947173051186,
                "f1-score": 0.886701327058224,
                "support": 39601
            },
            "logloss": 0.2937629144817981,
            "score": -0.2937629144817981
        },
        "val": {
            "0": {
                "precision": 0.7545454545454545,
                "recall": 0.538961038961039,
                "f1-score": 0.6287878787878788,
                "support": 308
            },
            "1": {
                "precision": 0.7352941176470589,
                "recall": 0.872093023255814,
                "f1-score": 0.7978723404255319,
                "support": 2580
            },
            "2": {
                "precision": 0.6468330134357005,
                "recall": 0.5261514441842311,
                "f1-score": 0.5802841153680585,
                "support": 1281
            },
            "3": {
                "precision": 0.83203125,
                "recall": 0.494199535962877,
                "f1-score": 0.6200873362445415,
                "support": 431
            },
            "4": {
                "precision": 0.9340659340659341,
                "recall": 0.9703196347031964,
                "f1-score": 0.9518477043673012,
                "support": 438
            },
            "5": {
                "precision": 0.9484902309058615,
                "recall": 0.9442970822281167,
                "f1-score": 0.9463890119627826,
                "support": 2262
            },
            "6": {
                "precision": 0.7909738717339667,
                "recall": 0.7334801762114538,
                "f1-score": 0.7611428571428571,
                "support": 454
            },
            "7": {
                "precision": 0.91816223977028,
                "recall": 0.9446085672082718,
                "f1-score": 0.9311976701856571,
                "support": 1354
            },
            "8": {
                "precision": 0.8740648379052369,
                "recall": 0.8839848675914249,
                "f1-score": 0.8789968652037617,
                "support": 793
            },
            "accuracy": 0.8258761741238259,
            "macro avg": {
                "precision": 0.8260512166677214,
                "recall": 0.7675661522562695,
                "f1-score": 0.7885117532987078,
                "support": 9901
            },
            "weighted avg": {
                "precision": 0.8248349046354424,
                "recall": 0.8258761741238259,
                "f1-score": 0.8205095601379588,
                "support": 9901
            },
            "logloss": 0.45003533883996927,
            "score": -0.45003533883996927
        },
        "test": {
            "0": {
                "precision": 0.774074074074074,
                "recall": 0.5414507772020726,
                "f1-score": 0.6371951219512195,
                "support": 386
            },
            "1": {
                "precision": 0.7383720930232558,
                "recall": 0.8666253101736973,
                "f1-score": 0.7973744292237442,
                "support": 3224
            },
            "2": {
                "precision": 0.6299151888974557,
                "recall": 0.5103060587133041,
                "f1-score": 0.5638371290545203,
                "support": 1601
            },
            "3": {
                "precision": 0.7857142857142857,
                "recall": 0.5111524163568774,
                "f1-score": 0.6193693693693694,
                "support": 538
            },
            "4": {
                "precision": 0.9337979094076655,
                "recall": 0.9781021897810219,
                "f1-score": 0.9554367201426025,
                "support": 548
            },
            "5": {
                "precision": 0.9468122578372666,
                "recall": 0.9508312698974177,
                "f1-score": 0.9488175079421108,
                "support": 2827
            },
            "6": {
                "precision": 0.7876984126984127,
                "recall": 0.698943661971831,
                "f1-score": 0.7406716417910448,
                "support": 568
            },
            "7": {
                "precision": 0.9195402298850575,
                "recall": 0.9450679267572357,
                "f1-score": 0.9321293329449462,
                "support": 1693
            },
            "8": {
                "precision": 0.8732809430255403,
                "recall": 0.8970736629667003,
                "f1-score": 0.8850174216027875,
                "support": 991
            },
            "accuracy": 0.8245798319327731,
            "macro avg": {
                "precision": 0.8210228216181128,
                "recall": 0.7666170304244619,
                "f1-score": 0.7866498526691496,
                "support": 12376
            },
            "weighted avg": {
                "precision": 0.8216296018945092,
                "recall": 0.8245798319327731,
                "f1-score": 0.818871329738162,
                "support": 12376
            },
            "logloss": 0.4464817615201317,
            "score": -0.4464817615201317
        }
    }
}
