{
    "program": "bin/ensemble.py",
    "single_program": "/slot/sandbox/d/in/script/0_script_unpacked/pretrains/bin/finetune___522d23c855a64abf9abf3e112ac8e0bc.py",
    "config": {
        "seeds": [
            "0",
            "1",
            "2",
            "3",
            "4"
        ]
    },
    "prediction_type": "probs",
    "metrics": {
        "train": {
            "0": {
                "precision": 0.7545618183743338,
                "recall": 0.7227029950645663,
                "f1-score": 0.7382888716222049,
                "support": 29582
            },
            "1": {
                "precision": 0.7616654076355396,
                "recall": 0.7903464077904067,
                "f1-score": 0.7757408969180465,
                "support": 33169
            },
            "accuracy": 0.758458032541314,
            "macro avg": {
                "precision": 0.7581136130049366,
                "recall": 0.7565247014274865,
                "f1-score": 0.7570148842701256,
                "support": 62751
            },
            "weighted avg": {
                "precision": 0.7583166422369804,
                "recall": 0.758458032541314,
                "f1-score": 0.7580853087632508,
                "support": 62751
            },
            "roc_auc": 0.8414375693818826,
            "score": 0.8414375693818826
        },
        "val": {
            "0": {
                "precision": 0.7352641536894193,
                "recall": 0.683071930773391,
                "f1-score": 0.7082077521553235,
                "support": 7396
            },
            "1": {
                "precision": 0.7341499376205058,
                "recall": 0.7806319343945972,
                "f1-score": 0.7566777719329009,
                "support": 8292
            },
            "accuracy": 0.7346379398266191,
            "macro avg": {
                "precision": 0.7347070456549626,
                "recall": 0.7318519325839941,
                "f1-score": 0.7324427620441122,
                "support": 15688
            },
            "weighted avg": {
                "precision": 0.7346752271440706,
                "recall": 0.7346379398266191,
                "f1-score": 0.7338269135522939,
                "support": 15688
            },
            "roc_auc": 0.8144520156917194,
            "score": 0.8144520156917194
        },
        "test": {
            "0": {
                "precision": 0.7220389122767096,
                "recall": 0.6864250946457544,
                "f1-score": 0.7037817455916602,
                "support": 9245
            },
            "1": {
                "precision": 0.7320950004620645,
                "recall": 0.7643029425952725,
                "f1-score": 0.7478523553289909,
                "support": 10365
            },
            "accuracy": 0.7275879653238144,
            "macro avg": {
                "precision": 0.727066956369387,
                "recall": 0.7253640186205135,
                "f1-score": 0.7258170504603255,
                "support": 19610
            },
            "weighted avg": {
                "precision": 0.7273541266592289,
                "recall": 0.7275879653238144,
                "f1-score": 0.7270755686374243,
                "support": 19610
            },
            "roc_auc": 0.8078368484861767,
            "score": 0.8078368484861767
        }
    }
}
