{
    "program": "bin/ensemble.py",
    "single_program": "/slot/sandbox/d/in/script/0_script_unpacked/pretrains/bin/pretrain_ae___d2999068a8d84efea4a73ce1996de676.py",
    "config": {
        "seeds": [
            "5",
            "6",
            "7",
            "8",
            "9"
        ]
    },
    "prediction_type": null,
    "metrics": {
        "train": {
            "rmse": 3.139448896026656,
            "score": -3.139448896026656
        },
        "val": {
            "rmse": 5.030378964871903,
            "score": -5.030378964871903
        },
        "test": {
            "rmse": 5.353120074888897,
            "score": -5.353120074888897
        }
    }
}
