{
    "program": "bin/ensemble.py",
    "single_program": "/slot/sandbox/d/in/script/0_script_unpacked/pretrains/bin/pretrain_mask___046bd19321fc4fb8bfbb3ff881be1101.py",
    "config": {
        "seeds": [
            "5",
            "6",
            "7",
            "8",
            "9"
        ]
    },
    "prediction_type": null,
    "metrics": {
        "train": {
            "rmse": 0.3158985619409426,
            "score": -0.3158985619409426
        },
        "val": {
            "rmse": 0.44590510838882336,
            "score": -0.44590510838882336
        },
        "test": {
            "rmse": 0.4480566808608171,
            "score": -0.4480566808608171
        }
    }
}
