{
    "program": "bin/ensemble.py",
    "single_program": "/slot/sandbox/d/in/script/0_script_unpacked/pretrains/bin/pretrain_ae_supervised___e6dd3392f3d14ba2924df4a2eaced401.py",
    "config": {
        "seeds": [
            "0",
            "1",
            "2",
            "3",
            "4"
        ]
    },
    "prediction_type": "probs",
    "metrics": {
        "train": {
            "0": {
                "precision": 0.7666426833864391,
                "recall": 0.7564059225204516,
                "f1-score": 0.7614899011383552,
                "support": 29582
            },
            "1": {
                "precision": 0.785305684662138,
                "recall": 0.7946576622750158,
                "f1-score": 0.7899539957742047,
                "support": 33169
            },
            "accuracy": 0.7766250737040047,
            "macro avg": {
                "precision": 0.7759741840242886,
                "recall": 0.7755317923977336,
                "f1-score": 0.77572194845628,
                "support": 62751
            },
            "weighted avg": {
                "precision": 0.7765075953290959,
                "recall": 0.7766250737040047,
                "f1-score": 0.7765354869453781,
                "support": 62751
            },
            "roc_auc": 0.8583414273406363,
            "score": 0.8583414273406363
        },
        "val": {
            "0": {
                "precision": 0.7316969953449005,
                "recall": 0.7013250405624663,
                "f1-score": 0.7161891612012428,
                "support": 7396
            },
            "1": {
                "precision": 0.7431096639144087,
                "recall": 0.7706222865412445,
                "f1-score": 0.7566159493221242,
                "support": 8292
            },
            "accuracy": 0.7379525752167262,
            "macro avg": {
                "precision": 0.7374033296296546,
                "recall": 0.7359736635518555,
                "f1-score": 0.7364025552616835,
                "support": 15688
            },
            "weighted avg": {
                "precision": 0.7377292395939037,
                "recall": 0.7379525752167262,
                "f1-score": 0.7375570173395872,
                "support": 15688
            },
            "roc_auc": 0.8185262639848869,
            "score": 0.8185262639848869
        },
        "test": {
            "0": {
                "precision": 0.7190949227373068,
                "recall": 0.7047052460789616,
                "f1-score": 0.7118273695711552,
                "support": 9245
            },
            "1": {
                "precision": 0.7412322274881517,
                "recall": 0.7544621321755909,
                "f1-score": 0.7477886684197944,
                "support": 10365
            },
            "accuracy": 0.7310045894951556,
            "macro avg": {
                "precision": 0.7301635751127292,
                "recall": 0.7295836891272762,
                "f1-score": 0.7298080189954748,
                "support": 19610
            },
            "weighted avg": {
                "precision": 0.730795746997506,
                "recall": 0.7310045894951556,
                "f1-score": 0.7308349607270015,
                "support": 19610
            },
            "roc_auc": 0.8102671944026797,
            "score": 0.8102671944026797
        }
    }
}
