{
    "program": "bin/ensemble.py",
    "single_program": "/slot/sandbox/d/in/script/0_script_unpacked/pretrains/bin/augmented_supervised___4ff3f65ac4824f2d8f9e37076521fa66.py",
    "config": {
        "seeds": [
            "10",
            "11",
            "12",
            "13",
            "14"
        ]
    },
    "prediction_type": "probs",
    "metrics": {
        "train": {
            "0": {
                "precision": 0.7977930840596008,
                "recall": 0.767426137516057,
                "f1-score": 0.782315034977084,
                "support": 29582
            },
            "1": {
                "precision": 0.7993876658405016,
                "recall": 0.8265247671018119,
                "f1-score": 0.812729752164117,
                "support": 33169
            },
            "accuracy": 0.798664563114532,
            "macro avg": {
                "precision": 0.7985903749500511,
                "recall": 0.7969754523089345,
                "f1-score": 0.7975223935706005,
                "support": 62751
            },
            "weighted avg": {
                "precision": 0.7986359500392777,
                "recall": 0.798664563114532,
                "f1-score": 0.7983916832277366,
                "support": 62751
            },
            "roc_auc": 0.8859354307561782,
            "score": 0.8859354307561782
        },
        "val": {
            "0": {
                "precision": 0.736857476635514,
                "recall": 0.6822606814494321,
                "f1-score": 0.7085088458298231,
                "support": 7396
            },
            "1": {
                "precision": 0.7341628959276018,
                "recall": 0.7826821032320309,
                "f1-score": 0.7576465094559888,
                "support": 8292
            },
            "accuracy": 0.7353391126976032,
            "macro avg": {
                "precision": 0.7355101862815578,
                "recall": 0.7324713923407316,
                "f1-score": 0.733077677642906,
                "support": 15688
            },
            "weighted avg": {
                "precision": 0.7354332375209035,
                "recall": 0.7353391126976032,
                "f1-score": 0.7344808949621641,
                "support": 15688
            },
            "roc_auc": 0.8186394837485328,
            "score": 0.8186394837485328
        },
        "test": {
            "0": {
                "precision": 0.7298665439484584,
                "recall": 0.6862087614926987,
                "f1-score": 0.707364665217149,
                "support": 9245
            },
            "1": {
                "precision": 0.7342919948708555,
                "recall": 0.7734684032802701,
                "f1-score": 0.7533712352581873,
                "support": 10365
            },
            "accuracy": 0.7323304436511984,
            "macro avg": {
                "precision": 0.732079269409657,
                "recall": 0.7298385823864844,
                "f1-score": 0.7303679502376681,
                "support": 19610
            },
            "weighted avg": {
                "precision": 0.7322056463865331,
                "recall": 0.7323304436511984,
                "f1-score": 0.7316817533596968,
                "support": 19610
            },
            "roc_auc": 0.8121496789571135,
            "score": 0.8121496789571135
        }
    }
}
