{
    "program": "bin/ensemble.py",
    "single_program": "/slot/sandbox/d/in/script/0_script_unpacked/pretrains/bin/pretrain_ae_supervised_ddp___5de0008abdec47658b3334c4198993a9.py",
    "config": {
        "seeds": [
            "5",
            "6",
            "7",
            "8",
            "9"
        ]
    },
    "prediction_type": null,
    "metrics": {
        "train": {
            "rmse": 0.7062180121548365,
            "score": -0.7062180121548365
        },
        "val": {
            "rmse": 0.742282793722876,
            "score": -0.742282793722876
        },
        "test": {
            "rmse": 0.7465004867589539,
            "score": -0.7465004867589539
        }
    }
}
