{
    "program": "bin/ensemble.py",
    "single_program": "/slot/sandbox/d/in/script/0_script_unpacked/pretrains/bin/pretrain_ae_supervised___05326fd5ee7b4d9ead8ed625dc2410b3.py",
    "config": {
        "seeds": [
            "5",
            "6",
            "7",
            "8",
            "9"
        ]
    },
    "prediction_type": null,
    "metrics": {
        "train": {
            "rmse": 3.32648301956876,
            "score": -3.32648301956876
        },
        "val": {
            "rmse": 5.104438154728228,
            "score": -5.104438154728228
        },
        "test": {
            "rmse": 5.4206602905526715,
            "score": -5.4206602905526715
        }
    }
}
