{
    "program": "bin/ensemble.py",
    "single_program": "/slot/sandbox/d/in/script/0_script_unpacked/pretrains/bin/pretrain_ae_supervised___dd96cb44a99d417ca888d581fc704029.py",
    "config": {
        "seeds": [
            "0",
            "1",
            "2",
            "3",
            "4"
        ]
    },
    "prediction_type": null,
    "metrics": {
        "train": {
            "rmse": 0.7104588538720337,
            "score": -0.7104588538720337
        },
        "val": {
            "rmse": 0.7413619597661452,
            "score": -0.7413619597661452
        },
        "test": {
            "rmse": 0.7453271870087559,
            "score": -0.7453271870087559
        }
    }
}
