{
    "program": "bin/ensemble.py",
    "single_program": "/slot/sandbox/d/in/script/0_script_unpacked/pretrains/bin/pretrain_mask___78e4007a9bec4c2aa06dd766296c1fc8.py",
    "config": {
        "seeds": [
            "0",
            "1",
            "2",
            "3",
            "4"
        ]
    },
    "prediction_type": "probs",
    "metrics": {
        "train": {
            "0": {
                "precision": 0.887987012987013,
                "recall": 0.9660518053375197,
                "f1-score": 0.9253759398496241,
                "support": 5096
            },
            "1": {
                "precision": 0.7978971962616822,
                "recall": 0.5237730061349694,
                "f1-score": 0.6324074074074074,
                "support": 1304
            },
            "accuracy": 0.8759375,
            "macro avg": {
                "precision": 0.8429421046243476,
                "recall": 0.7449124057362445,
                "f1-score": 0.7788916736285157,
                "support": 6400
            },
            "weighted avg": {
                "precision": 0.8696312128292268,
                "recall": 0.8759375,
                "f1-score": 0.8656836013645226,
                "support": 6400
            },
            "roc_auc": 0.8948910970712022,
            "score": 0.8948910970712022
        },
        "val": {
            "0": {
                "precision": 0.8788310762651461,
                "recall": 0.9678178963893249,
                "f1-score": 0.921180425849832,
                "support": 1274
            },
            "1": {
                "precision": 0.7918781725888325,
                "recall": 0.4785276073619632,
                "f1-score": 0.5965583173996176,
                "support": 326
            },
            "accuracy": 0.868125,
            "macro avg": {
                "precision": 0.8353546244269894,
                "recall": 0.7231727518756441,
                "f1-score": 0.7588693716247248,
                "support": 1600
            },
            "weighted avg": {
                "precision": 0.8611144221410973,
                "recall": 0.868125,
                "f1-score": 0.8550386712531008,
                "support": 1600
            },
            "roc_auc": 0.87968670242991,
            "score": 0.87968670242991
        },
        "test": {
            "0": {
                "precision": 0.8757126567844926,
                "recall": 0.9642184557438794,
                "f1-score": 0.9178368688377653,
                "support": 1593
            },
            "1": {
                "precision": 0.7682926829268293,
                "recall": 0.4643734643734644,
                "f1-score": 0.5788667687595712,
                "support": 407
            },
            "accuracy": 0.8625,
            "macro avg": {
                "precision": 0.822002669855661,
                "recall": 0.7142959600586719,
                "f1-score": 0.7483518187986682,
                "support": 2000
            },
            "weighted avg": {
                "precision": 0.8538526921044581,
                "recall": 0.8625,
                "f1-score": 0.8488564534718528,
                "support": 2000
            },
            "roc_auc": 0.8675316302434946,
            "score": 0.8675316302434946
        }
    }
}
