{
    "program": "bin/ensemble.py",
    "single_program": "/slot/sandbox/d/in/script/0_script_unpacked/pretrains/bin/pretrain_mask_supervised___4ef14f031dfb40ae87f285595a8e9a42.py",
    "config": {
        "seeds": [
            "5",
            "6",
            "7",
            "8",
            "9"
        ]
    },
    "prediction_type": null,
    "metrics": {
        "train": {
            "rmse": 3.920324787322425,
            "score": -3.920324787322425
        },
        "val": {
            "rmse": 5.311762792456153,
            "score": -5.311762792456153
        },
        "test": {
            "rmse": 5.592681638230108,
            "score": -5.592681638230108
        }
    }
}
