{
    "program": "bin/ensemble.py",
    "single_program": "/slot/sandbox/d/in/script/0_script_unpacked/pretrains/bin/pretrain_ae___ead93e2289c24b5995bf5a8169cd599b.py",
    "config": {
        "seeds": [
            "5",
            "6",
            "7",
            "8",
            "9"
        ]
    },
    "prediction_type": "probs",
    "metrics": {
        "train": {
            "0": {
                "precision": 0.9010323268550381,
                "recall": 0.9401264222503161,
                "f1-score": 0.9201643238962581,
                "support": 19775
            },
            "1": {
                "precision": 0.78134810710988,
                "recall": 0.6744779212498008,
                "f1-score": 0.723990417522245,
                "support": 6273
            },
            "accuracy": 0.8761517199017199,
            "macro avg": {
                "precision": 0.841190216982459,
                "recall": 0.8073021717500584,
                "f1-score": 0.8220773707092516,
                "support": 26048
            },
            "weighted avg": {
                "precision": 0.8722094187445736,
                "recall": 0.8761517199017199,
                "f1-score": 0.872920815193702,
                "support": 26048
            },
            "roc_auc": 0.9340422935128435,
            "score": 0.9340422935128435
        },
        "val": {
            "0": {
                "precision": 0.8893410852713178,
                "recall": 0.9280080889787664,
                "f1-score": 0.9082632360217714,
                "support": 4945
            },
            "1": {
                "precision": 0.7368810051736882,
                "recall": 0.6358418367346939,
                "f1-score": 0.6826429305032522,
                "support": 1568
            },
            "accuracy": 0.8576692768309535,
            "macro avg": {
                "precision": 0.813111045222503,
                "recall": 0.7819249628567302,
                "f1-score": 0.7954530832625117,
                "support": 6513
            },
            "weighted avg": {
                "precision": 0.8526364321785674,
                "recall": 0.8576692768309535,
                "f1-score": 0.8539453120154704,
                "support": 6513
            },
            "roc_auc": 0.9140690452116136,
            "score": 0.9140690452116136
        },
        "test": {
            "0": {
                "precision": 0.8896843725943033,
                "recall": 0.9293928427824688,
                "f1-score": 0.9091052114060965,
                "support": 12435
            },
            "1": {
                "precision": 0.7332117897295655,
                "recall": 0.6274050962038481,
                "f1-score": 0.6761944794731679,
                "support": 3846
            },
            "accuracy": 0.858055402002334,
            "macro avg": {
                "precision": 0.8114480811619345,
                "recall": 0.7783989694931585,
                "f1-score": 0.7926498454396322,
                "support": 16281
            },
            "weighted avg": {
                "precision": 0.8527214370437977,
                "recall": 0.858055402002334,
                "f1-score": 0.8540855765547948,
                "support": 16281
            },
            "roc_auc": 0.9105953976800006,
            "score": 0.9105953976800006
        }
    }
}
