{
    "program": "bin/ensemble.py",
    "single_program": "/home/irubachev/repos/pretrains/bin/finetune_ddp___ab457b1f1d3346f9a86ae13a1cfbb16c.py",
    "config": {
        "seeds": [
            "0",
            "1",
            "2",
            "3",
            "4"
        ]
    },
    "prediction_type": null,
    "metrics": {
        "train": {
            "rmse": 1.634167116640922,
            "score": -1.634167116640922
        },
        "val": {
            "rmse": 1.8512064773211512,
            "score": -1.8512064773211512
        },
        "test": {
            "rmse": 1.8504897537184821,
            "score": -1.8504897537184821
        }
    }
}
