{
    "program": "bin/ensemble.py",
    "single_program": "/slot/sandbox/d/in/script/0_script_unpacked/pretrains/bin/pretrain_ae_supervised___48da301b58944402bf8d8829822b7966.py",
    "config": {
        "seeds": [
            "5",
            "6",
            "7",
            "8",
            "9"
        ]
    },
    "prediction_type": "probs",
    "metrics": {
        "train": {
            "0": {
                "precision": 0.9203619909502262,
                "recall": 0.8234817813765182,
                "f1-score": 0.8692307692307691,
                "support": 1235
            },
            "1": {
                "precision": 0.7902186811323954,
                "recall": 0.9035665826710603,
                "f1-score": 0.8431000180864533,
                "support": 10318
            },
            "2": {
                "precision": 0.7411847672778561,
                "recall": 0.6155798516204608,
                "f1-score": 0.6725682593856656,
                "support": 5122
            },
            "3": {
                "precision": 0.8731744811683321,
                "recall": 0.6596980255516841,
                "f1-score": 0.7515712868011909,
                "support": 1722
            },
            "4": {
                "precision": 0.9795918367346939,
                "recall": 0.9857387335995437,
                "f1-score": 0.9826556724481093,
                "support": 1753
            },
            "5": {
                "precision": 0.9797611147976112,
                "recall": 0.9793278797258457,
                "f1-score": 0.9795444493586909,
                "support": 9046
            },
            "6": {
                "precision": 0.8852553069420539,
                "recall": 0.8492019812878371,
                "f1-score": 0.8668539325842697,
                "support": 1817
            },
            "7": {
                "precision": 0.9664392402729117,
                "recall": 0.9675096917112793,
                "f1-score": 0.9669741697416975,
                "support": 5417
            },
            "8": {
                "precision": 0.9470198675496688,
                "recall": 0.9470198675496688,
                "f1-score": 0.9470198675496688,
                "support": 3171
            },
            "accuracy": 0.8838918209136133,
            "macro avg": {
                "precision": 0.8981119207584166,
                "recall": 0.8590138216770997,
                "f1-score": 0.875502047242946,
                "support": 39601
            },
            "weighted avg": {
                "precision": 0.8842436311417343,
                "recall": 0.8838918209136133,
                "f1-score": 0.8815795945243227,
                "support": 39601
            },
            "logloss": 0.30436167132071995,
            "score": -0.30436167132071995
        },
        "val": {
            "0": {
                "precision": 0.6956521739130435,
                "recall": 0.5714285714285714,
                "f1-score": 0.6274509803921569,
                "support": 308
            },
            "1": {
                "precision": 0.7452547452547452,
                "recall": 0.8674418604651163,
                "f1-score": 0.8017195056421279,
                "support": 2580
            },
            "2": {
                "precision": 0.6580952380952381,
                "recall": 0.5394223263075723,
                "f1-score": 0.5928785928785929,
                "support": 1281
            },
            "3": {
                "precision": 0.773972602739726,
                "recall": 0.5243619489559165,
                "f1-score": 0.6251728907330567,
                "support": 431
            },
            "4": {
                "precision": 0.9723502304147466,
                "recall": 0.9634703196347032,
                "f1-score": 0.9678899082568808,
                "support": 438
            },
            "5": {
                "precision": 0.9514692787177204,
                "recall": 0.9447391688771,
                "f1-score": 0.948092280390417,
                "support": 2262
            },
            "6": {
                "precision": 0.7724137931034483,
                "recall": 0.7400881057268722,
                "f1-score": 0.7559055118110236,
                "support": 454
            },
            "7": {
                "precision": 0.9242534595775673,
                "recall": 0.9372230428360414,
                "f1-score": 0.9306930693069307,
                "support": 1354
            },
            "8": {
                "precision": 0.8601226993865031,
                "recall": 0.8839848675914249,
                "f1-score": 0.8718905472636815,
                "support": 793
            },
            "accuracy": 0.8277951722048278,
            "macro avg": {
                "precision": 0.8170649134669709,
                "recall": 0.7746844679803686,
                "f1-score": 0.7912992540749852,
                "support": 9901
            },
            "weighted avg": {
                "precision": 0.8257676558362703,
                "recall": 0.8277951722048278,
                "f1-score": 0.823541809932777,
                "support": 9901
            },
            "logloss": 0.44564014387251144,
            "score": -0.44564014387251144
        },
        "test": {
            "0": {
                "precision": 0.7258064516129032,
                "recall": 0.582901554404145,
                "f1-score": 0.6465517241379309,
                "support": 386
            },
            "1": {
                "precision": 0.7411953041622199,
                "recall": 0.8616625310173698,
                "f1-score": 0.7969018932874354,
                "support": 3224
            },
            "2": {
                "precision": 0.6289697908597986,
                "recall": 0.5071830106183636,
                "f1-score": 0.5615491009681882,
                "support": 1601
            },
            "3": {
                "precision": 0.7448979591836735,
                "recall": 0.5427509293680297,
                "f1-score": 0.6279569892473118,
                "support": 538
            },
            "4": {
                "precision": 0.9744058500914077,
                "recall": 0.9726277372262774,
                "f1-score": 0.9735159817351599,
                "support": 548
            },
            "5": {
                "precision": 0.952753108348135,
                "recall": 0.9487088786699681,
                "f1-score": 0.9507266926621765,
                "support": 2827
            },
            "6": {
                "precision": 0.7627118644067796,
                "recall": 0.7130281690140845,
                "f1-score": 0.7370336669699726,
                "support": 568
            },
            "7": {
                "precision": 0.9210220673635308,
                "recall": 0.9367985823981099,
                "f1-score": 0.9288433382137627,
                "support": 1693
            },
            "8": {
                "precision": 0.8715686274509804,
                "recall": 0.8970736629667003,
                "f1-score": 0.8841372451516658,
                "support": 991
            },
            "accuracy": 0.8243374272786037,
            "macro avg": {
                "precision": 0.8137034470532699,
                "recall": 0.7736372284092277,
                "f1-score": 0.7896907369304005,
                "support": 12376
            },
            "weighted avg": {
                "precision": 0.8210369537922295,
                "recall": 0.8243374272786037,
                "f1-score": 0.8196670703674889,
                "support": 12376
            },
            "logloss": 0.4449436428413746,
            "score": -0.4449436428413746
        }
    }
}
