{
    "program": "bin/ensemble.py",
    "single_program": "/slot/sandbox/d/in/script/0_script_unpacked/pretrains/bin/finetune___e54e982369c5442f98f4c13f2013993a.py",
    "config": {
        "seeds": [
            "0",
            "1",
            "2",
            "3",
            "4"
        ]
    },
    "prediction_type": "probs",
    "metrics": {
        "train": {
            "0": {
                "precision": 0.9913816062022844,
                "recall": 0.9884420776232132,
                "f1-score": 0.9899096596910849,
                "support": 135578
            },
            "1": {
                "precision": 0.9917029821884074,
                "recall": 0.9927914313448641,
                "f1-score": 0.9922469082720776,
                "support": 181312
            },
            "2": {
                "precision": 0.9961493020609986,
                "recall": 0.9948868105934796,
                "f1-score": 0.9955176560620969,
                "support": 22882
            },
            "3": {
                "precision": 0.9824561403508771,
                "recall": 0.9869243888573053,
                "f1-score": 0.9846851956891662,
                "support": 1759
            },
            "4": {
                "precision": 0.9698100957636747,
                "recall": 0.9835390946502057,
                "f1-score": 0.9766263484798954,
                "support": 6075
            },
            "5": {
                "precision": 0.9899731423455684,
                "recall": 0.9948717948717949,
                "f1-score": 0.9924164236033206,
                "support": 11115
            },
            "6": {
                "precision": 0.9850102203043379,
                "recall": 0.9912387627609325,
                "f1-score": 0.9881146762863109,
                "support": 13126
            },
            "accuracy": 0.9911630321072914,
            "macro avg": {
                "precision": 0.9866404984594499,
                "recall": 0.990384908671685,
                "f1-score": 0.9885024097262789,
                "support": 371847
            },
            "weighted avg": {
                "precision": 0.9911700434682136,
                "recall": 0.9911630321072914,
                "f1-score": 0.9911642325896278,
                "support": 371847
            },
            "score": 0.9911630321072914
        },
        "val": {
            "0": {
                "precision": 0.9694876052662792,
                "recall": 0.9646250073759367,
                "f1-score": 0.9670501937353959,
                "support": 33894
            },
            "1": {
                "precision": 0.9722301746349843,
                "recall": 0.973967525591246,
                "f1-score": 0.9730980746553225,
                "support": 45328
            },
            "2": {
                "precision": 0.9690003483106931,
                "recall": 0.9725572452368467,
                "f1-score": 0.9707755386896972,
                "support": 5721
            },
            "3": {
                "precision": 0.9128440366972477,
                "recall": 0.9066059225512528,
                "f1-score": 0.9097142857142857,
                "support": 439
            },
            "4": {
                "precision": 0.8963254593175853,
                "recall": 0.8992758393680053,
                "f1-score": 0.8977982254354256,
                "support": 1519
            },
            "5": {
                "precision": 0.9424102381798791,
                "recall": 0.9539402662828356,
                "f1-score": 0.948140200286123,
                "support": 2779
            },
            "6": {
                "precision": 0.9613759806879904,
                "recall": 0.9707495429616088,
                "f1-score": 0.9660400242571255,
                "support": 3282
            },
            "accuracy": 0.9682235752242851,
            "macro avg": {
                "precision": 0.9462391204420941,
                "recall": 0.9488173356239618,
                "f1-score": 0.947516648967625,
                "support": 92962
            },
            "weighted avg": {
                "precision": 0.9682360982634698,
                "recall": 0.9682235752242851,
                "f1-score": 0.9682250887820801,
                "support": 92962
            },
            "score": 0.9682235752242851
        },
        "test": {
            "0": {
                "precision": 0.9700833392691787,
                "recall": 0.9643362915407855,
                "f1-score": 0.967201278333432,
                "support": 42368
            },
            "1": {
                "precision": 0.971225933617261,
                "recall": 0.9739856338575034,
                "f1-score": 0.9726038261237366,
                "support": 56661
            },
            "2": {
                "precision": 0.9667038172192811,
                "recall": 0.9703537966717941,
                "f1-score": 0.9685253681345524,
                "support": 7151
            },
            "3": {
                "precision": 0.9074410163339383,
                "recall": 0.9107468123861566,
                "f1-score": 0.9090909090909091,
                "support": 549
            },
            "4": {
                "precision": 0.896863370547581,
                "recall": 0.8883622959452343,
                "f1-score": 0.8925925925925926,
                "support": 1899
            },
            "5": {
                "precision": 0.9395667046750285,
                "recall": 0.9490354160668011,
                "f1-score": 0.9442773241655924,
                "support": 3473
            },
            "6": {
                "precision": 0.9618909792571153,
                "recall": 0.9722086786933203,
                "f1-score": 0.9670223084384092,
                "support": 4102
            },
            "accuracy": 0.9677374938684887,
            "macro avg": {
                "precision": 0.9448250229884833,
                "recall": 0.9470041321659421,
                "f1-score": 0.9459019438398891,
                "support": 116203
            },
            "weighted avg": {
                "precision": 0.9677387258561784,
                "recall": 0.9677374938684887,
                "f1-score": 0.9677318051893994,
                "support": 116203
            },
            "score": 0.9677374938684887
        }
    }
}
