{
    "program": "bin/ensemble.py",
    "single_program": "/slot/sandbox/d/in/script/0_script_unpacked/pretrains/bin/pretrain_mask___244f7ca57aa341f2a26a23fbf225738b.py",
    "config": {
        "seeds": [
            "0",
            "1",
            "2",
            "3",
            "4"
        ]
    },
    "prediction_type": null,
    "metrics": {
        "train": {
            "rmse": 0.29775342755236617,
            "score": -0.29775342755236617
        },
        "val": {
            "rmse": 0.4139617827322406,
            "score": -0.4139617827322406
        },
        "test": {
            "rmse": 0.40590879032149585,
            "score": -0.40590879032149585
        }
    }
}
