{
    "program": "bin/ensemble.py",
    "single_program": "/slot/sandbox/d/in/script/0_script_unpacked/pretrains/bin/pretrain_mask___274fbcb777f34ccea5f36d633117f6bc.py",
    "config": {
        "seeds": [
            "0",
            "1",
            "2",
            "3",
            "4"
        ]
    },
    "prediction_type": "probs",
    "metrics": {
        "train": {
            "0": {
                "precision": 0.993739328400683,
                "recall": 0.9954389965792474,
                "f1-score": 0.9945884363429222,
                "support": 1754
            },
            "1": {
                "precision": 0.9953051643192489,
                "recall": 0.9968652037617555,
                "f1-score": 0.9960845732184809,
                "support": 638
            },
            "2": {
                "precision": 1.0,
                "recall": 0.9947839046199702,
                "f1-score": 0.9973851326111319,
                "support": 1342
            },
            "3": {
                "precision": 1.0,
                "recall": 0.9971264367816092,
                "f1-score": 0.9985611510791367,
                "support": 696
            },
            "4": {
                "precision": 0.9957739038563127,
                "recall": 0.9984110169491526,
                "f1-score": 0.9970907167416028,
                "support": 1888
            },
            "accuracy": 0.9965178854067743,
            "macro avg": {
                "precision": 0.9969636793152489,
                "recall": 0.996525111738347,
                "f1-score": 0.9967420019986548,
                "support": 6318
            },
            "weighted avg": {
                "precision": 0.9965249457630891,
                "recall": 0.9965178854067743,
                "f1-score": 0.9965189549512885,
                "support": 6318
            },
            "score": 0.9965178854067743
        },
        "val": {
            "0": {
                "precision": 0.8114406779661016,
                "recall": 0.8724373576309795,
                "f1-score": 0.840834248079034,
                "support": 439
            },
            "1": {
                "precision": 0.7602739726027398,
                "recall": 0.69375,
                "f1-score": 0.7254901960784315,
                "support": 160
            },
            "2": {
                "precision": 0.7538461538461538,
                "recall": 0.7313432835820896,
                "f1-score": 0.7424242424242424,
                "support": 335
            },
            "3": {
                "precision": 0.6729559748427673,
                "recall": 0.6149425287356322,
                "f1-score": 0.6426426426426426,
                "support": 174
            },
            "4": {
                "precision": 0.7761506276150628,
                "recall": 0.7860169491525424,
                "f1-score": 0.7810526315789473,
                "support": 472
            },
            "accuracy": 0.770253164556962,
            "macro avg": {
                "precision": 0.7549334813745652,
                "recall": 0.7396980238202487,
                "f1-score": 0.7464887921606594,
                "support": 1580
            },
            "weighted avg": {
                "precision": 0.7682545510373225,
                "recall": 0.770253164556962,
                "f1-score": 0.7686034489977526,
                "support": 1580
            },
            "score": 0.770253164556962
        },
        "test": {
            "0": {
                "precision": 0.8017543859649123,
                "recall": 0.833941605839416,
                "f1-score": 0.817531305903399,
                "support": 548
            },
            "1": {
                "precision": 0.712707182320442,
                "recall": 0.645,
                "f1-score": 0.6771653543307087,
                "support": 200
            },
            "2": {
                "precision": 0.7185929648241206,
                "recall": 0.680952380952381,
                "f1-score": 0.6992665036674818,
                "support": 420
            },
            "3": {
                "precision": 0.6785714285714286,
                "recall": 0.6129032258064516,
                "f1-score": 0.6440677966101694,
                "support": 217
            },
            "4": {
                "precision": 0.7365079365079366,
                "recall": 0.7864406779661017,
                "f1-score": 0.7606557377049181,
                "support": 590
            },
            "accuracy": 0.7437974683544304,
            "macro avg": {
                "precision": 0.729626779637768,
                "recall": 0.71184757811287,
                "f1-score": 0.7197373396433354,
                "support": 1975
            },
            "weighted avg": {
                "precision": 0.7420261102474297,
                "recall": 0.7437974683544304,
                "f1-score": 0.7421173443806862,
                "support": 1975
            },
            "score": 0.7437974683544304
        }
    }
}
