{
    "program": "bin/ensemble.py",
    "single_program": "/slot/sandbox/d/in/script/0_script_unpacked/pretrains/bin/augmented_supervised___4fe9d9f8c8754ebda6afafcb6713b625.py",
    "config": {
        "seeds": [
            "10",
            "11",
            "12",
            "13",
            "14"
        ]
    },
    "prediction_type": "probs",
    "metrics": {
        "train": {
            "0": {
                "precision": 0.9796342907906426,
                "recall": 0.9760359350337076,
                "f1-score": 0.9778318024961391,
                "support": 135578
            },
            "1": {
                "precision": 0.9803929113256085,
                "recall": 0.9837021267207907,
                "f1-score": 0.9820447312491052,
                "support": 181312
            },
            "2": {
                "precision": 0.979461910783587,
                "recall": 0.9816449611047985,
                "f1-score": 0.9805522208883554,
                "support": 22882
            },
            "3": {
                "precision": 0.9503990877993158,
                "recall": 0.9476975554292212,
                "f1-score": 0.9490463990890977,
                "support": 1759
            },
            "4": {
                "precision": 0.948489932885906,
                "recall": 0.9305349794238683,
                "f1-score": 0.9394266722060657,
                "support": 6075
            },
            "5": {
                "precision": 0.9720488466757123,
                "recall": 0.9668016194331984,
                "f1-score": 0.9694181326116375,
                "support": 11115
            },
            "6": {
                "precision": 0.9783121528042006,
                "recall": 0.9794301386561024,
                "f1-score": 0.9788708265123539,
                "support": 13126
            },
            "accuracy": 0.9790854840835075,
            "macro avg": {
                "precision": 0.9698198761521389,
                "recall": 0.9665496165430981,
                "f1-score": 0.9681701121503936,
                "support": 371847
            },
            "weighted avg": {
                "precision": 0.9790730635015528,
                "recall": 0.9790854840835075,
                "f1-score": 0.9790749986200125,
                "support": 371847
            },
            "score": 0.9790854840835075
        },
        "val": {
            "0": {
                "precision": 0.9657171591682197,
                "recall": 0.963238331268071,
                "f1-score": 0.9644761524940547,
                "support": 33894
            },
            "1": {
                "precision": 0.9690406561270036,
                "recall": 0.9722687963289799,
                "f1-score": 0.9706520422434394,
                "support": 45328
            },
            "2": {
                "precision": 0.9638575152041703,
                "recall": 0.9695857367593078,
                "f1-score": 0.9667131404670617,
                "support": 5721
            },
            "3": {
                "precision": 0.9207459207459208,
                "recall": 0.8997722095671982,
                "f1-score": 0.9101382488479264,
                "support": 439
            },
            "4": {
                "precision": 0.9147018030513177,
                "recall": 0.8683344305464121,
                "f1-score": 0.8909152313407633,
                "support": 1519
            },
            "5": {
                "precision": 0.9466618287373004,
                "recall": 0.938826916156891,
                "f1-score": 0.9427280939476061,
                "support": 2779
            },
            "6": {
                "precision": 0.9605343047965998,
                "recall": 0.9640463132236441,
                "f1-score": 0.9622871046228709,
                "support": 3282
            },
            "accuracy": 0.9654805189217099,
            "macro avg": {
                "precision": 0.9487513125472189,
                "recall": 0.9394389619786434,
                "f1-score": 0.9439871448519603,
                "support": 92962
            },
            "weighted avg": {
                "precision": 0.9654246617618095,
                "recall": 0.9654805189217099,
                "f1-score": 0.9654391572702791,
                "support": 92962
            },
            "score": 0.9654805189217099
        },
        "test": {
            "0": {
                "precision": 0.9655335781120454,
                "recall": 0.962046827794562,
                "f1-score": 0.9637870494070913,
                "support": 42368
            },
            "1": {
                "precision": 0.9677714125048326,
                "recall": 0.9719560191313249,
                "f1-score": 0.9698592020569355,
                "support": 56661
            },
            "2": {
                "precision": 0.9606671299513551,
                "recall": 0.9665781009649,
                "f1-score": 0.9636135508155583,
                "support": 7151
            },
            "3": {
                "precision": 0.9020332717190388,
                "recall": 0.8888888888888888,
                "f1-score": 0.8954128440366973,
                "support": 549
            },
            "4": {
                "precision": 0.9085331846068042,
                "recall": 0.8578199052132701,
                "f1-score": 0.8824485373781148,
                "support": 1899
            },
            "5": {
                "precision": 0.9437191760951552,
                "recall": 0.9366541894615606,
                "f1-score": 0.9401734104046242,
                "support": 3473
            },
            "6": {
                "precision": 0.9637116415002436,
                "recall": 0.9646513895660653,
                "f1-score": 0.9641812865497077,
                "support": 4102
            },
            "accuracy": 0.9644415376539333,
            "macro avg": {
                "precision": 0.9445670563556392,
                "recall": 0.9355136172886532,
                "f1-score": 0.9399251258069612,
                "support": 116203
            },
            "weighted avg": {
                "precision": 0.9643774766866962,
                "recall": 0.9644415376539333,
                "f1-score": 0.9643930688065632,
                "support": 116203
            },
            "score": 0.9644415376539333
        }
    }
}
