{
    "program": "bin/ensemble.py",
    "single_program": "/slot/sandbox/d/in/script/0_script_unpacked/pretrains/bin/pretrain_mask_supervised_fast___70b3d1b47aec4f3eb0ac9e904ee9e626.py",
    "config": {
        "seeds": [
            "0",
            "1",
            "2",
            "3",
            "4"
        ]
    },
    "prediction_type": null,
    "metrics": {
        "train": {
            "rmse": 1.569487821737442,
            "score": -1.569487821737442
        },
        "val": {
            "rmse": 1.8302809358399235,
            "score": -1.8302809358399235
        },
        "test": {
            "rmse": 1.8335022558438339,
            "score": -1.8335022558438339
        }
    }
}
