{
    "program": "bin/ensemble.py",
    "single_program": "/slot/sandbox/d/in/script/0_script_unpacked/pretrains/bin/pretrain_ae_supervised___cad0d007fe534418afce9faa9b6e67d2.py",
    "config": {
        "seeds": [
            "5",
            "6",
            "7",
            "8",
            "9"
        ]
    },
    "prediction_type": "probs",
    "metrics": {
        "train": {
            "0": {
                "precision": 0.7963887156026894,
                "recall": 0.7767899398282739,
                "f1-score": 0.7864672462180848,
                "support": 29582
            },
            "1": {
                "precision": 0.8052040003540136,
                "recall": 0.8228767825379119,
                "f1-score": 0.8139444726090717,
                "support": 33169
            },
            "accuracy": 0.8011505792736371,
            "macro avg": {
                "precision": 0.8007963579783515,
                "recall": 0.7998333611830929,
                "f1-score": 0.8002058594135782,
                "support": 62751
            },
            "weighted avg": {
                "precision": 0.8010483095520555,
                "recall": 0.8011505792736371,
                "f1-score": 0.8009911920064012,
                "support": 62751
            },
            "roc_auc": 0.8878977788867721,
            "score": 0.8878977788867721
        },
        "val": {
            "0": {
                "precision": 0.7455413565510463,
                "recall": 0.7178204434829638,
                "f1-score": 0.7314183371219949,
                "support": 7396
            },
            "1": {
                "precision": 0.7563908019143224,
                "recall": 0.7814761215629522,
                "f1-score": 0.7687288688534314,
                "support": 8292
            },
            "accuracy": 0.7514660887302397,
            "macro avg": {
                "precision": 0.7509660792326843,
                "recall": 0.749648282522958,
                "f1-score": 0.7500736029877131,
                "support": 15688
            },
            "weighted avg": {
                "precision": 0.7512759053113909,
                "recall": 0.7514660887302397,
                "f1-score": 0.7511390745720887,
                "support": 15688
            },
            "roc_auc": 0.8358765507202366,
            "score": 0.8358765507202366
        },
        "test": {
            "0": {
                "precision": 0.7384393063583815,
                "recall": 0.7185505678745268,
                "f1-score": 0.7283591908338357,
                "support": 9245
            },
            "1": {
                "precision": 0.7548520821556435,
                "recall": 0.7729860106126387,
                "f1-score": 0.7638114304780972,
                "support": 10365
            },
            "accuracy": 0.7473227944926059,
            "macro avg": {
                "precision": 0.7466456942570125,
                "recall": 0.7457682892435827,
                "f1-score": 0.7460853106559664,
                "support": 19610
            },
            "weighted avg": {
                "precision": 0.747114391577077,
                "recall": 0.7473227944926059,
                "f1-score": 0.7470977152557006,
                "support": 19610
            },
            "roc_auc": 0.8294625404744146,
            "score": 0.8294625404744146
        }
    }
}
