{
    "program": "bin/ensemble.py",
    "single_program": "/slot/sandbox/d/in/script/0_script_unpacked/pretrains/bin/pretrain_supervised_contrastive___cd66305025e449979bf236000ead02e4.py",
    "config": {
        "seeds": [
            "0",
            "1",
            "2",
            "3",
            "4"
        ]
    },
    "prediction_type": "probs",
    "metrics": {
        "train": {
            "0": {
                "precision": 0.8984231756508985,
                "recall": 0.9615384615384616,
                "f1-score": 0.928909952606635,
                "support": 5096
            },
            "1": {
                "precision": 0.7928118393234672,
                "recall": 0.5751533742331288,
                "f1-score": 0.6666666666666666,
                "support": 1304
            },
            "accuracy": 0.8828125,
            "macro avg": {
                "precision": 0.8456175074871828,
                "recall": 0.7683459178857952,
                "f1-score": 0.7977883096366508,
                "support": 6400
            },
            "weighted avg": {
                "precision": 0.8769048658741844,
                "recall": 0.8828125,
                "f1-score": 0.8754778830963664,
                "support": 6400
            },
            "roc_auc": 0.9098502012886324,
            "score": 0.9098502012886324
        },
        "val": {
            "0": {
                "precision": 0.8862802641232576,
                "recall": 0.9481946624803768,
                "f1-score": 0.9161926431551004,
                "support": 1274
            },
            "1": {
                "precision": 0.7215189873417721,
                "recall": 0.5245398773006135,
                "f1-score": 0.6074600355239786,
                "support": 326
            },
            "accuracy": 0.861875,
            "macro avg": {
                "precision": 0.8038996257325148,
                "recall": 0.7363672698904951,
                "f1-score": 0.7618263393395395,
                "support": 1600
            },
            "weighted avg": {
                "precision": 0.85271015397903,
                "recall": 0.861875,
                "f1-score": 0.8532883743502593,
                "support": 1600
            },
            "roc_auc": 0.8686615750594716,
            "score": 0.8686615750594716
        },
        "test": {
            "0": {
                "precision": 0.878401852924146,
                "recall": 0.9522912743251726,
                "f1-score": 0.913855421686747,
                "support": 1593
            },
            "1": {
                "precision": 0.7216117216117216,
                "recall": 0.48402948402948404,
                "f1-score": 0.5794117647058824,
                "support": 407
            },
            "accuracy": 0.857,
            "macro avg": {
                "precision": 0.8000067872679337,
                "recall": 0.7181603791773283,
                "f1-score": 0.7466335931963147,
                "support": 2000
            },
            "weighted avg": {
                "precision": 0.8464950612020675,
                "recall": 0.857,
                "f1-score": 0.845796137491141,
                "support": 2000
            },
            "roc_auc": 0.8523515811651405,
            "score": 0.8523515811651405
        }
    }
}
