{
    "program": "bin/ensemble.py",
    "single_program": "/slot/sandbox/d/in/script/0_script_unpacked/pretrains/bin/finetune___dc9bce5c4eb64f66b72503f1b6c9c3f7.py",
    "config": {
        "seeds": [
            "5",
            "6",
            "7",
            "8",
            "9"
        ]
    },
    "prediction_type": null,
    "metrics": {
        "train": {
            "rmse": 0.3931478806353377,
            "score": -0.3931478806353377
        },
        "val": {
            "rmse": 0.4756022022023363,
            "score": -0.4756022022023363
        },
        "test": {
            "rmse": 0.4793951426176286,
            "score": -0.4793951426176286
        }
    }
}
