{
    "program": "bin/ensemble.py",
    "single_program": "/slot/sandbox/d/in/script/0_script_unpacked/pretrains/bin/augmented_supervised___a678016f05e642a38c96513686fb4bfc.py",
    "config": {
        "seeds": [
            "0",
            "1",
            "2",
            "3",
            "4"
        ]
    },
    "prediction_type": null,
    "metrics": {
        "train": {
            "rmse": 0.2971105230178941,
            "score": -0.2971105230178941
        },
        "val": {
            "rmse": 0.4459393167654485,
            "score": -0.4459393167654485
        },
        "test": {
            "rmse": 0.4437865017717898,
            "score": -0.4437865017717898
        }
    }
}
