{
    "program": "/slot/sandbox/d/in/script/0_script_unpacked/pretrains/bin/archive/xgboost____6f7f9dde77e84209931207c39ae18604.py",
    "environment": {
        "CUDA_VISIBLE_DEVICES": "0",
        "gpus": {
            "driver": "450.119.04",
            "devices": [
                {
                    "name": "A100-SXM-80GB",
                    "memory_total": 85199093760,
                    "memory_free": 85195948032,
                    "memory_used": 3145728,
                    "utilization": 0
                }
            ]
        },
        "torch.version.cuda": "11.1",
        "torch.backends.cudnn.version()": 8005,
        "torch.cuda.nccl.version()": [
            2,
            10,
            3
        ]
    },
    "config": {
        "seed": 4,
        "data": {
            "path": "data/higgs-small_roc",
            "T": {
                "seed": 0,
                "normalization": null,
                "num_nan_policy": null,
                "cat_nan_policy": null,
                "cat_min_frequency": null,
                "cat_encoding": null,
                "y_policy": "default"
            },
            "T_cache": false
        },
        "xgboost": {
            "booster": "gbtree",
            "n_estimators": 2000,
            "n_jobs": 1,
            "tree_method": "gpu_hist",
            "colsample_bytree": 0.9118030562356342,
            "gamma": 0,
            "lambda": 5.154249797397774,
            "learning_rate": 0.032358789684609084,
            "max_depth": 8,
            "min_child_weight": 0.0014302554765353716,
            "subsample": 0.8651687972804869,
            "random_state": 4
        },
        "xgboost_fit": {
            "early_stopping_rounds": 50,
            "verbose": true
        }
    },
    "prediction_type": "probs",
    "metrics": {
        "train": {
            "0": {
                "precision": 0.8454280560566116,
                "recall": 0.8238793861131769,
                "f1-score": 0.8345146379044683,
                "support": 29582
            },
            "1": {
                "precision": 0.8464168852990597,
                "recall": 0.8656576924236485,
                "f1-score": 0.855929171883384,
                "support": 33169
            },
            "accuracy": 0.8459626141416073,
            "macro avg": {
                "precision": 0.8459224706778357,
                "recall": 0.8447685392684128,
                "f1-score": 0.8452219048939262,
                "support": 62751
            },
            "weighted avg": {
                "precision": 0.84595073262181,
                "recall": 0.8459626141416073,
                "f1-score": 0.8458339583542883,
                "support": 62751
            },
            "roc_auc": 0.9234855661071513,
            "score": 0.9234855661071513
        },
        "val": {
            "0": {
                "precision": 0.7239393087946052,
                "recall": 0.6967279610600324,
                "f1-score": 0.7100730329337192,
                "support": 7396
            },
            "1": {
                "precision": 0.7382730455075845,
                "recall": 0.7630246020260492,
                "f1-score": 0.7504447870952436,
                "support": 8292
            },
            "accuracy": 0.731769505354411,
            "macro avg": {
                "precision": 0.7311061771510949,
                "recall": 0.7298762815430409,
                "f1-score": 0.7302589100144814,
                "support": 15688
            },
            "weighted avg": {
                "precision": 0.7315155036457032,
                "recall": 0.731769505354411,
                "f1-score": 0.7314118004953817,
                "support": 15688
            },
            "roc_auc": 0.8098681194799761,
            "score": 0.8098681194799761
        },
        "test": {
            "0": {
                "precision": 0.7122818643693395,
                "recall": 0.6975662520281233,
                "f1-score": 0.7048472594130827,
                "support": 9245
            },
            "1": {
                "precision": 0.7351269420234937,
                "recall": 0.7486734201640135,
                "f1-score": 0.741838344247407,
                "support": 10365
            },
            "accuracy": 0.7245792962774095,
            "macro avg": {
                "precision": 0.7237044031964166,
                "recall": 0.7231198360960684,
                "f1-score": 0.7233428018302448,
                "support": 19610
            },
            "weighted avg": {
                "precision": 0.7243567868520172,
                "recall": 0.7245792962774095,
                "f1-score": 0.7243991510147029,
                "support": 19610
            },
            "roc_auc": 0.8044508589537582,
            "score": 0.8044508589537582
        }
    },
    "time": "0:00:09"
}
