{
    "program": "bin/ensemble.py",
    "single_program": "/slot/sandbox/d/in/script/0_script_unpacked/pretrains/bin/pretrain_mask___ea2d408d6531460e9fb04c36ba2fd3cd.py",
    "config": {
        "seeds": [
            "10",
            "11",
            "12",
            "13",
            "14"
        ]
    },
    "prediction_type": null,
    "metrics": {
        "train": {
            "rmse": 4.3452349099666705,
            "score": -4.3452349099666705
        },
        "val": {
            "rmse": 5.339379665279155,
            "score": -5.339379665279155
        },
        "test": {
            "rmse": 5.559478384443065,
            "score": -5.559478384443065
        }
    }
}
