{
    "program": "bin/ensemble.py",
    "single_program": "/slot/sandbox/d/in/script/0_script_unpacked/pretrains/bin/finetune___34e818aed69d409eb5f060eb50bf3a9d.py",
    "config": {
        "seeds": [
            "0",
            "1",
            "2",
            "3",
            "4"
        ]
    },
    "prediction_type": null,
    "metrics": {
        "train": {
            "rmse": 13891.866249805138,
            "score": -13891.866249805138
        },
        "val": {
            "rmse": 27549.086642448303,
            "score": -27549.086642448303
        },
        "test": {
            "rmse": 30505.391556102204,
            "score": -30505.391556102204
        }
    }
}
