{
    "program": "bin/ensemble.py",
    "single_program": "/slot/sandbox/d/in/script/0_script_unpacked/pretrains/bin/pretrain_mask___d48c2c9a8bd145b5b50386f22fcd9e2d.py",
    "config": {
        "seeds": [
            "5",
            "6",
            "7",
            "8",
            "9"
        ]
    },
    "prediction_type": "probs",
    "metrics": {
        "train": {
            "0": {
                "precision": 0.8888688109866281,
                "recall": 0.9652668759811617,
                "f1-score": 0.9254938852304798,
                "support": 5096
            },
            "1": {
                "precision": 0.7956120092378753,
                "recall": 0.5283742331288344,
                "f1-score": 0.6350230414746544,
                "support": 1304
            },
            "accuracy": 0.87625,
            "macro avg": {
                "precision": 0.8422404101122517,
                "recall": 0.746820554554998,
                "f1-score": 0.7802584633525671,
                "support": 6400
            },
            "weighted avg": {
                "precision": 0.8698677376303198,
                "recall": 0.87625,
                "f1-score": 0.8663104508152304,
                "support": 6400
            },
            "roc_auc": 0.8925381148211999,
            "score": 0.8925381148211999
        },
        "val": {
            "0": {
                "precision": 0.8798283261802575,
                "recall": 0.9654631083202512,
                "f1-score": 0.9206586826347306,
                "support": 1274
            },
            "1": {
                "precision": 0.7821782178217822,
                "recall": 0.48466257668711654,
                "f1-score": 0.5984848484848484,
                "support": 326
            },
            "accuracy": 0.8675,
            "macro avg": {
                "precision": 0.8310032720010199,
                "recall": 0.7250628425036838,
                "f1-score": 0.7595717655597896,
                "support": 1600
            },
            "weighted avg": {
                "precision": 0.8599321166022181,
                "recall": 0.8675,
                "f1-score": 0.8550157639266921,
                "support": 1600
            },
            "roc_auc": 0.8776581656730649,
            "score": 0.8776581656730649
        },
        "test": {
            "0": {
                "precision": 0.8754285714285714,
                "recall": 0.9617074701820465,
                "f1-score": 0.9165420281184565,
                "support": 1593
            },
            "1": {
                "precision": 0.756,
                "recall": 0.4643734643734644,
                "f1-score": 0.5753424657534246,
                "support": 407
            },
            "accuracy": 0.8605,
            "macro avg": {
                "precision": 0.8157142857142857,
                "recall": 0.7130404672777555,
                "f1-score": 0.7459422469359406,
                "support": 2000
            },
            "weighted avg": {
                "precision": 0.8511248571428572,
                "recall": 0.8605,
                "f1-score": 0.8471079171771726,
                "support": 2000
            },
            "roc_auc": 0.8652234669183821,
            "score": 0.8652234669183821
        }
    }
}
