{
    "program": "bin/ensemble.py",
    "single_program": "/slot/sandbox/d/in/script/0_script_unpacked/pretrains/bin/pretrain_ae___417e7f3115124bf48ac04c1a12ce6f8f.py",
    "config": {
        "seeds": [
            "10",
            "11",
            "12",
            "13",
            "14"
        ]
    },
    "prediction_type": null,
    "metrics": {
        "train": {
            "rmse": 0.3205802451682232,
            "score": -0.3205802451682232
        },
        "val": {
            "rmse": 0.4400149990109938,
            "score": -0.4400149990109938
        },
        "test": {
            "rmse": 0.4346651007227073,
            "score": -0.4346651007227073
        }
    }
}
