{
    "program": "bin/ensemble.py",
    "single_program": "/slot/sandbox/d/in/script/0_script_unpacked/pretrains/bin/archive/xgboost____7f9ceea8897c4ce28b3af5dccb95a8d9.py",
    "config": {
        "seeds": [
            "10",
            "11",
            "12",
            "13",
            "14"
        ]
    },
    "prediction_type": "probs",
    "metrics": {
        "train": {
            "0": {
                "precision": 0.9475043029259896,
                "recall": 0.891497975708502,
                "f1-score": 0.9186483103879849,
                "support": 1235
            },
            "1": {
                "precision": 0.8574284969138486,
                "recall": 0.9559023066485753,
                "f1-score": 0.9039915677558316,
                "support": 10318
            },
            "2": {
                "precision": 0.8786386027765338,
                "recall": 0.7661069894572433,
                "f1-score": 0.8185231539424281,
                "support": 5122
            },
            "3": {
                "precision": 0.9462444771723122,
                "recall": 0.7462253193960511,
                "f1-score": 0.8344155844155844,
                "support": 1722
            },
            "4": {
                "precision": 0.9960045662100456,
                "recall": 0.995436394751854,
                "f1-score": 0.9957203994293865,
                "support": 1753
            },
            "5": {
                "precision": 0.9856146951421932,
                "recall": 0.9846340924165377,
                "f1-score": 0.9851241497539125,
                "support": 9046
            },
            "6": {
                "precision": 0.9360730593607306,
                "recall": 0.9025866813428729,
                "f1-score": 0.9190249369571307,
                "support": 1817
            },
            "7": {
                "precision": 0.9725294985250738,
                "recall": 0.9737862285397821,
                "f1-score": 0.973157457799096,
                "support": 5417
            },
            "8": {
                "precision": 0.9675881792183031,
                "recall": 0.9602649006622517,
                "f1-score": 0.9639126305792972,
                "support": 3171
            },
            "accuracy": 0.9288906845786723,
            "macro avg": {
                "precision": 0.9430695420272256,
                "recall": 0.90849343210263,
                "f1-score": 0.923613132335628,
                "support": 39601
            },
            "weighted avg": {
                "precision": 0.9304325813458072,
                "recall": 0.9288906845786723,
                "f1-score": 0.9279112906259931,
                "support": 39601
            },
            "logloss": 0.24367267896191247,
            "score": -0.24367267896191247
        },
        "val": {
            "0": {
                "precision": 0.7293577981651376,
                "recall": 0.5162337662337663,
                "f1-score": 0.6045627376425856,
                "support": 308
            },
            "1": {
                "precision": 0.7338177014531043,
                "recall": 0.8612403100775193,
                "f1-score": 0.7924393723252496,
                "support": 2580
            },
            "2": {
                "precision": 0.642314990512334,
                "recall": 0.5284933645589384,
                "f1-score": 0.5798715203426124,
                "support": 1281
            },
            "3": {
                "precision": 0.8091872791519434,
                "recall": 0.531322505800464,
                "f1-score": 0.6414565826330532,
                "support": 431
            },
            "4": {
                "precision": 0.9813519813519813,
                "recall": 0.9611872146118722,
                "f1-score": 0.9711649365628604,
                "support": 438
            },
            "5": {
                "precision": 0.9451871657754011,
                "recall": 0.9376657824933687,
                "f1-score": 0.9414114513981358,
                "support": 2262
            },
            "6": {
                "precision": 0.7607655502392344,
                "recall": 0.7004405286343612,
                "f1-score": 0.7293577981651377,
                "support": 454
            },
            "7": {
                "precision": 0.9051355206847361,
                "recall": 0.9372230428360414,
                "f1-score": 0.9208998548621191,
                "support": 1354
            },
            "8": {
                "precision": 0.8557575757575757,
                "recall": 0.8902900378310215,
                "f1-score": 0.872682323856613,
                "support": 793
            },
            "accuracy": 0.8203211796788203,
            "macro avg": {
                "precision": 0.8180972847879386,
                "recall": 0.7626773947863724,
                "f1-score": 0.7837607308653741,
                "support": 9901
            },
            "weighted avg": {
                "precision": 0.8187919847441962,
                "recall": 0.8203211796788203,
                "f1-score": 0.8155629714586895,
                "support": 9901
            },
            "logloss": 0.47150572158630627,
            "score": -0.47150572158630627
        },
        "test": {
            "0": {
                "precision": 0.7471698113207547,
                "recall": 0.5129533678756477,
                "f1-score": 0.6082949308755762,
                "support": 386
            },
            "1": {
                "precision": 0.7445274959957288,
                "recall": 0.8650744416873449,
                "f1-score": 0.8002869440459109,
                "support": 3224
            },
            "2": {
                "precision": 0.6326070623591284,
                "recall": 0.5259212991880075,
                "f1-score": 0.5743519781718963,
                "support": 1601
            },
            "3": {
                "precision": 0.7752808988764045,
                "recall": 0.5130111524163569,
                "f1-score": 0.6174496644295302,
                "support": 538
            },
            "4": {
                "precision": 0.9795918367346939,
                "recall": 0.9635036496350365,
                "f1-score": 0.97148114075437,
                "support": 548
            },
            "5": {
                "precision": 0.9456406636074832,
                "recall": 0.9476476830562434,
                "f1-score": 0.9466431095406359,
                "support": 2827
            },
            "6": {
                "precision": 0.771484375,
                "recall": 0.6954225352112676,
                "f1-score": 0.7314814814814815,
                "support": 568
            },
            "7": {
                "precision": 0.907163323782235,
                "recall": 0.93502658003544,
                "f1-score": 0.9208842350203607,
                "support": 1693
            },
            "8": {
                "precision": 0.8531935176358436,
                "recall": 0.9031281533804238,
                "f1-score": 0.8774509803921569,
                "support": 991
            },
            "accuracy": 0.8229638009049773,
            "macro avg": {
                "precision": 0.8174065539235857,
                "recall": 0.7624098736095298,
                "f1-score": 0.7831471627457687,
                "support": 12376
            },
            "weighted avg": {
                "precision": 0.8200029989804399,
                "recall": 0.8229638009049773,
                "f1-score": 0.8176532430658238,
                "support": 12376
            },
            "logloss": 0.4548960240803287,
            "score": -0.4548960240803287
        }
    }
}
