{
    "program": "bin/ensemble.py",
    "single_program": "/slot/sandbox/d/in/script/0_script_unpacked/pretrains/bin/pretrain_ae_supervised_ddp___4fe2c3f20247458994616bba03f9da0b.py",
    "config": {
        "seeds": [
            "10",
            "11",
            "12",
            "13",
            "14"
        ]
    },
    "prediction_type": null,
    "metrics": {
        "train": {
            "rmse": 1.4303149591885602,
            "score": -1.4303149591885602
        },
        "val": {
            "rmse": 1.8072907613826519,
            "score": -1.8072907613826519
        },
        "test": {
            "rmse": 1.810550653441249,
            "score": -1.810550653441249
        }
    }
}
