{
    "program": "bin/ensemble.py",
    "single_program": "/slot/sandbox/d/in/script/0_script_unpacked/pretrains/bin/pretrain_mask_supervised___f17f0e40a43842578b44aea5260693d5.py",
    "config": {
        "seeds": [
            "10",
            "11",
            "12",
            "13",
            "14"
        ]
    },
    "prediction_type": null,
    "metrics": {
        "train": {
            "rmse": 0.3163849485180796,
            "score": -0.3163849485180796
        },
        "val": {
            "rmse": 0.42997719456887895,
            "score": -0.42997719456887895
        },
        "test": {
            "rmse": 0.4226890073460223,
            "score": -0.4226890073460223
        }
    }
}
