{
    "program": "bin/ensemble.py",
    "single_program": "/slot/sandbox/d/in/script/0_script_unpacked/pretrains/bin/finetune___d480dfa3c90a4923ab8b5dcb1e25ce90.py",
    "config": {
        "seeds": [
            "0",
            "1",
            "2",
            "3",
            "4"
        ]
    },
    "prediction_type": null,
    "metrics": {
        "train": {
            "rmse": 0.3377880736516795,
            "score": -0.3377880736516795
        },
        "val": {
            "rmse": 0.441047271115349,
            "score": -0.441047271115349
        },
        "test": {
            "rmse": 0.4375398852297964,
            "score": -0.4375398852297964
        }
    }
}
