{
    "program": "bin/ensemble.py",
    "single_program": "/slot/sandbox/d/in/script/0_script_unpacked/pretrains/bin/pretrain_supervised_contrastive___4b3a589bd3e7445fb56e5a844095f0d1.py",
    "config": {
        "seeds": [
            "0",
            "1",
            "2",
            "3",
            "4"
        ]
    },
    "prediction_type": null,
    "metrics": {
        "train": {
            "rmse": 3.842073520407022,
            "score": -3.842073520407022
        },
        "val": {
            "rmse": 5.291638902785446,
            "score": -5.291638902785446
        },
        "test": {
            "rmse": 5.57580788883921,
            "score": -5.57580788883921
        }
    }
}
