{
    "program": "bin/ensemble.py",
    "single_program": "/slot/sandbox/d/in/script/0_script_unpacked/pretrains/bin/pretrain_mask_supervised_fast___7ba821174bbd4bfca125faeae73a4e92.py",
    "config": {
        "seeds": [
            "0",
            "1",
            "2",
            "3",
            "4"
        ]
    },
    "prediction_type": null,
    "metrics": {
        "train": {
            "rmse": 1.6886624508767512,
            "score": -1.6886624508767512
        },
        "val": {
            "rmse": 1.8495802379046533,
            "score": -1.8495802379046533
        },
        "test": {
            "rmse": 1.8505529053102874,
            "score": -1.8505529053102874
        }
    }
}
