{
    "program": "bin/ensemble.py",
    "single_program": "/slot/sandbox/d/in/script/0_script_unpacked/pretrains/bin/pretrain_mask___ae0d39abd79e49b48059f5b99839acb2.py",
    "config": {
        "seeds": [
            "0",
            "1",
            "2",
            "3",
            "4"
        ]
    },
    "prediction_type": "probs",
    "metrics": {
        "train": {
            "0": {
                "precision": 0.9988610478359908,
                "recall": 1.0,
                "f1-score": 0.9994301994301994,
                "support": 1754
            },
            "1": {
                "precision": 1.0,
                "recall": 1.0,
                "f1-score": 1.0,
                "support": 638
            },
            "2": {
                "precision": 1.0,
                "recall": 0.9985096870342772,
                "f1-score": 0.9992542878448918,
                "support": 1342
            },
            "3": {
                "precision": 1.0,
                "recall": 1.0,
                "f1-score": 1.0,
                "support": 696
            },
            "4": {
                "precision": 1.0,
                "recall": 1.0,
                "f1-score": 1.0,
                "support": 1888
            },
            "accuracy": 0.9996834441278886,
            "macro avg": {
                "precision": 0.9997722095671981,
                "recall": 0.9997019374068554,
                "f1-score": 0.9997368974550183,
                "support": 6318
            },
            "weighted avg": {
                "precision": 0.9996838046698842,
                "recall": 0.9996834441278886,
                "f1-score": 0.9996834162849658,
                "support": 6318
            },
            "score": 0.9996834441278886
        },
        "val": {
            "0": {
                "precision": 0.7870967741935484,
                "recall": 0.8337129840546698,
                "f1-score": 0.8097345132743363,
                "support": 439
            },
            "1": {
                "precision": 0.6604938271604939,
                "recall": 0.66875,
                "f1-score": 0.6645962732919255,
                "support": 160
            },
            "2": {
                "precision": 0.6495176848874598,
                "recall": 0.6029850746268657,
                "f1-score": 0.6253869969040248,
                "support": 335
            },
            "3": {
                "precision": 0.5851851851851851,
                "recall": 0.4540229885057471,
                "f1-score": 0.5113268608414239,
                "support": 174
            },
            "4": {
                "precision": 0.7140039447731755,
                "recall": 0.7669491525423728,
                "f1-score": 0.7395301327885597,
                "support": 472
            },
            "accuracy": 0.7063291139240506,
            "macro avg": {
                "precision": 0.6792594832399725,
                "recall": 0.665284039945931,
                "f1-score": 0.6701149554200541,
                "support": 1580
            },
            "weighted avg": {
                "precision": 0.7010348131703208,
                "recall": 0.7063291139240506,
                "f1-score": 0.7021155667592393,
                "support": 1580
            },
            "score": 0.7063291139240506
        },
        "test": {
            "0": {
                "precision": 0.7816291161178509,
                "recall": 0.822992700729927,
                "f1-score": 0.8017777777777777,
                "support": 548
            },
            "1": {
                "precision": 0.5922330097087378,
                "recall": 0.61,
                "f1-score": 0.6009852216748768,
                "support": 200
            },
            "2": {
                "precision": 0.6430446194225722,
                "recall": 0.5833333333333334,
                "f1-score": 0.6117353308364545,
                "support": 420
            },
            "3": {
                "precision": 0.5853658536585366,
                "recall": 0.4423963133640553,
                "f1-score": 0.5039370078740157,
                "support": 217
            },
            "4": {
                "precision": 0.678516228748068,
                "recall": 0.7440677966101695,
                "f1-score": 0.709781729991916,
                "support": 590
            },
            "accuracy": 0.6850632911392405,
            "macro avg": {
                "precision": 0.6561577655311531,
                "recall": 0.640558028807497,
                "f1-score": 0.6456434136310081,
                "support": 1975
            },
            "weighted avg": {
                "precision": 0.6806111711073787,
                "recall": 0.6850632911392405,
                "f1-score": 0.6808231174240001,
                "support": 1975
            },
            "score": 0.6850632911392405
        }
    }
}
