{
    "program": "bin/ensemble.py",
    "single_program": "/slot/sandbox/d/in/script/0_script_unpacked/pretrains/bin/pretrain_mask_pretrain_es___e94730a71fb4461cabd37b79a2a16a0f.py",
    "config": {
        "seeds": [
            "0",
            "1",
            "2",
            "3",
            "4"
        ]
    },
    "prediction_type": null,
    "metrics": {
        "train": {
            "rmse": 0.7090910962191553,
            "score": -0.7090910962191553
        },
        "val": {
            "rmse": 0.7421412618750798,
            "score": -0.7421412618750798
        },
        "test": {
            "rmse": 0.7462967877549088,
            "score": -0.7462967877549088
        }
    }
}
