{
    "program": "bin/ensemble.py",
    "single_program": "/slot/sandbox/d/in/script/0_script_unpacked/pretrains/bin/pretrain_mask___334355a1aac9477185bd7e748737d335.py",
    "config": {
        "seeds": [
            "5",
            "6",
            "7",
            "8",
            "9"
        ]
    },
    "prediction_type": "probs",
    "metrics": {
        "train": {
            "0": {
                "precision": 0.8818181818181818,
                "recall": 0.7854251012145749,
                "f1-score": 0.8308351177730192,
                "support": 1235
            },
            "1": {
                "precision": 0.814776093396062,
                "recall": 0.9063772048846676,
                "f1-score": 0.8581391080932281,
                "support": 10318
            },
            "2": {
                "precision": 0.7528236316246742,
                "recall": 0.6766887934400625,
                "f1-score": 0.7127287682500515,
                "support": 5122
            },
            "3": {
                "precision": 0.8764044943820225,
                "recall": 0.6341463414634146,
                "f1-score": 0.7358490566037736,
                "support": 1722
            },
            "4": {
                "precision": 0.9828669331810395,
                "recall": 0.9817455790074159,
                "f1-score": 0.9823059360730594,
                "support": 1753
            },
            "5": {
                "precision": 0.9733230019924729,
                "recall": 0.9720318372761442,
                "f1-score": 0.9726769911504425,
                "support": 9046
            },
            "6": {
                "precision": 0.8588640275387264,
                "recall": 0.8238855255916345,
                "f1-score": 0.8410112359550561,
                "support": 1817
            },
            "7": {
                "precision": 0.9561628760088041,
                "recall": 0.9623407790289829,
                "f1-score": 0.95924188057779,
                "support": 5417
            },
            "8": {
                "precision": 0.9295333542123395,
                "recall": 0.9359823399558499,
                "f1-score": 0.9327467001885607,
                "support": 3171
            },
            "accuracy": 0.8856342011565365,
            "macro avg": {
                "precision": 0.8918413993504802,
                "recall": 0.8531803890958609,
                "f1-score": 0.8695038660738867,
                "support": 39601
            },
            "weighted avg": {
                "precision": 0.88574335194032,
                "recall": 0.8856342011565365,
                "f1-score": 0.8838407704655235,
                "support": 39601
            },
            "logloss": 0.3174577597612586,
            "score": -0.3174577597612586
        },
        "val": {
            "0": {
                "precision": 0.6808510638297872,
                "recall": 0.5194805194805194,
                "f1-score": 0.5893186003683242,
                "support": 308
            },
            "1": {
                "precision": 0.7542778918548939,
                "recall": 0.8542635658914729,
                "f1-score": 0.8011632133769538,
                "support": 2580
            },
            "2": {
                "precision": 0.6482142857142857,
                "recall": 0.5667447306791569,
                "f1-score": 0.6047480216576426,
                "support": 1281
            },
            "3": {
                "precision": 0.7491638795986622,
                "recall": 0.5197215777262181,
                "f1-score": 0.6136986301369863,
                "support": 431
            },
            "4": {
                "precision": 0.9745370370370371,
                "recall": 0.9611872146118722,
                "f1-score": 0.967816091954023,
                "support": 438
            },
            "5": {
                "precision": 0.9466192170818505,
                "recall": 0.9407603890362511,
                "f1-score": 0.9436807095343681,
                "support": 2262
            },
            "6": {
                "precision": 0.7324263038548753,
                "recall": 0.711453744493392,
                "f1-score": 0.7217877094972067,
                "support": 454
            },
            "7": {
                "precision": 0.9122933141624731,
                "recall": 0.9372230428360414,
                "f1-score": 0.9245901639344263,
                "support": 1354
            },
            "8": {
                "precision": 0.8548585485854858,
                "recall": 0.8764186633039092,
                "f1-score": 0.8655043586550437,
                "support": 793
            },
            "accuracy": 0.8231491768508231,
            "macro avg": {
                "precision": 0.8059157268577056,
                "recall": 0.7652503831176481,
                "f1-score": 0.781367499901664,
                "support": 9901
            },
            "weighted avg": {
                "precision": 0.8203980032691632,
                "recall": 0.8231491768508231,
                "f1-score": 0.8193251607406792,
                "support": 9901
            },
            "logloss": 0.46464934830239446,
            "score": -0.46464934830239446
        },
        "test": {
            "0": {
                "precision": 0.6918032786885245,
                "recall": 0.5466321243523317,
                "f1-score": 0.6107091172214183,
                "support": 386
            },
            "1": {
                "precision": 0.7549046697982869,
                "recall": 0.847394540942928,
                "f1-score": 0.7984801987432412,
                "support": 3224
            },
            "2": {
                "precision": 0.6176046176046176,
                "recall": 0.5346658338538414,
                "f1-score": 0.573150318044861,
                "support": 1601
            },
            "3": {
                "precision": 0.7251908396946565,
                "recall": 0.5297397769516728,
                "f1-score": 0.6122448979591836,
                "support": 538
            },
            "4": {
                "precision": 0.9725274725274725,
                "recall": 0.968978102189781,
                "f1-score": 0.9707495429616088,
                "support": 548
            },
            "5": {
                "precision": 0.9478322171307719,
                "recall": 0.9511850017686594,
                "f1-score": 0.9495056497175142,
                "support": 2827
            },
            "6": {
                "precision": 0.7434944237918215,
                "recall": 0.704225352112676,
                "f1-score": 0.7233273056057866,
                "support": 568
            },
            "7": {
                "precision": 0.9169087739686229,
                "recall": 0.9320732427643237,
                "f1-score": 0.9244288224956063,
                "support": 1693
            },
            "8": {
                "precision": 0.8554801163918526,
                "recall": 0.8900100908173562,
                "f1-score": 0.8724035608308606,
                "support": 991
            },
            "accuracy": 0.8212669683257918,
            "macro avg": {
                "precision": 0.802860712177403,
                "recall": 0.7672115628615077,
                "f1-score": 0.7816666015088978,
                "support": 12376
            },
            "weighted avg": {
                "precision": 0.8172806480853969,
                "recall": 0.8212669683257918,
                "f1-score": 0.8172041330344574,
                "support": 12376
            },
            "logloss": 0.45934800508418333,
            "score": -0.45934800508418333
        }
    }
}
