{
    "program": "bin/ensemble.py",
    "single_program": "/slot/sandbox/d/in/script/0_script_unpacked/pretrains/bin/pretrain_ae___a6ec0f95357a4c90af8c7ce250c090eb.py",
    "config": {
        "seeds": [
            "5",
            "6",
            "7",
            "8",
            "9"
        ]
    },
    "prediction_type": "probs",
    "metrics": {
        "train": {
            "0": {
                "precision": 0.9168406233312296,
                "recall": 0.9550442477876107,
                "f1-score": 0.9355525833457176,
                "support": 19775
            },
            "1": {
                "precision": 0.8368507983116168,
                "recall": 0.7269249163079866,
                "f1-score": 0.7780242279474492,
                "support": 6273
            },
            "accuracy": 0.9001074938574939,
            "macro avg": {
                "precision": 0.8768457108214232,
                "recall": 0.8409845820477986,
                "f1-score": 0.8567884056465833,
                "support": 26048
            },
            "weighted avg": {
                "precision": 0.8975771032011609,
                "recall": 0.9001074938574939,
                "f1-score": 0.8976158752140629,
                "support": 26048
            },
            "roc_auc": 0.9537900294300036,
            "score": 0.9537900294300036
        },
        "val": {
            "0": {
                "precision": 0.8980535748699171,
                "recall": 0.942366026289181,
                "f1-score": 0.9196763370830867,
                "support": 4945
            },
            "1": {
                "precision": 0.7847432024169184,
                "recall": 0.6626275510204082,
                "f1-score": 0.7185338865836791,
                "support": 1568
            },
            "accuracy": 0.8750191923844618,
            "macro avg": {
                "precision": 0.8413983886434178,
                "recall": 0.8024967886547946,
                "f1-score": 0.819105111833383,
                "support": 6513
            },
            "weighted avg": {
                "precision": 0.8707741853403145,
                "recall": 0.8750191923844618,
                "f1-score": 0.8712514388206776,
                "support": 6513
            },
            "roc_auc": 0.93312470336972,
            "score": 0.93312470336972
        },
        "test": {
            "0": {
                "precision": 0.8989867976665643,
                "recall": 0.9418576598311218,
                "f1-score": 0.9199230255665082,
                "support": 12435
            },
            "1": {
                "precision": 0.7777436212726714,
                "recall": 0.6578263130525221,
                "f1-score": 0.7127764473869559,
                "support": 3846
            },
            "accuracy": 0.8747619925066028,
            "macro avg": {
                "precision": 0.8383652094696179,
                "recall": 0.799841986441822,
                "f1-score": 0.816349736476732,
                "support": 16281
            },
            "weighted avg": {
                "precision": 0.8703459736133174,
                "recall": 0.8747619925066028,
                "f1-score": 0.8709895608113606,
                "support": 16281
            },
            "roc_auc": 0.9283304488592894,
            "score": 0.9283304488592894
        }
    }
}
