{
    "program": "bin/ensemble.py",
    "single_program": "/slot/sandbox/d/in/script/0_script_unpacked/pretrains/bin/pretrain_ae_mask___f3476364dfa7480d8c131a6bbc9bd2a8.py",
    "config": {
        "seeds": [
            "10",
            "11",
            "12",
            "13",
            "14"
        ]
    },
    "prediction_type": null,
    "metrics": {
        "train": {
            "rmse": 1.5776779647578576,
            "score": -1.5776779647578576
        },
        "val": {
            "rmse": 1.8532458278027102,
            "score": -1.8532458278027102
        },
        "test": {
            "rmse": 1.8566965390907435,
            "score": -1.8566965390907435
        }
    }
}
