{
    "program": "bin/ensemble.py",
    "single_program": "/slot/sandbox/d/in/script/0_script_unpacked/pretrains/bin/augmented_supervised___d3f67e1bc6f64280883e01e0a55eefb6.py",
    "config": {
        "seeds": [
            "5",
            "6",
            "7",
            "8",
            "9"
        ]
    },
    "prediction_type": "probs",
    "metrics": {
        "train": {
            "0": {
                "precision": 0.9340482573726542,
                "recall": 0.9931584948688712,
                "f1-score": 0.9626968775904945,
                "support": 1754
            },
            "1": {
                "precision": 0.9757281553398058,
                "recall": 0.945141065830721,
                "f1-score": 0.9601910828025476,
                "support": 638
            },
            "2": {
                "precision": 0.9969418960244648,
                "recall": 0.9716840536512668,
                "f1-score": 0.9841509433962263,
                "support": 1342
            },
            "3": {
                "precision": 0.9970887918486172,
                "recall": 0.9841954022988506,
                "f1-score": 0.9906001446131598,
                "support": 696
            },
            "4": {
                "precision": 0.9967391304347826,
                "recall": 0.9713983050847458,
                "f1-score": 0.9839055793991416,
                "support": 1888
            },
            "accuracy": 0.976258309591643,
            "macro avg": {
                "precision": 0.980109246204065,
                "recall": 0.973115464346891,
                "f1-score": 0.9763089255603139,
                "support": 6318
            },
            "weighted avg": {
                "precision": 0.9772947939839775,
                "recall": 0.976258309591643,
                "f1-score": 0.9764125094516979,
                "support": 6318
            },
            "score": 0.976258309591643
        },
        "val": {
            "0": {
                "precision": 0.7221135029354208,
                "recall": 0.8405466970387244,
                "f1-score": 0.7768421052631579,
                "support": 439
            },
            "1": {
                "precision": 0.6888888888888889,
                "recall": 0.58125,
                "f1-score": 0.6305084745762712,
                "support": 160
            },
            "2": {
                "precision": 0.6938110749185668,
                "recall": 0.6358208955223881,
                "f1-score": 0.663551401869159,
                "support": 335
            },
            "3": {
                "precision": 0.65,
                "recall": 0.5977011494252874,
                "f1-score": 0.6227544910179641,
                "support": 174
            },
            "4": {
                "precision": 0.7301927194860813,
                "recall": 0.722457627118644,
                "f1-score": 0.7263045793397231,
                "support": 472
            },
            "accuracy": 0.7088607594936709,
            "macro avg": {
                "precision": 0.6970012372457915,
                "recall": 0.6755552738210089,
                "f1-score": 0.683992210413255,
                "support": 1580
            },
            "weighted avg": {
                "precision": 0.7072200782949508,
                "recall": 0.7088607594936709,
                "f1-score": 0.705936583958464,
                "support": 1580
            },
            "score": 0.7088607594936709
        },
        "test": {
            "0": {
                "precision": 0.7380191693290735,
                "recall": 0.843065693430657,
                "f1-score": 0.7870528109028961,
                "support": 548
            },
            "1": {
                "precision": 0.7160493827160493,
                "recall": 0.58,
                "f1-score": 0.6408839779005524,
                "support": 200
            },
            "2": {
                "precision": 0.6531645569620254,
                "recall": 0.6142857142857143,
                "f1-score": 0.6331288343558283,
                "support": 420
            },
            "3": {
                "precision": 0.6594594594594595,
                "recall": 0.5622119815668203,
                "f1-score": 0.6069651741293534,
                "support": 217
            },
            "4": {
                "precision": 0.7051070840197694,
                "recall": 0.7254237288135593,
                "f1-score": 0.7151211361737677,
                "support": 590
            },
            "accuracy": 0.7017721518987342,
            "macro avg": {
                "precision": 0.6943599304972754,
                "recall": 0.6649974236193501,
                "f1-score": 0.6766303866924797,
                "support": 1975
            },
            "weighted avg": {
                "precision": 0.6992857607766884,
                "recall": 0.7017721518987342,
                "f1-score": 0.6982424098799688,
                "support": 1975
            },
            "score": 0.7017721518987342
        }
    }
}
