{
    "program": "bin/ensemble.py",
    "single_program": "/slot/sandbox/d/in/script/0_script_unpacked/pretrains/bin/pretrain_ae___4464e50b6762452d826cd2bed0ab065e.py",
    "config": {
        "seeds": [
            "0",
            "1",
            "2",
            "3",
            "4"
        ]
    },
    "prediction_type": "probs",
    "metrics": {
        "train": {
            "0": {
                "precision": 0.9589266155531215,
                "recall": 0.9982896237172177,
                "f1-score": 0.9782122905027932,
                "support": 1754
            },
            "1": {
                "precision": 0.9935064935064936,
                "recall": 0.9592476489028213,
                "f1-score": 0.9760765550239235,
                "support": 638
            },
            "2": {
                "precision": 0.9984951091045899,
                "recall": 0.988822652757079,
                "f1-score": 0.9936353425683265,
                "support": 1342
            },
            "3": {
                "precision": 1.0,
                "recall": 0.9899425287356322,
                "f1-score": 0.9949458483754512,
                "support": 696
            },
            "4": {
                "precision": 0.9994617868675996,
                "recall": 0.9835805084745762,
                "f1-score": 0.99145755472504,
                "support": 1888
            },
            "accuracy": 0.9870212092434315,
            "macro avg": {
                "precision": 0.990078001006361,
                "recall": 0.9839765925174653,
                "f1-score": 0.9868655182391068,
                "support": 6318
            },
            "weighted avg": {
                "precision": 0.987461018765702,
                "recall": 0.9870212092434315,
                "f1-score": 0.9870740745748728,
                "support": 6318
            },
            "score": 0.9870212092434315
        },
        "val": {
            "0": {
                "precision": 0.757085020242915,
                "recall": 0.8519362186788155,
                "f1-score": 0.8017148981779206,
                "support": 439
            },
            "1": {
                "precision": 0.6896551724137931,
                "recall": 0.625,
                "f1-score": 0.6557377049180328,
                "support": 160
            },
            "2": {
                "precision": 0.7508305647840532,
                "recall": 0.6746268656716418,
                "f1-score": 0.7106918238993711,
                "support": 335
            },
            "3": {
                "precision": 0.6923076923076923,
                "recall": 0.6724137931034483,
                "f1-score": 0.6822157434402333,
                "support": 174
            },
            "4": {
                "precision": 0.7749469214437368,
                "recall": 0.7733050847457628,
                "f1-score": 0.7741251325556734,
                "support": 472
            },
            "accuracy": 0.7481012658227848,
            "macro avg": {
                "precision": 0.7329650742384382,
                "recall": 0.7194563924399336,
                "f1-score": 0.7248970605982462,
                "support": 1580
            },
            "weighted avg": {
                "precision": 0.7471328329484092,
                "recall": 0.7481012658227848,
                "f1-score": 0.7462311620368103,
                "support": 1580
            },
            "score": 0.7481012658227848
        },
        "test": {
            "0": {
                "precision": 0.7599364069952306,
                "recall": 0.8722627737226277,
                "f1-score": 0.8122344944774851,
                "support": 548
            },
            "1": {
                "precision": 0.7085714285714285,
                "recall": 0.62,
                "f1-score": 0.6613333333333333,
                "support": 200
            },
            "2": {
                "precision": 0.7315068493150685,
                "recall": 0.6357142857142857,
                "f1-score": 0.6802547770700637,
                "support": 420
            },
            "3": {
                "precision": 0.6236559139784946,
                "recall": 0.5345622119815668,
                "f1-score": 0.575682382133995,
                "support": 217
            },
            "4": {
                "precision": 0.7225806451612903,
                "recall": 0.7593220338983051,
                "f1-score": 0.740495867768595,
                "support": 590
            },
            "accuracy": 0.7255696202531645,
            "macro avg": {
                "precision": 0.7092502488043025,
                "recall": 0.6843722610633571,
                "f1-score": 0.6940001709566944,
                "support": 1975
            },
            "weighted avg": {
                "precision": 0.7225560645258206,
                "recall": 0.7255696202531645,
                "f1-score": 0.721465222742432,
                "support": 1975
            },
            "score": 0.7255696202531645
        }
    }
}
