{
    "program": "bin/ensemble.py",
    "single_program": "/slot/sandbox/d/in/script/0_script_unpacked/pretrains/bin/pretrain_mask___3d717e6ffbd6445da19429855c99852a.py",
    "config": {
        "seeds": [
            "10",
            "11",
            "12",
            "13",
            "14"
        ]
    },
    "prediction_type": null,
    "metrics": {
        "train": {
            "rmse": 16888.896424759187,
            "score": -16888.896424759187
        },
        "val": {
            "rmse": 27577.666733786453,
            "score": -27577.666733786453
        },
        "test": {
            "rmse": 30339.068117129515,
            "score": -30339.068117129515
        }
    }
}
