{
    "program": "bin/ensemble.py",
    "single_program": "/slot/sandbox/d/in/script/0_script_unpacked/pretrains/bin/pretrain_contrastive___90df230b27f848e19f08b72a1003ed8e.py",
    "config": {
        "seeds": [
            "0",
            "1",
            "2",
            "3",
            "4"
        ]
    },
    "prediction_type": null,
    "metrics": {
        "train": {
            "rmse": 0.27411526149422333,
            "score": -0.27411526149422333
        },
        "val": {
            "rmse": 0.4293449133968595,
            "score": -0.4293449133968595
        },
        "test": {
            "rmse": 0.43193761109222384,
            "score": -0.43193761109222384
        }
    }
}
