{
    "program": "bin/ensemble.py",
    "single_program": "/slot/sandbox/d/in/script/0_script_unpacked/pretrains/bin/finetune___90606b84003d4470a2ce0ba2debb15e5.py",
    "config": {
        "seeds": [
            "0",
            "1",
            "2",
            "3",
            "4"
        ]
    },
    "prediction_type": "probs",
    "metrics": {
        "train": {
            "0": {
                "precision": 0.9070422535211268,
                "recall": 0.928141592920354,
                "f1-score": 0.9174706323419146,
                "support": 19775
            },
            "1": {
                "precision": 0.7555479098572165,
                "recall": 0.7001434720229556,
                "f1-score": 0.7267913288101936,
                "support": 6273
            },
            "accuracy": 0.8732340294840295,
            "macro avg": {
                "precision": 0.8312950816891717,
                "recall": 0.8141425324716548,
                "f1-score": 0.8221309805760542,
                "support": 26048
            },
            "weighted avg": {
                "precision": 0.8705586840415618,
                "recall": 0.8732340294840295,
                "f1-score": 0.8715503593438155,
                "support": 26048
            },
            "roc_auc": 0.9316827500839893,
            "score": 0.9316827500839893
        },
        "val": {
            "0": {
                "precision": 0.8981976629035453,
                "recall": 0.917087967644085,
                "f1-score": 0.9075445267160296,
                "support": 4945
            },
            "1": {
                "precision": 0.7199453551912568,
                "recall": 0.6721938775510204,
                "f1-score": 0.695250659630607,
                "support": 1568
            },
            "accuracy": 0.8581298940580377,
            "macro avg": {
                "precision": 0.809071509047401,
                "recall": 0.7946409225975527,
                "f1-score": 0.8013975931733183,
                "support": 6513
            },
            "weighted avg": {
                "precision": 0.8552835498231111,
                "recall": 0.8581298940580377,
                "f1-score": 0.8564349330433837,
                "support": 6513
            },
            "roc_auc": 0.9163699289119086,
            "score": 0.9163699289119086
        },
        "test": {
            "0": {
                "precision": 0.8972849968612681,
                "recall": 0.9195818254925613,
                "f1-score": 0.9082965963699908,
                "support": 12435
            },
            "1": {
                "precision": 0.7172745264348318,
                "recall": 0.6596463858554342,
                "f1-score": 0.6872545035893268,
                "support": 3846
            },
            "accuracy": 0.8581782445795713,
            "macro avg": {
                "precision": 0.8072797616480499,
                "recall": 0.7896141056739978,
                "f1-score": 0.7977755499796588,
                "support": 16281
            },
            "weighted avg": {
                "precision": 0.8547617937865138,
                "recall": 0.8581782445795713,
                "f1-score": 0.8560806459471401,
                "support": 16281
            },
            "roc_auc": 0.912313097268563,
            "score": 0.912313097268563
        }
    }
}
