{
    "program": "bin/ensemble.py",
    "single_program": "/slot/sandbox/d/in/script/0_script_unpacked/pretrains/bin/pretrain_ae_supervised___513495c15af04beab3a5cdc2414d8f56.py",
    "config": {
        "seeds": [
            "10",
            "11",
            "12",
            "13",
            "14"
        ]
    },
    "prediction_type": null,
    "metrics": {
        "train": {
            "rmse": 15759.632443176366,
            "score": -15759.632443176366
        },
        "val": {
            "rmse": 27578.322606457335,
            "score": -27578.322606457335
        },
        "test": {
            "rmse": 29742.40986383489,
            "score": -29742.40986383489
        }
    }
}
