{
    "program": "bin/ensemble.py",
    "single_program": "/slot/sandbox/d/in/script/0_script_unpacked/pretrains/bin/pretrain_ae___e2d603de9b8d4e7195f7783de1876e30.py",
    "config": {
        "seeds": [
            "0",
            "1",
            "2",
            "3",
            "4"
        ]
    },
    "prediction_type": null,
    "metrics": {
        "train": {
            "rmse": 13346.9981993316,
            "score": -13346.9981993316
        },
        "val": {
            "rmse": 26919.572934076263,
            "score": -26919.572934076263
        },
        "test": {
            "rmse": 29648.32806268942,
            "score": -29648.32806268942
        }
    }
}
