{
    "program": "bin/ensemble.py",
    "single_program": "/home/irubachev/repos/pretrains/bin/finetune___a7254e3be37f44669e1af1416428fca8.py",
    "config": {
        "seeds": [
            "0",
            "1",
            "2",
            "3",
            "4"
        ]
    },
    "prediction_type": null,
    "metrics": {
        "train": {
            "rmse": 1.666591670951171,
            "score": -1.666591670951171
        },
        "val": {
            "rmse": 1.837050677041297,
            "score": -1.837050677041297
        },
        "test": {
            "rmse": 1.8357817944304493,
            "score": -1.8357817944304493
        }
    }
}
