{
    "program": "bin/ensemble.py",
    "single_program": "/slot/sandbox/d/in/script/0_script_unpacked/pretrains/bin/finetune___57b725692d3a469d9e016b54484d907d.py",
    "config": {
        "seeds": [
            "5",
            "6",
            "7",
            "8",
            "9"
        ]
    },
    "prediction_type": null,
    "metrics": {
        "train": {
            "rmse": 4.498692703016836,
            "score": -4.498692703016836
        },
        "val": {
            "rmse": 5.4254777971113555,
            "score": -5.4254777971113555
        },
        "test": {
            "rmse": 5.669751036194972,
            "score": -5.669751036194972
        }
    }
}
