{
    "program": "bin/ensemble.py",
    "single_program": "/slot/sandbox/d/in/script/0_script_unpacked/pretrains/bin/pretrain_supervised_contrastive___51e8f2446fe344f0aeb26e813c9353ad.py",
    "config": {
        "seeds": [
            "10",
            "11",
            "12",
            "13",
            "14"
        ]
    },
    "prediction_type": null,
    "metrics": {
        "train": {
            "rmse": 11483.37682526072,
            "score": -11483.37682526072
        },
        "val": {
            "rmse": 27146.131037824885,
            "score": -27146.131037824885
        },
        "test": {
            "rmse": 30085.826907173298,
            "score": -30085.826907173298
        }
    }
}
