{
    "program": "bin/ensemble.py",
    "single_program": "/slot/sandbox/d/in/script/0_script_unpacked/pretrains/bin/pretrain_mask___84dcf295a87f4c96aaa58c11b1c0f631.py",
    "config": {
        "seeds": [
            "5",
            "6",
            "7",
            "8",
            "9"
        ]
    },
    "prediction_type": null,
    "metrics": {
        "train": {
            "rmse": 0.7062645880194508,
            "score": -0.7062645880194508
        },
        "val": {
            "rmse": 0.7406588615029529,
            "score": -0.7406588615029529
        },
        "test": {
            "rmse": 0.7446128191943047,
            "score": -0.7446128191943047
        }
    }
}
