{
    "program": "bin/ensemble.py",
    "single_program": "/slot/sandbox/d/in/script/0_script_unpacked/pretrains/bin/pretrain_mask_fast___4ca11882313249ceb3ba09f8e6c5bb09.py",
    "config": {
        "seeds": [
            "10",
            "11",
            "12",
            "13",
            "14"
        ]
    },
    "prediction_type": null,
    "metrics": {
        "train": {
            "rmse": 0.716537870915123,
            "score": -0.716537870915123
        },
        "val": {
            "rmse": 0.7431634571153553,
            "score": -0.7431634571153553
        },
        "test": {
            "rmse": 0.7457081824809719,
            "score": -0.7457081824809719
        }
    }
}
