{
    "program": "bin/ensemble.py",
    "single_program": "/slot/sandbox/d/in/script/0_script_unpacked/pretrains/bin/pretrain_ae_supervised___dd96cb44a99d417ca888d581fc704029.py",
    "config": {
        "seeds": [
            "10",
            "11",
            "12",
            "13",
            "14"
        ]
    },
    "prediction_type": null,
    "metrics": {
        "train": {
            "rmse": 0.7112615088707478,
            "score": -0.7112615088707478
        },
        "val": {
            "rmse": 0.7415961596128676,
            "score": -0.7415961596128676
        },
        "test": {
            "rmse": 0.7455745144472096,
            "score": -0.7455745144472096
        }
    }
}
