{
    "program": "bin/ensemble.py",
    "single_program": "/slot/sandbox/d/in/script/0_script_unpacked/pretrains/bin/pretrain_mask___b127fa94b2cf49688186006d3f084790.py",
    "config": {
        "seeds": [
            "0",
            "1",
            "2",
            "3",
            "4"
        ]
    },
    "prediction_type": "probs",
    "metrics": {
        "train": {
            "0": {
                "precision": 0.9154860532379038,
                "recall": 0.9443742098609356,
                "f1-score": 0.9297057798576193,
                "support": 19775
            },
            "1": {
                "precision": 0.8052752699592848,
                "recall": 0.7251713693607524,
                "f1-score": 0.7631269921154168,
                "support": 6273
            },
            "accuracy": 0.8915847665847666,
            "macro avg": {
                "precision": 0.8603806615985943,
                "recall": 0.834772789610844,
                "f1-score": 0.846416385986518,
                "support": 26048
            },
            "weighted avg": {
                "precision": 0.8889445819730553,
                "recall": 0.8915847665847666,
                "f1-score": 0.889589504692277,
                "support": 26048
            },
            "roc_auc": 0.948665105584647,
            "score": 0.948665105584647
        },
        "val": {
            "0": {
                "precision": 0.9029544120524359,
                "recall": 0.9332659251769464,
                "f1-score": 0.9178599840891011,
                "support": 4945
            },
            "1": {
                "precision": 0.7646219686162625,
                "recall": 0.6836734693877551,
                "f1-score": 0.7218855218855218,
                "support": 1568
            },
            "accuracy": 0.8731767234761246,
            "macro avg": {
                "precision": 0.8337881903343491,
                "recall": 0.8084696972823507,
                "f1-score": 0.8198727529873114,
                "support": 6513
            },
            "weighted avg": {
                "precision": 0.8696509771824958,
                "recall": 0.8731767234761246,
                "f1-score": 0.8706792752398439,
                "support": 6513
            },
            "roc_auc": 0.9314202399867935,
            "score": 0.9314202399867935
        },
        "test": {
            "0": {
                "precision": 0.901491609695463,
                "recall": 0.9331724969843185,
                "f1-score": 0.9170585213577271,
                "support": 12435
            },
            "1": {
                "precision": 0.7562334995599883,
                "recall": 0.6703068122724909,
                "f1-score": 0.7106822880771881,
                "support": 3846
            },
            "accuracy": 0.8710767151894847,
            "macro avg": {
                "precision": 0.8288625546277257,
                "recall": 0.8017396546284047,
                "f1-score": 0.8138704047174576,
                "support": 16281
            },
            "weighted avg": {
                "precision": 0.8671778272754007,
                "recall": 0.8710767151894847,
                "f1-score": 0.8683070323093302,
                "support": 16281
            },
            "roc_auc": 0.9274405901849261,
            "score": 0.9274405901849261
        }
    }
}
