{
    "program": "bin/ensemble.py",
    "single_program": "/slot/sandbox/d/in/script/0_script_unpacked/pretrains/bin/pretrain_ae_mask___d4e106bbfacf424aa229127994b48f79.py",
    "config": {
        "seeds": [
            "10",
            "11",
            "12",
            "13",
            "14"
        ]
    },
    "prediction_type": "probs",
    "metrics": {
        "train": {
            "0": {
                "precision": 0.8972577696526508,
                "recall": 0.9631083202511774,
                "f1-score": 0.9290176036342986,
                "support": 5096
            },
            "1": {
                "precision": 0.7978494623655914,
                "recall": 0.5690184049079755,
                "f1-score": 0.6642793196060879,
                "support": 1304
            },
            "accuracy": 0.8828125,
            "macro avg": {
                "precision": 0.847553616009121,
                "recall": 0.7660633625795765,
                "f1-score": 0.7966484616201932,
                "support": 6400
            },
            "weighted avg": {
                "precision": 0.8770033270429124,
                "recall": 0.8828125,
                "f1-score": 0.8750771782635508,
                "support": 6400
            },
            "roc_auc": 0.905526468492069,
            "score": 0.905526468492069
        },
        "val": {
            "0": {
                "precision": 0.8849235251274581,
                "recall": 0.9536891679748822,
                "f1-score": 0.9180204004533433,
                "support": 1274
            },
            "1": {
                "precision": 0.7400881057268722,
                "recall": 0.5153374233128835,
                "f1-score": 0.6075949367088608,
                "support": 326
            },
            "accuracy": 0.864375,
            "macro avg": {
                "precision": 0.8125058154271652,
                "recall": 0.7345132956438829,
                "f1-score": 0.762807668581102,
                "support": 1600
            },
            "weighted avg": {
                "precision": 0.8554133084245886,
                "recall": 0.864375,
                "f1-score": 0.854771212215405,
                "support": 1600
            },
            "roc_auc": 0.8709609846770233,
            "score": 0.8709609846770233
        },
        "test": {
            "0": {
                "precision": 0.8774566473988439,
                "recall": 0.9529190207156308,
                "f1-score": 0.9136322600060186,
                "support": 1593
            },
            "1": {
                "precision": 0.7222222222222222,
                "recall": 0.47911547911547914,
                "f1-score": 0.5760709010339734,
                "support": 407
            },
            "accuracy": 0.8565,
            "macro avg": {
                "precision": 0.7998394348105331,
                "recall": 0.716017249915555,
                "f1-score": 0.744851580519996,
                "support": 2000
            },
            "weighted avg": {
                "precision": 0.8458664418754013,
                "recall": 0.8565,
                "f1-score": 0.8449385234552075,
                "support": 2000
            },
            "roc_auc": 0.8582449938382141,
            "score": 0.8582449938382141
        }
    }
}
