{
    "program": "bin/ensemble.py",
    "single_program": "/slot/sandbox/d/in/script/0_script_unpacked/pretrains/bin/pretrain_mask___80d1755969cd4206af31fc63fa65dcf6.py",
    "config": {
        "seeds": [
            "10",
            "11",
            "12",
            "13",
            "14"
        ]
    },
    "prediction_type": "probs",
    "metrics": {
        "train": {
            "0": {
                "precision": 0.902407129365041,
                "recall": 0.9421997471554994,
                "f1-score": 0.9218742269061403,
                "support": 19775
            },
            "1": {
                "precision": 0.7883725236067395,
                "recall": 0.6787820819384665,
                "f1-score": 0.7294843241391126,
                "support": 6273
            },
            "accuracy": 0.878762285012285,
            "macro avg": {
                "precision": 0.8453898264858902,
                "recall": 0.810490914546983,
                "f1-score": 0.8256792755226264,
                "support": 26048
            },
            "weighted avg": {
                "precision": 0.8749447874607941,
                "recall": 0.878762285012285,
                "f1-score": 0.8755419994776403,
                "support": 26048
            },
            "roc_auc": 0.9356296273455782,
            "score": 0.9356296273455782
        },
        "val": {
            "0": {
                "precision": 0.8933745412401004,
                "recall": 0.9352881698685541,
                "f1-score": 0.9138510175854574,
                "support": 4945
            },
            "1": {
                "precision": 0.7604790419161677,
                "recall": 0.6479591836734694,
                "f1-score": 0.699724517906336,
                "support": 1568
            },
            "accuracy": 0.8661139259941655,
            "macro avg": {
                "precision": 0.826926791578134,
                "recall": 0.7916236767710118,
                "f1-score": 0.8067877677458968,
                "support": 6513
            },
            "weighted avg": {
                "precision": 0.861380046699961,
                "recall": 0.8661139259941655,
                "f1-score": 0.862300218952437,
                "support": 6513
            },
            "roc_auc": 0.9243505086564454,
            "score": 0.9243505086564454
        },
        "test": {
            "0": {
                "precision": 0.894477393514596,
                "recall": 0.9338962605548854,
                "f1-score": 0.9137619010150289,
                "support": 12435
            },
            "1": {
                "precision": 0.750758035172832,
                "recall": 0.6437857514300572,
                "f1-score": 0.6931690929451289,
                "support": 3846
            },
            "accuracy": 0.8653645353479515,
            "macro avg": {
                "precision": 0.822617714343714,
                "recall": 0.7888410059924713,
                "f1-score": 0.8034654969800789,
                "support": 16281
            },
            "weighted avg": {
                "precision": 0.8605271047004921,
                "recall": 0.8653645353479515,
                "f1-score": 0.8616520834462778,
                "support": 16281
            },
            "roc_auc": 0.9198674396513455,
            "score": 0.9198674396513455
        }
    }
}
