{
    "program": "bin/ensemble.py",
    "single_program": "/slot/sandbox/d/in/script/0_script_unpacked/pretrains/bin/pretrain_ae_ddp___4ce092882a194b96b614163477ac64cc.py",
    "config": {
        "seeds": [
            "10",
            "11",
            "12",
            "13",
            "14"
        ]
    },
    "prediction_type": null,
    "metrics": {
        "train": {
            "rmse": 1.6142427626461642,
            "score": -1.6142427626461642
        },
        "val": {
            "rmse": 1.8315222088929843,
            "score": -1.8315222088929843
        },
        "test": {
            "rmse": 1.8330097483765033,
            "score": -1.8330097483765033
        }
    }
}
