{
    "program": "bin/ensemble.py",
    "single_program": "/slot/sandbox/d/in/script/0_script_unpacked/pretrains/bin/pretrain_ae___8904eda518904b4da54bab70854453b6.py",
    "config": {
        "seeds": [
            "0",
            "1",
            "2",
            "3",
            "4"
        ]
    },
    "prediction_type": "probs",
    "metrics": {
        "train": {
            "0": {
                "precision": 0.9286854709952103,
                "recall": 0.9948688711516533,
                "f1-score": 0.9606385906963942,
                "support": 1754
            },
            "1": {
                "precision": 0.9833055091819699,
                "recall": 0.9231974921630094,
                "f1-score": 0.952303961196443,
                "support": 638
            },
            "2": {
                "precision": 0.9946319018404908,
                "recall": 0.966467958271237,
                "f1-score": 0.9803476946334089,
                "support": 1342
            },
            "3": {
                "precision": 1.0,
                "recall": 0.985632183908046,
                "f1-score": 0.9927641099855282,
                "support": 696
            },
            "4": {
                "precision": 0.9967567567567568,
                "recall": 0.9766949152542372,
                "f1-score": 0.9866238630283575,
                "support": 1888
            },
            "accuracy": 0.9751503640392529,
            "macro avg": {
                "precision": 0.9806759277548857,
                "recall": 0.9693722841496365,
                "f1-score": 0.9745356439080265,
                "support": 6318
            },
            "weighted avg": {
                "precision": 0.9764064577414356,
                "recall": 0.9751503640392529,
                "f1-score": 0.9752874794983076,
                "support": 6318
            },
            "score": 0.9751503640392529
        },
        "val": {
            "0": {
                "precision": 0.7374749498997996,
                "recall": 0.8382687927107062,
                "f1-score": 0.7846481876332623,
                "support": 439
            },
            "1": {
                "precision": 0.6,
                "recall": 0.5625,
                "f1-score": 0.5806451612903225,
                "support": 160
            },
            "2": {
                "precision": 0.6993670886075949,
                "recall": 0.6597014925373135,
                "f1-score": 0.6789554531490015,
                "support": 335
            },
            "3": {
                "precision": 0.6204819277108434,
                "recall": 0.5919540229885057,
                "f1-score": 0.6058823529411765,
                "support": 174
            },
            "4": {
                "precision": 0.7416481069042317,
                "recall": 0.7055084745762712,
                "f1-score": 0.7231270358306188,
                "support": 472
            },
            "accuracy": 0.7056962025316456,
            "macro avg": {
                "precision": 0.679794414624494,
                "recall": 0.6715865565625593,
                "f1-score": 0.6746516381688763,
                "support": 1580
            },
            "weighted avg": {
                "precision": 0.703836227575975,
                "recall": 0.7056962025316456,
                "f1-score": 0.7035147767760672,
                "support": 1580
            },
            "score": 0.7056962025316456
        },
        "test": {
            "0": {
                "precision": 0.74,
                "recall": 0.8102189781021898,
                "f1-score": 0.7735191637630662,
                "support": 548
            },
            "1": {
                "precision": 0.6285714285714286,
                "recall": 0.55,
                "f1-score": 0.5866666666666667,
                "support": 200
            },
            "2": {
                "precision": 0.6505102040816326,
                "recall": 0.6071428571428571,
                "f1-score": 0.6280788177339901,
                "support": 420
            },
            "3": {
                "precision": 0.6108108108108108,
                "recall": 0.5207373271889401,
                "f1-score": 0.5621890547263682,
                "support": 217
            },
            "4": {
                "precision": 0.6886035313001605,
                "recall": 0.7271186440677966,
                "f1-score": 0.7073371805441054,
                "support": 590
            },
            "accuracy": 0.6840506329113925,
            "macro avg": {
                "precision": 0.6636991949528065,
                "recall": 0.6430435613003567,
                "f1-score": 0.6515581766868392,
                "support": 1975
            },
            "weighted avg": {
                "precision": 0.6801370130843605,
                "recall": 0.6840506329113925,
                "f1-score": 0.680677924010336,
                "support": 1975
            },
            "score": 0.6840506329113925
        }
    }
}
