{
    "program": "bin/ensemble.py",
    "single_program": "/slot/sandbox/d/in/script/0_script_unpacked/pretrains/bin/pretrain_ae___8f456e26d7d949259d2dc200c0ce0c20.py",
    "config": {
        "seeds": [
            "0",
            "1",
            "2",
            "3",
            "4"
        ]
    },
    "prediction_type": null,
    "metrics": {
        "train": {
            "rmse": 0.2836062151550158,
            "score": -0.2836062151550158
        },
        "val": {
            "rmse": 0.4237178250294983,
            "score": -0.4237178250294983
        },
        "test": {
            "rmse": 0.41820103941671194,
            "score": -0.41820103941671194
        }
    }
}
