{
    "program": "bin/ensemble.py",
    "single_program": "/slot/sandbox/d/in/script/0_script_unpacked/pretrains/bin/pretrain_ae_ddp___7be139f1917541c8b0c195cd3e5f5fbb.py",
    "config": {
        "seeds": [
            "10",
            "11",
            "12",
            "13",
            "14"
        ]
    },
    "prediction_type": null,
    "metrics": {
        "train": {
            "rmse": 0.7053397116056773,
            "score": -0.7053397116056773
        },
        "val": {
            "rmse": 0.7401940398732433,
            "score": -0.7401940398732433
        },
        "test": {
            "rmse": 0.743259862036296,
            "score": -0.743259862036296
        }
    }
}
