{
    "program": "bin/ensemble.py",
    "single_program": "/slot/sandbox/d/in/script/0_script_unpacked/pretrains/bin/pretrain_ae___bc31f3b40ec44b5b997b5c3a26894238.py",
    "config": {
        "seeds": [
            "10",
            "11",
            "12",
            "13",
            "14"
        ]
    },
    "prediction_type": "probs",
    "metrics": {
        "train": {
            "0": {
                "precision": 0.9010339734121122,
                "recall": 0.957613814756672,
                "f1-score": 0.9284627092846272,
                "support": 5096
            },
            "1": {
                "precision": 0.7804878048780488,
                "recall": 0.588957055214724,
                "f1-score": 0.6713286713286715,
                "support": 1304
            },
            "accuracy": 0.8825,
            "macro avg": {
                "precision": 0.8407608891450805,
                "recall": 0.7732854349856979,
                "f1-score": 0.7998956903066493,
                "support": 6400
            },
            "weighted avg": {
                "precision": 0.8764726915732969,
                "recall": 0.8825,
                "f1-score": 0.8760716490511011,
                "support": 6400
            },
            "roc_auc": 0.903360689485799,
            "score": 0.903360689485799
        },
        "val": {
            "0": {
                "precision": 0.8848973607038123,
                "recall": 0.9474097331240189,
                "f1-score": 0.9150871872630781,
                "support": 1274
            },
            "1": {
                "precision": 0.7161016949152542,
                "recall": 0.5184049079754601,
                "f1-score": 0.6014234875444839,
                "support": 326
            },
            "accuracy": 0.86,
            "macro avg": {
                "precision": 0.8004995278095333,
                "recall": 0.7329073205497395,
                "f1-score": 0.758255337403781,
                "support": 1600
            },
            "weighted avg": {
                "precision": 0.8505052437993936,
                "recall": 0.86,
                "f1-score": 0.8511782084454146,
                "support": 1600
            },
            "roc_auc": 0.8762893548169622,
            "score": 0.8762893548169622
        },
        "test": {
            "0": {
                "precision": 0.8853801169590644,
                "recall": 0.9504080351537979,
                "f1-score": 0.9167423554344536,
                "support": 1593
            },
            "1": {
                "precision": 0.7275862068965517,
                "recall": 0.5184275184275184,
                "f1-score": 0.6054519368723099,
                "support": 407
            },
            "accuracy": 0.8625,
            "macro avg": {
                "precision": 0.8064831619278081,
                "recall": 0.7344177767906581,
                "f1-score": 0.7610971461533818,
                "support": 2000
            },
            "weighted avg": {
                "precision": 0.8532690562613432,
                "recall": 0.8625,
                "f1-score": 0.8533947552570573,
                "support": 2000
            },
            "roc_auc": 0.86584273024951,
            "score": 0.86584273024951
        }
    }
}
