{
    "program": "bin/ensemble.py",
    "single_program": "/slot/sandbox/d/in/script/0_script_unpacked/pretrains/bin/finetune___d20b915e43354c7eb4299c27c879a349.py",
    "config": {
        "seeds": [
            "5",
            "6",
            "7",
            "8",
            "9"
        ]
    },
    "prediction_type": "probs",
    "metrics": {
        "train": {
            "0": {
                "precision": 0.9180672268907563,
                "recall": 0.9965792474344356,
                "f1-score": 0.9557135046473483,
                "support": 1754
            },
            "1": {
                "precision": 0.9913793103448276,
                "recall": 0.9012539184952978,
                "f1-score": 0.9441707717569786,
                "support": 638
            },
            "2": {
                "precision": 0.993140243902439,
                "recall": 0.9709388971684053,
                "f1-score": 0.9819140919366993,
                "support": 1342
            },
            "3": {
                "precision": 0.9956458635703919,
                "recall": 0.985632183908046,
                "f1-score": 0.9906137184115524,
                "support": 696
            },
            "4": {
                "precision": 0.9967266775777414,
                "recall": 0.9676906779661016,
                "f1-score": 0.9819940876108574,
                "support": 1888
            },
            "accuracy": 0.9716682494460273,
            "macro avg": {
                "precision": 0.9789918644572312,
                "recall": 0.9644189849944572,
                "f1-score": 0.9708812348726872,
                "support": 6318
            },
            "weighted avg": {
                "precision": 0.9734684412148193,
                "recall": 0.9716682494460273,
                "f1-score": 0.9718111960011383,
                "support": 6318
            },
            "score": 0.9716682494460273
        },
        "val": {
            "0": {
                "precision": 0.7211538461538461,
                "recall": 0.8542141230068337,
                "f1-score": 0.7820646506777894,
                "support": 439
            },
            "1": {
                "precision": 0.6535433070866141,
                "recall": 0.51875,
                "f1-score": 0.578397212543554,
                "support": 160
            },
            "2": {
                "precision": 0.6952380952380952,
                "recall": 0.6537313432835821,
                "f1-score": 0.6738461538461538,
                "support": 335
            },
            "3": {
                "precision": 0.6335403726708074,
                "recall": 0.5862068965517241,
                "f1-score": 0.608955223880597,
                "support": 174
            },
            "4": {
                "precision": 0.737417943107221,
                "recall": 0.7139830508474576,
                "f1-score": 0.7255113024757804,
                "support": 472
            },
            "accuracy": 0.7063291139240506,
            "macro avg": {
                "precision": 0.6881787128513167,
                "recall": 0.6653770827379195,
                "f1-score": 0.673754908684775,
                "support": 1580
            },
            "weighted avg": {
                "precision": 0.7040224832224604,
                "recall": 0.7063291139240506,
                "f1-score": 0.7025366714663114,
                "support": 1580
            },
            "score": 0.7063291139240506
        },
        "test": {
            "0": {
                "precision": 0.7272727272727273,
                "recall": 0.8175182481751825,
                "f1-score": 0.7697594501718212,
                "support": 548
            },
            "1": {
                "precision": 0.650887573964497,
                "recall": 0.55,
                "f1-score": 0.5962059620596206,
                "support": 200
            },
            "2": {
                "precision": 0.6683168316831684,
                "recall": 0.6428571428571429,
                "f1-score": 0.6553398058252428,
                "support": 420
            },
            "3": {
                "precision": 0.5913978494623656,
                "recall": 0.5069124423963134,
                "f1-score": 0.5459057071960297,
                "support": 217
            },
            "4": {
                "precision": 0.6966666666666667,
                "recall": 0.7084745762711865,
                "f1-score": 0.7025210084033613,
                "support": 590
            },
            "accuracy": 0.6865822784810126,
            "macro avg": {
                "precision": 0.666908329809885,
                "recall": 0.645152481939965,
                "f1-score": 0.6539463867312151,
                "support": 1975
            },
            "weighted avg": {
                "precision": 0.6829279520566842,
                "recall": 0.6865822784810126,
                "f1-score": 0.683170138213775,
                "support": 1975
            },
            "score": 0.6865822784810126
        }
    }
}
