{
    "program": "bin/ensemble.py",
    "single_program": "/slot/sandbox/d/in/script/0_script_unpacked/pretrains/bin/finetune___b77db460f7ad483dabb899b1adac9b10.py",
    "config": {
        "seeds": [
            "5",
            "6",
            "7",
            "8",
            "9"
        ]
    },
    "prediction_type": "probs",
    "metrics": {
        "train": {
            "0": {
                "precision": 0.766339586006033,
                "recall": 0.7471435332296666,
                "f1-score": 0.7566198243842321,
                "support": 29582
            },
            "1": {
                "precision": 0.7794161014450015,
                "recall": 0.7968283638337001,
                "f1-score": 0.7880260588261602,
                "support": 33169
            },
            "accuracy": 0.7734060014979841,
            "macro avg": {
                "precision": 0.7728778437255173,
                "recall": 0.7719859485316833,
                "f1-score": 0.7723229416051962,
                "support": 62751
            },
            "weighted avg": {
                "precision": 0.7732515864617252,
                "recall": 0.7734060014979841,
                "f1-score": 0.7732205700329757,
                "support": 62751
            },
            "roc_auc": 0.8606041865906728,
            "score": 0.8606041865906728
        },
        "val": {
            "0": {
                "precision": 0.7346909712332669,
                "recall": 0.6975392103839914,
                "f1-score": 0.7156332362324872,
                "support": 7396
            },
            "1": {
                "precision": 0.7418647588276022,
                "recall": 0.7753256150506512,
                "f1-score": 0.7582262059205095,
                "support": 8292
            },
            "accuracy": 0.7386537480877103,
            "macro avg": {
                "precision": 0.7382778650304345,
                "recall": 0.7364324127173213,
                "f1-score": 0.7369297210764983,
                "support": 15688
            },
            "weighted avg": {
                "precision": 0.7384827258694364,
                "recall": 0.7386537480877103,
                "f1-score": 0.7381460424954321,
                "support": 15688
            },
            "roc_auc": 0.8209502039798308,
            "score": 0.8209502039798308
        },
        "test": {
            "0": {
                "precision": 0.7275475923852184,
                "recall": 0.7027582477014602,
                "f1-score": 0.7149381017881706,
                "support": 9245
            },
            "1": {
                "precision": 0.7426966292134831,
                "recall": 0.7652677279305354,
                "f1-score": 0.7538132573057732,
                "support": 10365
            },
            "accuracy": 0.7357980622131566,
            "macro avg": {
                "precision": 0.7351221107993507,
                "recall": 0.7340129878159978,
                "f1-score": 0.7343756795469719,
                "support": 19610
            },
            "weighted avg": {
                "precision": 0.7355547197041864,
                "recall": 0.7357980622131566,
                "f1-score": 0.735485831871799,
                "support": 19610
            },
            "roc_auc": 0.8145753340027868,
            "score": 0.8145753340027868
        }
    }
}
