{
    "program": "bin/ensemble.py",
    "single_program": "/slot/sandbox/d/in/script/0_script_unpacked/pretrains/bin/pretrain_contrastive___985c33b1e2224f25a667ee03e82a45d0.py",
    "config": {
        "seeds": [
            "5",
            "6",
            "7",
            "8",
            "9"
        ]
    },
    "prediction_type": "probs",
    "metrics": {
        "train": {
            "0": {
                "precision": 0.9851384590384317,
                "recall": 0.9837215477437342,
                "f1-score": 0.9844294935433513,
                "support": 135578
            },
            "1": {
                "precision": 0.9876191211506221,
                "recall": 0.9877062742675609,
                "f1-score": 0.9876626957864549,
                "support": 181312
            },
            "2": {
                "precision": 0.9929968287526427,
                "recall": 0.9852722664102789,
                "f1-score": 0.9891194665028737,
                "support": 22882
            },
            "3": {
                "precision": 0.9646662927650028,
                "recall": 0.9778283115406481,
                "f1-score": 0.9712027103331452,
                "support": 1759
            },
            "4": {
                "precision": 0.9524886877828054,
                "recall": 0.9702057613168724,
                "f1-score": 0.9612655956943652,
                "support": 6075
            },
            "5": {
                "precision": 0.9744159189837435,
                "recall": 0.9868645973909131,
                "f1-score": 0.9806007509386733,
                "support": 11115
            },
            "6": {
                "precision": 0.9808391396546501,
                "recall": 0.9866676824622886,
                "f1-score": 0.9837447778199772,
                "support": 13126
            },
            "accuracy": 0.9857091760858633,
            "macro avg": {
                "precision": 0.9768806354468426,
                "recall": 0.9826094915903282,
                "f1-score": 0.9797179272312629,
                "support": 371847
            },
            "weighted avg": {
                "precision": 0.9857290708354711,
                "recall": 0.9857091760858633,
                "f1-score": 0.9857149783869188,
                "support": 371847
            },
            "score": 0.9857091760858633
        },
        "val": {
            "0": {
                "precision": 0.9637539879475363,
                "recall": 0.9625597450876261,
                "f1-score": 0.9631564963245063,
                "support": 33894
            },
            "1": {
                "precision": 0.9703890028904922,
                "recall": 0.9702391457818567,
                "f1-score": 0.9703140685501218,
                "support": 45328
            },
            "2": {
                "precision": 0.9720513271225172,
                "recall": 0.9666142282817689,
                "f1-score": 0.9693251533742332,
                "support": 5721
            },
            "3": {
                "precision": 0.9159090909090909,
                "recall": 0.9179954441913439,
                "f1-score": 0.9169510807736063,
                "support": 439
            },
            "4": {
                "precision": 0.8876551273677336,
                "recall": 0.8946675444371297,
                "f1-score": 0.8911475409836066,
                "support": 1519
            },
            "5": {
                "precision": 0.935847726471625,
                "recall": 0.955379632961497,
                "f1-score": 0.9455128205128205,
                "support": 2779
            },
            "6": {
                "precision": 0.9592952612393681,
                "recall": 0.9622181596587447,
                "f1-score": 0.9607544873745056,
                "support": 3282
            },
            "accuracy": 0.9650072072459714,
            "macro avg": {
                "precision": 0.9435573605640518,
                "recall": 0.9470962714857096,
                "f1-score": 0.9453088068419143,
                "support": 92962
            },
            "weighted avg": {
                "precision": 0.9650387915666065,
                "recall": 0.9650072072459714,
                "f1-score": 0.9650190678244733,
                "support": 92962
            },
            "score": 0.9650072072459714
        },
        "test": {
            "0": {
                "precision": 0.9636380830791782,
                "recall": 0.9620232250755287,
                "f1-score": 0.9628299769680506,
                "support": 42368
            },
            "1": {
                "precision": 0.9686276584488414,
                "recall": 0.9693969396939695,
                "f1-score": 0.9690121463918071,
                "support": 56661
            },
            "2": {
                "precision": 0.9686092342342343,
                "recall": 0.9622430429310586,
                "f1-score": 0.9654156436338127,
                "support": 7151
            },
            "3": {
                "precision": 0.895117540687161,
                "recall": 0.9016393442622951,
                "f1-score": 0.8983666061705988,
                "support": 549
            },
            "4": {
                "precision": 0.8831923890063424,
                "recall": 0.8799368088467614,
                "f1-score": 0.8815615932471643,
                "support": 1899
            },
            "5": {
                "precision": 0.9345979614949037,
                "recall": 0.9504750935790383,
                "f1-score": 0.9424696645253389,
                "support": 3473
            },
            "6": {
                "precision": 0.9626122845350813,
                "recall": 0.9666016577279376,
                "f1-score": 0.9646028463690548,
                "support": 4102
            },
            "accuracy": 0.963821932308116,
            "macro avg": {
                "precision": 0.9394850216408204,
                "recall": 0.9417594445880841,
                "f1-score": 0.9406083539008325,
                "support": 116203
            },
            "weighted avg": {
                "precision": 0.9638344180552347,
                "recall": 0.963821932308116,
                "f1-score": 0.9638249590077738,
                "support": 116203
            },
            "score": 0.963821932308116
        }
    }
}
