{
    "program": "bin/ensemble.py",
    "single_program": "/slot/sandbox/d/in/script/0_script_unpacked/pretrains/bin/pretrain_ae_supervised___717c9ea51170408198ae78c9701d1be3.py",
    "config": {
        "seeds": [
            "10",
            "11",
            "12",
            "13",
            "14"
        ]
    },
    "prediction_type": null,
    "metrics": {
        "train": {
            "rmse": 0.28390222432717516,
            "score": -0.28390222432717516
        },
        "val": {
            "rmse": 0.42061676043562324,
            "score": -0.42061676043562324
        },
        "test": {
            "rmse": 0.4238892925751597,
            "score": -0.4238892925751597
        }
    }
}
