{
    "program": "bin/ensemble.py",
    "single_program": "/slot/sandbox/d/in/script/0_script_unpacked/pretrains/bin/finetune___3d4c0342d6fe4c25bbab33c1d0ac07de.py",
    "config": {
        "seeds": [
            "0",
            "1",
            "2",
            "3",
            "4"
        ]
    },
    "prediction_type": "probs",
    "metrics": {
        "train": {
            "0": {
                "precision": 0.8829588014981273,
                "recall": 0.7635627530364373,
                "f1-score": 0.818931828050369,
                "support": 1235
            },
            "1": {
                "precision": 0.7920774952430375,
                "recall": 0.8875751114557084,
                "f1-score": 0.8371115173674588,
                "support": 10318
            },
            "2": {
                "precision": 0.7109270040304523,
                "recall": 0.619875048809059,
                "f1-score": 0.6622861910721736,
                "support": 5122
            },
            "3": {
                "precision": 0.8454833597464342,
                "recall": 0.6196283391405343,
                "f1-score": 0.7151474530831099,
                "support": 1722
            },
            "4": {
                "precision": 0.9783599088838268,
                "recall": 0.980034227039361,
                "f1-score": 0.9791963522371046,
                "support": 1753
            },
            "5": {
                "precision": 0.9751106194690266,
                "recall": 0.9744638514260446,
                "f1-score": 0.9747871281654319,
                "support": 9046
            },
            "6": {
                "precision": 0.8473366282262493,
                "recall": 0.8492019812878371,
                "f1-score": 0.8482682792743265,
                "support": 1817
            },
            "7": {
                "precision": 0.9623963133640553,
                "recall": 0.9638176112239247,
                "f1-score": 0.9631064379265818,
                "support": 5417
            },
            "8": {
                "precision": 0.9256482349265854,
                "recall": 0.93440555029959,
                "f1-score": 0.9300062774639046,
                "support": 3171
            },
            "accuracy": 0.8737910658821747,
            "macro avg": {
                "precision": 0.880033151709755,
                "recall": 0.8436182748576108,
                "f1-score": 0.858760162737829,
                "support": 39601
            },
            "weighted avg": {
                "precision": 0.8733228402267047,
                "recall": 0.8737910658821747,
                "f1-score": 0.8715529339942012,
                "support": 39601
            },
            "logloss": 0.3289250384456528,
            "score": -0.3289250384456528
        },
        "val": {
            "0": {
                "precision": 0.6903765690376569,
                "recall": 0.5357142857142857,
                "f1-score": 0.6032906764168189,
                "support": 308
            },
            "1": {
                "precision": 0.7438524590163934,
                "recall": 0.8441860465116279,
                "f1-score": 0.7908496732026143,
                "support": 2580
            },
            "2": {
                "precision": 0.6191335740072202,
                "recall": 0.5355191256830601,
                "f1-score": 0.5742988698200084,
                "support": 1281
            },
            "3": {
                "precision": 0.7178683385579937,
                "recall": 0.531322505800464,
                "f1-score": 0.6106666666666666,
                "support": 431
            },
            "4": {
                "precision": 0.9747706422018348,
                "recall": 0.9703196347031964,
                "f1-score": 0.9725400457665904,
                "support": 438
            },
            "5": {
                "precision": 0.954136690647482,
                "recall": 0.9381078691423519,
                "f1-score": 0.9460543914400357,
                "support": 2262
            },
            "6": {
                "precision": 0.7417943107221007,
                "recall": 0.7466960352422908,
                "f1-score": 0.7442371020856202,
                "support": 454
            },
            "7": {
                "precision": 0.9161849710982659,
                "recall": 0.9364844903988183,
                "f1-score": 0.9262235208181154,
                "support": 1354
            },
            "8": {
                "precision": 0.8660049627791563,
                "recall": 0.880201765447667,
                "f1-score": 0.8730456535334584,
                "support": 793
            },
            "accuracy": 0.8191091808908191,
            "macro avg": {
                "precision": 0.8026802797853448,
                "recall": 0.7687279731826402,
                "f1-score": 0.7823562888611032,
                "support": 9901
            },
            "weighted avg": {
                "precision": 0.8164351508630848,
                "recall": 0.8191091808908191,
                "f1-score": 0.8156088212343852,
                "support": 9901
            },
            "logloss": 0.4647867004700292,
            "score": -0.4647867004700292
        },
        "test": {
            "0": {
                "precision": 0.696078431372549,
                "recall": 0.5518134715025906,
                "f1-score": 0.6156069364161849,
                "support": 386
            },
            "1": {
                "precision": 0.7463347164591978,
                "recall": 0.836848635235732,
                "f1-score": 0.7890042403860213,
                "support": 3224
            },
            "2": {
                "precision": 0.6090116279069767,
                "recall": 0.523422860712055,
                "f1-score": 0.5629828686597245,
                "support": 1601
            },
            "3": {
                "precision": 0.72,
                "recall": 0.5353159851301115,
                "f1-score": 0.6140724946695095,
                "support": 538
            },
            "4": {
                "precision": 0.9690909090909091,
                "recall": 0.9726277372262774,
                "f1-score": 0.970856102003643,
                "support": 548
            },
            "5": {
                "precision": 0.9510464703795672,
                "recall": 0.9483551467987266,
                "f1-score": 0.9496989018774352,
                "support": 2827
            },
            "6": {
                "precision": 0.7368421052631579,
                "recall": 0.7394366197183099,
                "f1-score": 0.7381370826010545,
                "support": 568
            },
            "7": {
                "precision": 0.9187757504414361,
                "recall": 0.9220318960425281,
                "f1-score": 0.9204009433962264,
                "support": 1693
            },
            "8": {
                "precision": 0.8539865513928915,
                "recall": 0.8970736629667003,
                "f1-score": 0.8750000000000001,
                "support": 991
            },
            "accuracy": 0.817792501616031,
            "macro avg": {
                "precision": 0.8001296180340761,
                "recall": 0.7696584461481145,
                "f1-score": 0.7817510633344222,
                "support": 12376
            },
            "weighted avg": {
                "precision": 0.8142567501870849,
                "recall": 0.817792501616031,
                "f1-score": 0.814037986660497,
                "support": 12376
            },
            "logloss": 0.46197664172421826,
            "score": -0.46197664172421826
        }
    }
}
