{
    "program": "bin/ensemble.py",
    "single_program": "/slot/sandbox/d/in/script/0_script_unpacked/pretrains/bin/pretrain_ae_supervised___85d39506febe4d39aa6734c9818b062b.py",
    "config": {
        "seeds": [
            "5",
            "6",
            "7",
            "8",
            "9"
        ]
    },
    "prediction_type": "probs",
    "metrics": {
        "train": {
            "0": {
                "precision": 0.8987411056376574,
                "recall": 0.966640502354788,
                "f1-score": 0.9314550439633166,
                "support": 5096
            },
            "1": {
                "precision": 0.8150163220892275,
                "recall": 0.5743865030674846,
                "f1-score": 0.6738641475483581,
                "support": 1304
            },
            "accuracy": 0.88671875,
            "macro avg": {
                "precision": 0.8568787138634424,
                "recall": 0.7705135027111363,
                "f1-score": 0.8026595957558373,
                "support": 6400
            },
            "weighted avg": {
                "precision": 0.8816821809896648,
                "recall": 0.88671875,
                "f1-score": 0.8789708988187687,
                "support": 6400
            },
            "roc_auc": 0.9111877865232927,
            "score": 0.9111877865232927
        },
        "val": {
            "0": {
                "precision": 0.883248730964467,
                "recall": 0.9560439560439561,
                "f1-score": 0.9182058047493404,
                "support": 1274
            },
            "1": {
                "precision": 0.746606334841629,
                "recall": 0.5061349693251533,
                "f1-score": 0.603290676416819,
                "support": 326
            },
            "accuracy": 0.864375,
            "macro avg": {
                "precision": 0.814927532903048,
                "recall": 0.7310894626845548,
                "f1-score": 0.7607482405830797,
                "support": 1600
            },
            "weighted avg": {
                "precision": 0.8554078427544387,
                "recall": 0.864375,
                "f1-score": 0.8540418473515891,
                "support": 1600
            },
            "roc_auc": 0.873431345166665,
            "score": 0.873431345166665
        },
        "test": {
            "0": {
                "precision": 0.8791714614499425,
                "recall": 0.9591964846202135,
                "f1-score": 0.9174422095466828,
                "support": 1593
            },
            "1": {
                "precision": 0.7519083969465649,
                "recall": 0.48402948402948404,
                "f1-score": 0.5889387144992526,
                "support": 407
            },
            "accuracy": 0.8625,
            "macro avg": {
                "precision": 0.8155399291982537,
                "recall": 0.7216129843248488,
                "f1-score": 0.7531904620229677,
                "support": 2000
            },
            "weighted avg": {
                "precision": 0.8532734278235051,
                "recall": 0.8625,
                "f1-score": 0.8505917483045307,
                "support": 2000
            },
            "roc_auc": 0.8587092485397569,
            "score": 0.8587092485397569
        }
    }
}
