{
    "program": "bin/ensemble.py",
    "single_program": "/slot/sandbox/d/in/script/0_script_unpacked/pretrains/bin/pretrain_ae_supervised___d10df16856ca4a889a0d388da46ffcc0.py",
    "config": {
        "seeds": [
            "10",
            "11",
            "12",
            "13",
            "14"
        ]
    },
    "prediction_type": "probs",
    "metrics": {
        "train": {
            "0": {
                "precision": 0.7687147481894336,
                "recall": 0.7786153742140491,
                "f1-score": 0.7736333865144008,
                "support": 29582
            },
            "1": {
                "precision": 0.8002622910821032,
                "recall": 0.7910699749766348,
                "f1-score": 0.7956395833649195,
                "support": 33169
            },
            "accuracy": 0.7851986422527131,
            "macro avg": {
                "precision": 0.7844885196357685,
                "recall": 0.784842674595342,
                "f1-score": 0.7846364849396601,
                "support": 62751
            },
            "weighted avg": {
                "precision": 0.7853901868311597,
                "recall": 0.7851986422527131,
                "f1-score": 0.785265448845437,
                "support": 62751
            },
            "roc_auc": 0.8723699667159788,
            "score": 0.8723699667159788
        },
        "val": {
            "0": {
                "precision": 0.7264279857884668,
                "recall": 0.7187669010275824,
                "f1-score": 0.722577137420144,
                "support": 7396
            },
            "1": {
                "precision": 0.7514934289127837,
                "recall": 0.7585624698504583,
                "f1-score": 0.755011403192894,
                "support": 8292
            },
            "accuracy": 0.7398011218765935,
            "macro avg": {
                "precision": 0.7389607073506252,
                "recall": 0.7386646854390204,
                "f1-score": 0.7387942703065189,
                "support": 15688
            },
            "weighted avg": {
                "precision": 0.7396764976693206,
                "recall": 0.7398011218765935,
                "f1-score": 0.7397204910527065,
                "support": 15688
            },
            "roc_auc": 0.8236702992217277,
            "score": 0.8236702992217277
        },
        "test": {
            "0": {
                "precision": 0.7196171219617122,
                "recall": 0.7237425635478637,
                "f1-score": 0.7216739470420106,
                "support": 9245
            },
            "1": {
                "precision": 0.7523273855702095,
                "recall": 0.7484804630969609,
                "f1-score": 0.7503989940513615,
                "support": 10365
            },
            "accuracy": 0.7368179500254972,
            "macro avg": {
                "precision": 0.7359722537659609,
                "recall": 0.7361115133224123,
                "f1-score": 0.736036470546686,
                "support": 19610
            },
            "weighted avg": {
                "precision": 0.736906356143358,
                "recall": 0.7368179500254972,
                "f1-score": 0.736856767656591,
                "support": 19610
            },
            "roc_auc": 0.8173802921332427,
            "score": 0.8173802921332427
        }
    }
}
