{
    "program": "bin/ensemble.py",
    "single_program": "/slot/sandbox/d/in/script/0_script_unpacked/pretrains/bin/pretrain_ae___bd47cb3e35704c519d308e5d6c1ad313.py",
    "config": {
        "seeds": [
            "5",
            "6",
            "7",
            "8",
            "9"
        ]
    },
    "prediction_type": "probs",
    "metrics": {
        "train": {
            "0": {
                "precision": 0.9558498896247241,
                "recall": 0.9874572405929305,
                "f1-score": 0.971396522714526,
                "support": 1754
            },
            "1": {
                "precision": 0.9658385093167702,
                "recall": 0.9749216300940439,
                "f1-score": 0.9703588143525741,
                "support": 638
            },
            "2": {
                "precision": 0.9969301611665388,
                "recall": 0.9679582712369598,
                "f1-score": 0.9822306238185256,
                "support": 1342
            },
            "3": {
                "precision": 1.0,
                "recall": 0.9813218390804598,
                "f1-score": 0.990572878897752,
                "support": 696
            },
            "4": {
                "precision": 0.9936034115138592,
                "recall": 0.9872881355932204,
                "f1-score": 0.9904357066950054,
                "support": 1888
            },
            "accuracy": 0.9813232035454258,
            "macro avg": {
                "precision": 0.9824443943243784,
                "recall": 0.9797894233195228,
                "f1-score": 0.9809989092956766,
                "support": 6318
            },
            "weighted avg": {
                "precision": 0.9817298500426601,
                "recall": 0.9813232035454258,
                "f1-score": 0.9813949445260665,
                "support": 6318
            },
            "score": 0.9813232035454258
        },
        "val": {
            "0": {
                "precision": 0.7494949494949495,
                "recall": 0.8451025056947609,
                "f1-score": 0.7944325481798716,
                "support": 439
            },
            "1": {
                "precision": 0.6172839506172839,
                "recall": 0.625,
                "f1-score": 0.6211180124223602,
                "support": 160
            },
            "2": {
                "precision": 0.740484429065744,
                "recall": 0.6388059701492538,
                "f1-score": 0.685897435897436,
                "support": 335
            },
            "3": {
                "precision": 0.673202614379085,
                "recall": 0.5919540229885057,
                "f1-score": 0.6299694189602446,
                "support": 174
            },
            "4": {
                "precision": 0.7588357588357588,
                "recall": 0.7733050847457628,
                "f1-score": 0.7660020986358868,
                "support": 472
            },
            "accuracy": 0.729746835443038,
            "macro avg": {
                "precision": 0.7078603404785643,
                "recall": 0.6948335167156566,
                "f1-score": 0.69948390281916,
                "support": 1580
            },
            "weighted avg": {
                "precision": 0.7285846403395642,
                "recall": 0.729746835443038,
                "f1-score": 0.72726460830342,
                "support": 1580
            },
            "score": 0.729746835443038
        },
        "test": {
            "0": {
                "precision": 0.7520661157024794,
                "recall": 0.8302919708029197,
                "f1-score": 0.7892454466608847,
                "support": 548
            },
            "1": {
                "precision": 0.6269430051813472,
                "recall": 0.605,
                "f1-score": 0.6157760814249363,
                "support": 200
            },
            "2": {
                "precision": 0.6718346253229974,
                "recall": 0.6190476190476191,
                "f1-score": 0.644361833952912,
                "support": 420
            },
            "3": {
                "precision": 0.6666666666666666,
                "recall": 0.5253456221198156,
                "f1-score": 0.5876288659793814,
                "support": 217
            },
            "4": {
                "precision": 0.7189014539579968,
                "recall": 0.7542372881355932,
                "f1-score": 0.7361455748552523,
                "support": 590
            },
            "accuracy": 0.7063291139240506,
            "macro avg": {
                "precision": 0.6872823733662974,
                "recall": 0.6667845000211896,
                "f1-score": 0.6746315605746733,
                "support": 1975
            },
            "weighted avg": {
                "precision": 0.703042987128492,
                "recall": 0.7063291139240506,
                "f1-score": 0.7028531870367087,
                "support": 1975
            },
            "score": 0.7063291139240506
        }
    }
}
