{
    "program": "bin/ensemble.py",
    "single_program": "/slot/sandbox/d/in/script/0_script_unpacked/pretrains/bin/augmented_supervised___593358efce1f480f9ae1569a6df8e905.py",
    "config": {
        "seeds": [
            "5",
            "6",
            "7",
            "8",
            "9"
        ]
    },
    "prediction_type": "probs",
    "metrics": {
        "train": {
            "0": {
                "precision": 0.7807250526025318,
                "recall": 0.7651274423635995,
                "f1-score": 0.7728475577484507,
                "support": 29582
            },
            "1": {
                "precision": 0.7941943127962086,
                "recall": 0.8083451415478308,
                "f1-score": 0.8012072494733224,
                "support": 33169
            },
            "accuracy": 0.7879715064301764,
            "macro avg": {
                "precision": 0.7874596826993702,
                "recall": 0.7867362919557152,
                "f1-score": 0.7870274036108866,
                "support": 62751
            },
            "weighted avg": {
                "precision": 0.7878446505589637,
                "recall": 0.7879715064301764,
                "f1-score": 0.787837958137644,
                "support": 62751
            },
            "roc_auc": 0.8744683159384051,
            "score": 0.8744683159384051
        },
        "val": {
            "0": {
                "precision": 0.732500354962374,
                "recall": 0.6975392103839914,
                "f1-score": 0.7145924232980124,
                "support": 7396
            },
            "1": {
                "precision": 0.7412377096587623,
                "recall": 0.7727930535455861,
                "f1-score": 0.7566865442522289,
                "support": 8292
            },
            "accuracy": 0.7373151453340132,
            "macro avg": {
                "precision": 0.7368690323105682,
                "recall": 0.7351661319647887,
                "f1-score": 0.7356394837751207,
                "support": 15688
            },
            "weighted avg": {
                "precision": 0.7371185437144426,
                "recall": 0.7373151453340132,
                "f1-score": 0.7368415596412278,
                "support": 15688
            },
            "roc_auc": 0.8199399252852286,
            "score": 0.8199399252852286
        },
        "test": {
            "0": {
                "precision": 0.7214118695022826,
                "recall": 0.7008112493239589,
                "f1-score": 0.7109623614616482,
                "support": 9245
            },
            "1": {
                "precision": 0.7397685577194468,
                "recall": 0.7586107091172214,
                "f1-score": 0.7490711631894827,
                "support": 10365
            },
            "accuracy": 0.7313615502294748,
            "macro avg": {
                "precision": 0.7305902136108647,
                "recall": 0.7297109792205901,
                "f1-score": 0.7300167623255654,
                "support": 19610
            },
            "weighted avg": {
                "precision": 0.7311144229633182,
                "recall": 0.7313615502294748,
                "f1-score": 0.7311050299934689,
                "support": 19610
            },
            "roc_auc": 0.8143225278941146,
            "score": 0.8143225278941146
        }
    }
}
