{
    "program": "bin/ensemble.py",
    "single_program": "/slot/sandbox/d/in/script/0_script_unpacked/pretrains/bin/augmented_supervised___4347c244ca064808998996fdc43e4972.py",
    "config": {
        "seeds": [
            "10",
            "11",
            "12",
            "13",
            "14"
        ]
    },
    "prediction_type": null,
    "metrics": {
        "train": {
            "rmse": 5.035224184307803,
            "score": -5.035224184307803
        },
        "val": {
            "rmse": 5.7323488323394765,
            "score": -5.7323488323394765
        },
        "test": {
            "rmse": 5.944921514329433,
            "score": -5.944921514329433
        }
    }
}
