{
    "program": "bin/ensemble.py",
    "single_program": "/slot/sandbox/d/in/script/0_script_unpacked/pretrains/bin/pretrain_mask_supervised_fast___22dabcdcee074414ba7dd8976913c958.py",
    "config": {
        "seeds": [
            "10",
            "11",
            "12",
            "13",
            "14"
        ]
    },
    "prediction_type": null,
    "metrics": {
        "train": {
            "rmse": 0.7070773030624297,
            "score": -0.7070773030624297
        },
        "val": {
            "rmse": 0.7408426312178756,
            "score": -0.7408426312178756
        },
        "test": {
            "rmse": 0.743690861622601,
            "score": -0.743690861622601
        }
    }
}
