{
    "program": "bin/ensemble.py",
    "single_program": "/home/art591/tabular/pretrains/bin/archive/catboost____773a951b780c4ace9f5025a31e2694bf.py",
    "config": {
        "seeds": [
            "10",
            "11",
            "12",
            "13",
            "14"
        ]
    },
    "prediction_type": "probs",
    "metrics": {
        "train": {
            "0": {
                "precision": 0.9724540901502504,
                "recall": 0.9433198380566802,
                "f1-score": 0.9576654336210441,
                "support": 1235
            },
            "1": {
                "precision": 0.9219845243513882,
                "recall": 0.981585578600504,
                "f1-score": 0.9508519926770878,
                "support": 10318
            },
            "2": {
                "precision": 0.9508370417461327,
                "recall": 0.8760249902381883,
                "f1-score": 0.9118991972360533,
                "support": 5122
            },
            "3": {
                "precision": 0.9853039412157648,
                "recall": 0.8565621370499419,
                "f1-score": 0.9164336750543646,
                "support": 1722
            },
            "4": {
                "precision": 0.9954519613416714,
                "recall": 0.9988590986879635,
                "f1-score": 0.9971526195899773,
                "support": 1753
            },
            "5": {
                "precision": 0.9930371352785146,
                "recall": 0.9932566880389122,
                "f1-score": 0.9931468995247043,
                "support": 9046
            },
            "6": {
                "precision": 0.9754052543320291,
                "recall": 0.9603742432581178,
                "f1-score": 0.9678313921242373,
                "support": 1817
            },
            "7": {
                "precision": 0.9840220385674932,
                "recall": 0.9891083625623038,
                "f1-score": 0.9865586448167926,
                "support": 5417
            },
            "8": {
                "precision": 0.9838658652325214,
                "recall": 0.9807631661936298,
                "f1-score": 0.9823120656980417,
                "support": 3171
            },
            "accuracy": 0.9647231130527006,
            "macro avg": {
                "precision": 0.9735957613573074,
                "recall": 0.9533171225206934,
                "f1-score": 0.9626502133713668,
                "support": 39601
            },
            "weighted avg": {
                "precision": 0.9654184601612472,
                "recall": 0.9647231130527006,
                "f1-score": 0.9644230933987363,
                "support": 39601
            },
            "logloss": 0.1644898214953355,
            "score": -0.1644898214953355
        },
        "val": {
            "0": {
                "precision": 0.7227272727272728,
                "recall": 0.5162337662337663,
                "f1-score": 0.6022727272727273,
                "support": 308
            },
            "1": {
                "precision": 0.7531494722505958,
                "recall": 0.8573643410852713,
                "f1-score": 0.8018850824723581,
                "support": 2580
            },
            "2": {
                "precision": 0.6477477477477478,
                "recall": 0.5612802498048399,
                "f1-score": 0.6014219991635299,
                "support": 1281
            },
            "3": {
                "precision": 0.8013468013468014,
                "recall": 0.5522041763341067,
                "f1-score": 0.6538461538461539,
                "support": 431
            },
            "4": {
                "precision": 0.9814385150812065,
                "recall": 0.9657534246575342,
                "f1-score": 0.9735327963176064,
                "support": 438
            },
            "5": {
                "precision": 0.9453576188360728,
                "recall": 0.9407603890362511,
                "f1-score": 0.9430534012851762,
                "support": 2262
            },
            "6": {
                "precision": 0.7528604118993135,
                "recall": 0.724669603524229,
                "f1-score": 0.7384960718294051,
                "support": 454
            },
            "7": {
                "precision": 0.9054441260744985,
                "recall": 0.9335302806499262,
                "f1-score": 0.9192727272727272,
                "support": 1354
            },
            "8": {
                "precision": 0.8576642335766423,
                "recall": 0.8890290037831021,
                "f1-score": 0.8730650154798762,
                "support": 793
            },
            "accuracy": 0.8258761741238259,
            "macro avg": {
                "precision": 0.8186373555044613,
                "recall": 0.771202803901003,
                "f1-score": 0.7896495527710623,
                "support": 9901
            },
            "weighted avg": {
                "precision": 0.8238599827288229,
                "recall": 0.8258761741238259,
                "f1-score": 0.8219876771156855,
                "support": 9901
            },
            "logloss": 0.45962230176413876,
            "score": -0.45962230176413876
        },
        "test": {
            "0": {
                "precision": 0.7307692307692307,
                "recall": 0.49222797927461137,
                "f1-score": 0.588235294117647,
                "support": 386
            },
            "1": {
                "precision": 0.7622319956019791,
                "recall": 0.8601116625310173,
                "f1-score": 0.8082191780821918,
                "support": 3224
            },
            "2": {
                "precision": 0.6302640970735189,
                "recall": 0.551530293566521,
                "f1-score": 0.5882744836775483,
                "support": 1601
            },
            "3": {
                "precision": 0.7746113989637305,
                "recall": 0.5557620817843866,
                "f1-score": 0.6471861471861471,
                "support": 538
            },
            "4": {
                "precision": 0.9761029411764706,
                "recall": 0.968978102189781,
                "f1-score": 0.9725274725274724,
                "support": 548
            },
            "5": {
                "precision": 0.9480427046263346,
                "recall": 0.9423417049876194,
                "f1-score": 0.9451836083022885,
                "support": 2827
            },
            "6": {
                "precision": 0.7584269662921348,
                "recall": 0.7130281690140845,
                "f1-score": 0.7350272232304901,
                "support": 568
            },
            "7": {
                "precision": 0.9061433447098977,
                "recall": 0.9409332545776727,
                "f1-score": 0.9232106635757751,
                "support": 1693
            },
            "8": {
                "precision": 0.8488038277511962,
                "recall": 0.8950554994954592,
                "f1-score": 0.8713163064833006,
                "support": 991
            },
            "accuracy": 0.8261958629605688,
            "macro avg": {
                "precision": 0.8150440563293881,
                "recall": 0.7688854163801282,
                "f1-score": 0.7865755974647622,
                "support": 12376
            },
            "weighted avg": {
                "precision": 0.8230752714485677,
                "recall": 0.8261958629605688,
                "f1-score": 0.8218904121517114,
                "support": 12376
            },
            "logloss": 0.4501256761150218,
            "score": -0.4501256761150218
        }
    }
}
