{
    "program": "bin/ensemble.py",
    "single_program": "/slot/sandbox/d/in/script/0_script_unpacked/pretrains/bin/pretrain_mask___65e8a71887e84b9a9baf843e2d604f57.py",
    "config": {
        "seeds": [
            "10",
            "11",
            "12",
            "13",
            "14"
        ]
    },
    "prediction_type": "probs",
    "metrics": {
        "train": {
            "0": {
                "precision": 0.9842873176206509,
                "recall": 1.0,
                "f1-score": 0.9920814479638009,
                "support": 1754
            },
            "1": {
                "precision": 1.0,
                "recall": 0.9905956112852664,
                "f1-score": 0.9952755905511811,
                "support": 638
            },
            "2": {
                "precision": 1.0,
                "recall": 0.9903129657228018,
                "f1-score": 0.9951329090228379,
                "support": 1342
            },
            "3": {
                "precision": 1.0,
                "recall": 0.9956896551724138,
                "f1-score": 0.9978401727861772,
                "support": 696
            },
            "4": {
                "precision": 1.0,
                "recall": 0.996822033898305,
                "f1-score": 0.9984084880636606,
                "support": 1888
            },
            "accuracy": 0.99556821779044,
            "macro avg": {
                "precision": 0.9968574635241302,
                "recall": 0.9946840532157575,
                "f1-score": 0.9957477216775317,
                "support": 6318
            },
            "weighted avg": {
                "precision": 0.9956378529766733,
                "recall": 0.99556821779044,
                "f1-score": 0.9955772453517219,
                "support": 6318
            },
            "score": 0.99556821779044
        },
        "val": {
            "0": {
                "precision": 0.8026030368763557,
                "recall": 0.8428246013667426,
                "f1-score": 0.8222222222222222,
                "support": 439
            },
            "1": {
                "precision": 0.7191780821917808,
                "recall": 0.65625,
                "f1-score": 0.6862745098039216,
                "support": 160
            },
            "2": {
                "precision": 0.7515923566878981,
                "recall": 0.7044776119402985,
                "f1-score": 0.7272727272727272,
                "support": 335
            },
            "3": {
                "precision": 0.6516129032258065,
                "recall": 0.5804597701149425,
                "f1-score": 0.6139817629179332,
                "support": 174
            },
            "4": {
                "precision": 0.7619047619047619,
                "recall": 0.8135593220338984,
                "f1-score": 0.7868852459016393,
                "support": 472
            },
            "accuracy": 0.7569620253164557,
            "macro avg": {
                "precision": 0.7373782281773206,
                "recall": 0.7195142610911763,
                "f1-score": 0.7273272936236886,
                "support": 1580
            },
            "weighted avg": {
                "precision": 0.754553391525436,
                "recall": 0.7569620253164557,
                "f1-score": 0.7548344959328105,
                "support": 1580
            },
            "score": 0.7569620253164557
        },
        "test": {
            "0": {
                "precision": 0.8072289156626506,
                "recall": 0.8558394160583942,
                "f1-score": 0.8308237378210805,
                "support": 548
            },
            "1": {
                "precision": 0.7150837988826816,
                "recall": 0.64,
                "f1-score": 0.6754617414248021,
                "support": 200
            },
            "2": {
                "precision": 0.7058823529411765,
                "recall": 0.6571428571428571,
                "f1-score": 0.6806411837237978,
                "support": 420
            },
            "3": {
                "precision": 0.6766467065868264,
                "recall": 0.5207373271889401,
                "f1-score": 0.5885416666666666,
                "support": 217
            },
            "4": {
                "precision": 0.7275494672754946,
                "recall": 0.8101694915254237,
                "f1-score": 0.7666399358460304,
                "support": 590
            },
            "accuracy": 0.7412658227848101,
            "macro avg": {
                "precision": 0.7264782482697659,
                "recall": 0.6967778183831229,
                "f1-score": 0.7084216530964755,
                "support": 1975
            },
            "weighted avg": {
                "precision": 0.7381950961097955,
                "recall": 0.7412658227848101,
                "f1-score": 0.7373590671345479,
                "support": 1975
            },
            "score": 0.7412658227848101
        }
    }
}
