{
    "program": "bin/ensemble.py",
    "single_program": "/slot/sandbox/d/in/script/0_script_unpacked/pretrains/bin/augmented_supervised___7e68de506eca48e1ae80773ebcbcc9f8.py",
    "config": {
        "seeds": [
            "5",
            "6",
            "7",
            "8",
            "9"
        ]
    },
    "prediction_type": null,
    "metrics": {
        "train": {
            "rmse": 1.670900497755569,
            "score": -1.670900497755569
        },
        "val": {
            "rmse": 1.8418904564137208,
            "score": -1.8418904564137208
        },
        "test": {
            "rmse": 1.8421095772253009,
            "score": -1.8421095772253009
        }
    }
}
