{
    "program": "bin/ensemble.py",
    "single_program": "/slot/sandbox/d/in/script/0_script_unpacked/pretrains/bin/pretrain_mask___8bc22e0075744ad1a946ca2c8ba22874.py",
    "config": {
        "seeds": [
            "5",
            "6",
            "7",
            "8",
            "9"
        ]
    },
    "prediction_type": "probs",
    "metrics": {
        "train": {
            "0": {
                "precision": 0.9171075837742504,
                "recall": 0.8421052631578947,
                "f1-score": 0.8780075981426763,
                "support": 1235
            },
            "1": {
                "precision": 0.8087798250827885,
                "recall": 0.9231440201589455,
                "f1-score": 0.8621860149355057,
                "support": 10318
            },
            "2": {
                "precision": 0.782425800420659,
                "recall": 0.6536509176103085,
                "f1-score": 0.7122646526965216,
                "support": 5122
            },
            "3": {
                "precision": 0.9088729016786571,
                "recall": 0.6602787456445993,
                "f1-score": 0.7648839556004036,
                "support": 1722
            },
            "4": {
                "precision": 0.9879793932455638,
                "recall": 0.9845978322875071,
                "f1-score": 0.9862857142857143,
                "support": 1753
            },
            "5": {
                "precision": 0.9815551137618732,
                "recall": 0.9824231704620827,
                "f1-score": 0.9819889502762431,
                "support": 9046
            },
            "6": {
                "precision": 0.9011791128579449,
                "recall": 0.8833241607044579,
                "f1-score": 0.8921623123957753,
                "support": 1817
            },
            "7": {
                "precision": 0.974582560296846,
                "recall": 0.969724940003692,
                "f1-score": 0.9721476820579252,
                "support": 5417
            },
            "8": {
                "precision": 0.9476160602258469,
                "recall": 0.9526963103122044,
                "f1-score": 0.9501493945588928,
                "support": 3171
            },
            "accuracy": 0.8975025883184768,
            "macro avg": {
                "precision": 0.912233150149381,
                "recall": 0.872438373371299,
                "f1-score": 0.8888973638832953,
                "support": 39601
            },
            "weighted avg": {
                "precision": 0.8985380249798519,
                "recall": 0.8975025883184768,
                "f1-score": 0.8953779438722542,
                "support": 39601
            },
            "logloss": 0.28970267272843125,
            "score": -0.28970267272843125
        },
        "val": {
            "0": {
                "precision": 0.6983471074380165,
                "recall": 0.5487012987012987,
                "f1-score": 0.6145454545454545,
                "support": 308
            },
            "1": {
                "precision": 0.7453271028037384,
                "recall": 0.8655038759689923,
                "f1-score": 0.8009325681492109,
                "support": 2580
            },
            "2": {
                "precision": 0.653041825095057,
                "recall": 0.5362997658079626,
                "f1-score": 0.5889412773253322,
                "support": 1281
            },
            "3": {
                "precision": 0.7821782178217822,
                "recall": 0.5498839907192575,
                "f1-score": 0.6457765667574933,
                "support": 431
            },
            "4": {
                "precision": 0.9769585253456221,
                "recall": 0.9680365296803652,
                "f1-score": 0.9724770642201834,
                "support": 438
            },
            "5": {
                "precision": 0.9488661627389952,
                "recall": 0.9434129089301503,
                "f1-score": 0.9461316781201506,
                "support": 2262
            },
            "6": {
                "precision": 0.7615740740740741,
                "recall": 0.724669603524229,
                "f1-score": 0.7426636568848758,
                "support": 454
            },
            "7": {
                "precision": 0.9226841721371262,
                "recall": 0.9342688330871491,
                "f1-score": 0.9284403669724771,
                "support": 1354
            },
            "8": {
                "precision": 0.8564476885644768,
                "recall": 0.8877679697351829,
                "f1-score": 0.871826625386997,
                "support": 793
            },
            "accuracy": 0.8263811736188263,
            "macro avg": {
                "precision": 0.8161583195576543,
                "recall": 0.7731716417949541,
                "f1-score": 0.790192806484686,
                "support": 9901
            },
            "weighted avg": {
                "precision": 0.8241768845676627,
                "recall": 0.8263811736188263,
                "f1-score": 0.8221573965686063,
                "support": 9901
            },
            "logloss": 0.4513538897083938,
            "score": -0.4513538897083938
        },
        "test": {
            "0": {
                "precision": 0.7041800643086816,
                "recall": 0.5673575129533679,
                "f1-score": 0.6284074605451936,
                "support": 386
            },
            "1": {
                "precision": 0.7451664876476907,
                "recall": 0.8607320099255583,
                "f1-score": 0.7987910189982728,
                "support": 3224
            },
            "2": {
                "precision": 0.6354410616705699,
                "recall": 0.5084322298563397,
                "f1-score": 0.564885496183206,
                "support": 1601
            },
            "3": {
                "precision": 0.7306733167082294,
                "recall": 0.5446096654275093,
                "f1-score": 0.6240681576144835,
                "support": 538
            },
            "4": {
                "precision": 0.9779005524861878,
                "recall": 0.968978102189781,
                "f1-score": 0.9734188817598532,
                "support": 548
            },
            "5": {
                "precision": 0.9487994350282486,
                "recall": 0.9504775380261762,
                "f1-score": 0.9496377451846617,
                "support": 2827
            },
            "6": {
                "precision": 0.7622641509433963,
                "recall": 0.7112676056338029,
                "f1-score": 0.7358834244080146,
                "support": 568
            },
            "7": {
                "precision": 0.9183082271147162,
                "recall": 0.9362079149438866,
                "f1-score": 0.9271716876279614,
                "support": 1693
            },
            "8": {
                "precision": 0.8599221789883269,
                "recall": 0.8920282542885973,
                "f1-score": 0.8756810302129767,
                "support": 991
            },
            "accuracy": 0.8235294117647058,
            "macro avg": {
                "precision": 0.8091839416551164,
                "recall": 0.771121203693891,
                "f1-score": 0.786438322503847,
                "support": 12376
            },
            "weighted avg": {
                "precision": 0.8195429780485374,
                "recall": 0.8235294117647058,
                "f1-score": 0.8186442048486724,
                "support": 12376
            },
            "logloss": 0.4498381886399298,
            "score": -0.4498381886399298
        }
    }
}
