{
    "program": "bin/ensemble.py",
    "single_program": "/slot/sandbox/d/in/script/0_script_unpacked/pretrains/bin/pretrain_mask___f26f547a1e344fb0b52d2d0829c93526.py",
    "config": {
        "seeds": [
            "10",
            "11",
            "12",
            "13",
            "14"
        ]
    },
    "prediction_type": "probs",
    "metrics": {
        "train": {
            "0": {
                "precision": 0.9977194982896237,
                "recall": 0.9977194982896237,
                "f1-score": 0.9977194982896237,
                "support": 1754
            },
            "1": {
                "precision": 1.0,
                "recall": 0.9984326018808778,
                "f1-score": 0.9992156862745099,
                "support": 638
            },
            "2": {
                "precision": 0.9992537313432835,
                "recall": 0.9977645305514158,
                "f1-score": 0.9985085756897837,
                "support": 1342
            },
            "3": {
                "precision": 1.0,
                "recall": 1.0,
                "f1-score": 1.0,
                "support": 696
            },
            "4": {
                "precision": 0.9984135378106822,
                "recall": 1.0,
                "f1-score": 0.999206139190262,
                "support": 1888
            },
            "accuracy": 0.9987337765115543,
            "macro avg": {
                "precision": 0.9990773534887178,
                "recall": 0.9987833261443836,
                "f1-score": 0.9989299798888357,
                "support": 6318
            },
            "weighted avg": {
                "precision": 0.9987342935817117,
                "recall": 0.9987337765115543,
                "f1-score": 0.9987336668581895,
                "support": 6318
            },
            "score": 0.9987337765115543
        },
        "val": {
            "0": {
                "precision": 0.7966457023060797,
                "recall": 0.8656036446469249,
                "f1-score": 0.8296943231441047,
                "support": 439
            },
            "1": {
                "precision": 0.7152317880794702,
                "recall": 0.675,
                "f1-score": 0.6945337620578779,
                "support": 160
            },
            "2": {
                "precision": 0.7785016286644951,
                "recall": 0.7134328358208956,
                "f1-score": 0.7445482866043613,
                "support": 335
            },
            "3": {
                "precision": 0.7077922077922078,
                "recall": 0.6264367816091954,
                "f1-score": 0.6646341463414634,
                "support": 174
            },
            "4": {
                "precision": 0.7718940936863544,
                "recall": 0.8029661016949152,
                "f1-score": 0.7871235721703013,
                "support": 472
            },
            "accuracy": 0.7689873417721519,
            "macro avg": {
                "precision": 0.7540130841057214,
                "recall": 0.7366878727543862,
                "f1-score": 0.7441068180636217,
                "support": 1580
            },
            "weighted avg": {
                "precision": 0.7673749692300592,
                "recall": 0.7689873417721519,
                "f1-score": 0.7670592109682154,
                "support": 1580
            },
            "score": 0.7689873417721519
        },
        "test": {
            "0": {
                "precision": 0.8048780487804879,
                "recall": 0.843065693430657,
                "f1-score": 0.823529411764706,
                "support": 548
            },
            "1": {
                "precision": 0.7209302325581395,
                "recall": 0.62,
                "f1-score": 0.6666666666666666,
                "support": 200
            },
            "2": {
                "precision": 0.7182741116751269,
                "recall": 0.6738095238095239,
                "f1-score": 0.6953316953316954,
                "support": 420
            },
            "3": {
                "precision": 0.6804123711340206,
                "recall": 0.6082949308755761,
                "f1-score": 0.6423357664233578,
                "support": 217
            },
            "4": {
                "precision": 0.733229329173167,
                "recall": 0.7966101694915254,
                "f1-score": 0.7636068237205524,
                "support": 590
            },
            "accuracy": 0.7448101265822785,
            "macro avg": {
                "precision": 0.7315448186641883,
                "recall": 0.7083560635214565,
                "f1-score": 0.7182940727813956,
                "support": 1975
            },
            "weighted avg": {
                "precision": 0.7428805736177921,
                "recall": 0.7448101265822785,
                "f1-score": 0.7425729875082019,
                "support": 1975
            },
            "score": 0.7448101265822785
        }
    }
}
