{
    "program": "bin/ensemble.py",
    "single_program": "/slot/sandbox/d/in/script/0_script_unpacked/pretrains/bin/pretrain_mask___78e4007a9bec4c2aa06dd766296c1fc8.py",
    "config": {
        "seeds": [
            "5",
            "6",
            "7",
            "8",
            "9"
        ]
    },
    "prediction_type": "probs",
    "metrics": {
        "train": {
            "0": {
                "precision": 0.8887479615872441,
                "recall": 0.9625196232339089,
                "f1-score": 0.9241639189825718,
                "support": 5096
            },
            "1": {
                "precision": 0.7832009080590239,
                "recall": 0.5291411042944786,
                "f1-score": 0.6315789473684211,
                "support": 1304
            },
            "accuracy": 0.87421875,
            "macro avg": {
                "precision": 0.8359744348231339,
                "recall": 0.7458303637641938,
                "f1-score": 0.7778714331754965,
                "support": 6400
            },
            "weighted avg": {
                "precision": 0.8672427494308692,
                "recall": 0.87421875,
                "f1-score": 0.8645497310161885,
                "support": 6400
            },
            "roc_auc": 0.8930011569280852,
            "score": 0.8930011569280852
        },
        "val": {
            "0": {
                "precision": 0.8797423049391553,
                "recall": 0.9646781789638933,
                "f1-score": 0.9202545862972669,
                "support": 1274
            },
            "1": {
                "precision": 0.7783251231527094,
                "recall": 0.48466257668711654,
                "f1-score": 0.5973534971644613,
                "support": 326
            },
            "accuracy": 0.866875,
            "macro avg": {
                "precision": 0.8290337140459323,
                "recall": 0.7246703778255049,
                "f1-score": 0.7588040417308641,
                "support": 1600
            },
            "weighted avg": {
                "precision": 0.859078554150167,
                "recall": 0.866875,
                "f1-score": 0.8544634893864577,
                "support": 1600
            },
            "roc_auc": 0.8790655006693568,
            "score": 0.8790655006693568
        },
        "test": {
            "0": {
                "precision": 0.8753573470554603,
                "recall": 0.9610797237915882,
                "f1-score": 0.9162178336325554,
                "support": 1593
            },
            "1": {
                "precision": 0.7529880478087649,
                "recall": 0.4643734643734644,
                "f1-score": 0.574468085106383,
                "support": 407
            },
            "accuracy": 0.86,
            "macro avg": {
                "precision": 0.8141726974321126,
                "recall": 0.7127265940825263,
                "f1-score": 0.7453429593694691,
                "support": 2000
            },
            "weighted avg": {
                "precision": 0.8504551946587579,
                "recall": 0.86,
                "f1-score": 0.8466717598074792,
                "support": 2000
            },
            "roc_auc": 0.8685372583677669,
            "score": 0.8685372583677669
        }
    }
}
