{
    "program": "bin/ensemble.py",
    "single_program": "/slot/sandbox/d/in/script/0_script_unpacked/pretrains/bin/pretrain_mask_fast___b063c0e1af474e7093be3bd397acdac0.py",
    "config": {
        "seeds": [
            "10",
            "11",
            "12",
            "13",
            "14"
        ]
    },
    "prediction_type": null,
    "metrics": {
        "train": {
            "rmse": 0.7070881853694916,
            "score": -0.7070881853694916
        },
        "val": {
            "rmse": 0.741221692400448,
            "score": -0.741221692400448
        },
        "test": {
            "rmse": 0.7448472949653611,
            "score": -0.7448472949653611
        }
    }
}
