{
    "program": "bin/ensemble.py",
    "single_program": "/slot/sandbox/d/in/script/0_script_unpacked/pretrains/bin/pretrain_mask_supervised___2d3a5dd94ae147ccb5b9338aec3723c7.py",
    "config": {
        "seeds": [
            "5",
            "6",
            "7",
            "8",
            "9"
        ]
    },
    "prediction_type": "probs",
    "metrics": {
        "train": {
            "0": {
                "precision": 0.9842784952274003,
                "recall": 0.999429874572406,
                "f1-score": 0.9917963224893918,
                "support": 1754
            },
            "1": {
                "precision": 0.9984152139461173,
                "recall": 0.987460815047022,
                "f1-score": 0.9929078014184398,
                "support": 638
            },
            "2": {
                "precision": 1.0,
                "recall": 0.992548435171386,
                "f1-score": 0.9962602842183994,
                "support": 1342
            },
            "3": {
                "precision": 1.0,
                "recall": 0.9956896551724138,
                "f1-score": 0.9978401727861772,
                "support": 696
            },
            "4": {
                "precision": 0.9994683678894205,
                "recall": 0.9957627118644068,
                "f1-score": 0.9976120986999204,
                "support": 1888
            },
            "accuracy": 0.9952516619183286,
            "macro avg": {
                "precision": 0.9964324154125876,
                "recall": 0.994178298365527,
                "f1-score": 0.9952833359224658,
                "support": 6318
            },
            "weighted avg": {
                "precision": 0.9953165029600679,
                "recall": 0.9952516619183286,
                "f1-score": 0.9952604670745614,
                "support": 6318
            },
            "score": 0.9952516619183286
        },
        "val": {
            "0": {
                "precision": 0.7592592592592593,
                "recall": 0.8405466970387244,
                "f1-score": 0.7978378378378378,
                "support": 439
            },
            "1": {
                "precision": 0.6933333333333334,
                "recall": 0.65,
                "f1-score": 0.670967741935484,
                "support": 160
            },
            "2": {
                "precision": 0.7133757961783439,
                "recall": 0.6686567164179105,
                "f1-score": 0.6902927580893682,
                "support": 335
            },
            "3": {
                "precision": 0.6666666666666666,
                "recall": 0.5747126436781609,
                "f1-score": 0.617283950617284,
                "support": 174
            },
            "4": {
                "precision": 0.7479166666666667,
                "recall": 0.760593220338983,
                "f1-score": 0.7542016806722689,
                "support": 472
            },
            "accuracy": 0.7316455696202532,
            "macro avg": {
                "precision": 0.716110344420854,
                "recall": 0.6989018554947558,
                "f1-score": 0.7061167938304486,
                "support": 1580
            },
            "weighted avg": {
                "precision": 0.7292694345155443,
                "recall": 0.7316455696202532,
                "f1-score": 0.729268559598193,
                "support": 1580
            },
            "score": 0.7316455696202532
        },
        "test": {
            "0": {
                "precision": 0.7789291882556131,
                "recall": 0.822992700729927,
                "f1-score": 0.800354924578527,
                "support": 548
            },
            "1": {
                "precision": 0.7126436781609196,
                "recall": 0.62,
                "f1-score": 0.6631016042780749,
                "support": 200
            },
            "2": {
                "precision": 0.6811224489795918,
                "recall": 0.6357142857142857,
                "f1-score": 0.6576354679802955,
                "support": 420
            },
            "3": {
                "precision": 0.6666666666666666,
                "recall": 0.5529953917050692,
                "f1-score": 0.6045340050377833,
                "support": 217
            },
            "4": {
                "precision": 0.7076923076923077,
                "recall": 0.7796610169491526,
                "f1-score": 0.7419354838709677,
                "support": 590
            },
            "accuracy": 0.72,
            "macro avg": {
                "precision": 0.7094108579510198,
                "recall": 0.682272679019687,
                "f1-score": 0.6935122971491297,
                "support": 1975
            },
            "weighted avg": {
                "precision": 0.717801765859654,
                "recall": 0.72,
                "f1-score": 0.7171379902042744,
                "support": 1975
            },
            "score": 0.72
        }
    }
}
