{
    "program": "bin/ensemble.py",
    "single_program": "/slot/sandbox/d/in/script/0_script_unpacked/pretrains/bin/pretrain_ae_ddp___6f6cfd0b190d4cecab48b6d223e22c76.py",
    "config": {
        "seeds": [
            "0",
            "1",
            "2",
            "3",
            "4"
        ]
    },
    "prediction_type": null,
    "metrics": {
        "train": {
            "rmse": 1.6841809960766405,
            "score": -1.6841809960766405
        },
        "val": {
            "rmse": 1.856310915904666,
            "score": -1.856310915904666
        },
        "test": {
            "rmse": 1.8595025641354674,
            "score": -1.8595025641354674
        }
    }
}
