{
    "program": "bin/ensemble.py",
    "single_program": "/slot/sandbox/d/in/script/0_script_unpacked/pretrains/bin/pretrain_ae_supervised___12153197351d48fa8913456534798dbe.py",
    "config": {
        "seeds": [
            "0",
            "1",
            "2",
            "3",
            "4"
        ]
    },
    "prediction_type": "probs",
    "metrics": {
        "train": {
            "0": {
                "precision": 0.9080676328502415,
                "recall": 0.950543615676359,
                "f1-score": 0.9288202594193947,
                "support": 19775
            },
            "1": {
                "precision": 0.8171278982797308,
                "recall": 0.6966363781284872,
                "f1-score": 0.7520867395232769,
                "support": 6273
            },
            "accuracy": 0.8893964987714987,
            "macro avg": {
                "precision": 0.8625977655649861,
                "recall": 0.8235899969024232,
                "f1-score": 0.8404534994713357,
                "support": 26048
            },
            "weighted avg": {
                "precision": 0.886167104788171,
                "recall": 0.8893964987714987,
                "f1-score": 0.886258474625616,
                "support": 26048
            },
            "roc_auc": 0.9466964090478266,
            "score": 0.9466964090478266
        },
        "val": {
            "0": {
                "precision": 0.8949393881085241,
                "recall": 0.9405460060667341,
                "f1-score": 0.9171760993886807,
                "support": 4945
            },
            "1": {
                "precision": 0.776595744680851,
                "recall": 0.6517857142857143,
                "f1-score": 0.7087378640776699,
                "support": 1568
            },
            "accuracy": 0.8710271764163979,
            "macro avg": {
                "precision": 0.8357675663946875,
                "recall": 0.7961658601762243,
                "f1-score": 0.8129569817331753,
                "support": 6513
            },
            "weighted avg": {
                "precision": 0.8664482422625865,
                "recall": 0.8710271764163979,
                "f1-score": 0.8669947462537714,
                "support": 6513
            },
            "roc_auc": 0.9316027320938487,
            "score": 0.9316027320938487
        },
        "test": {
            "0": {
                "precision": 0.8971704623878537,
                "recall": 0.9408926417370326,
                "f1-score": 0.9185115402731983,
                "support": 12435
            },
            "1": {
                "precision": 0.7731481481481481,
                "recall": 0.6513260530421217,
                "f1-score": 0.7070279424216765,
                "support": 3846
            },
            "accuracy": 0.8724894048277133,
            "macro avg": {
                "precision": 0.8351593052680009,
                "recall": 0.7961093473895771,
                "f1-score": 0.8127697413474374,
                "support": 16281
            },
            "weighted avg": {
                "precision": 0.867873132950724,
                "recall": 0.8724894048277133,
                "f1-score": 0.8685535575118843,
                "support": 16281
            },
            "roc_auc": 0.9274782064865226,
            "score": 0.9274782064865226
        }
    }
}
