{
    "program": "bin/ensemble.py",
    "single_program": "/slot/sandbox/d/in/script/0_script_unpacked/pretrains/bin/pretrain_ae_supervised___48da301b58944402bf8d8829822b7966.py",
    "config": {
        "seeds": [
            "0",
            "1",
            "2",
            "3",
            "4"
        ]
    },
    "prediction_type": "probs",
    "metrics": {
        "train": {
            "0": {
                "precision": 0.91875,
                "recall": 0.8331983805668016,
                "f1-score": 0.8738853503184713,
                "support": 1235
            },
            "1": {
                "precision": 0.7978705134810236,
                "recall": 0.9005621244427214,
                "f1-score": 0.8461118193407394,
                "support": 10318
            },
            "2": {
                "precision": 0.7442985487214927,
                "recall": 0.6308082780163998,
                "f1-score": 0.6828701257529325,
                "support": 5122
            },
            "3": {
                "precision": 0.8695652173913043,
                "recall": 0.6736353077816493,
                "f1-score": 0.7591623036649214,
                "support": 1722
            },
            "4": {
                "precision": 0.9823963657013061,
                "recall": 0.9868796349115802,
                "f1-score": 0.9846328969834945,
                "support": 1753
            },
            "5": {
                "precision": 0.9807692307692307,
                "recall": 0.9809860711916869,
                "f1-score": 0.9808776389963523,
                "support": 9046
            },
            "6": {
                "precision": 0.8955823293172691,
                "recall": 0.8591084204733076,
                "f1-score": 0.8769662921348315,
                "support": 1817
            },
            "7": {
                "precision": 0.967551622418879,
                "recall": 0.9688019198818534,
                "f1-score": 0.9681763674937737,
                "support": 5417
            },
            "8": {
                "precision": 0.9462939698492462,
                "recall": 0.9501734468621886,
                "f1-score": 0.9482297403619198,
                "support": 3171
            },
            "accuracy": 0.8873008257367239,
            "macro avg": {
                "precision": 0.900341977516639,
                "recall": 0.8649059537920211,
                "f1-score": 0.8801013927830484,
                "support": 39601
            },
            "weighted avg": {
                "precision": 0.8873551268658334,
                "recall": 0.8873008257367239,
                "f1-score": 0.8852893781369676,
                "support": 39601
            },
            "logloss": 0.2986575181016034,
            "score": -0.2986575181016034
        },
        "val": {
            "0": {
                "precision": 0.7142857142857143,
                "recall": 0.551948051948052,
                "f1-score": 0.6227106227106227,
                "support": 308
            },
            "1": {
                "precision": 0.7499155119972963,
                "recall": 0.860077519379845,
                "f1-score": 0.8012276584220979,
                "support": 2580
            },
            "2": {
                "precision": 0.6570363466915191,
                "recall": 0.550351288056206,
                "f1-score": 0.5989804587935429,
                "support": 1281
            },
            "3": {
                "precision": 0.7662337662337663,
                "recall": 0.5475638051044084,
                "f1-score": 0.638700947225981,
                "support": 431
            },
            "4": {
                "precision": 0.9724770642201835,
                "recall": 0.9680365296803652,
                "f1-score": 0.9702517162471395,
                "support": 438
            },
            "5": {
                "precision": 0.9472283813747229,
                "recall": 0.9442970822281167,
                "f1-score": 0.9457604604826212,
                "support": 2262
            },
            "6": {
                "precision": 0.7709750566893424,
                "recall": 0.748898678414097,
                "f1-score": 0.7597765363128491,
                "support": 454
            },
            "7": {
                "precision": 0.925601750547046,
                "recall": 0.9372230428360414,
                "f1-score": 0.9313761467889908,
                "support": 1354
            },
            "8": {
                "precision": 0.8524390243902439,
                "recall": 0.8814627994955864,
                "f1-score": 0.8667079975201488,
                "support": 793
            },
            "accuracy": 0.827997172002828,
            "macro avg": {
                "precision": 0.8173547351588705,
                "recall": 0.7766509774603019,
                "f1-score": 0.7928325049448882,
                "support": 9901
            },
            "weighted avg": {
                "precision": 0.8256276617946472,
                "recall": 0.827997172002828,
                "f1-score": 0.8240721151492326,
                "support": 9901
            },
            "logloss": 0.4432525130018345,
            "score": -0.4432525130018345
        },
        "test": {
            "0": {
                "precision": 0.7416107382550335,
                "recall": 0.572538860103627,
                "f1-score": 0.6461988304093568,
                "support": 386
            },
            "1": {
                "precision": 0.7523135547087643,
                "recall": 0.8573200992555832,
                "f1-score": 0.8013917077413744,
                "support": 3224
            },
            "2": {
                "precision": 0.6316981132075472,
                "recall": 0.5227982510930669,
                "f1-score": 0.5721120984278879,
                "support": 1601
            },
            "3": {
                "precision": 0.722488038277512,
                "recall": 0.5613382899628253,
                "f1-score": 0.6317991631799164,
                "support": 538
            },
            "4": {
                "precision": 0.9726277372262774,
                "recall": 0.9726277372262774,
                "f1-score": 0.9726277372262774,
                "support": 548
            },
            "5": {
                "precision": 0.9478322171307719,
                "recall": 0.9511850017686594,
                "f1-score": 0.9495056497175142,
                "support": 2827
            },
            "6": {
                "precision": 0.7518796992481203,
                "recall": 0.704225352112676,
                "f1-score": 0.7272727272727273,
                "support": 568
            },
            "7": {
                "precision": 0.9206997084548105,
                "recall": 0.932663910218547,
                "f1-score": 0.9266431924882629,
                "support": 1693
            },
            "8": {
                "precision": 0.8688046647230321,
                "recall": 0.9021190716448032,
                "f1-score": 0.885148514851485,
                "support": 991
            },
            "accuracy": 0.8257110536522301,
            "macro avg": {
                "precision": 0.8122171634702078,
                "recall": 0.7752018414873406,
                "f1-score": 0.790299957923867,
                "support": 12376
            },
            "weighted avg": {
                "precision": 0.8218396303605549,
                "recall": 0.8257110536522301,
                "f1-score": 0.8213729409835826,
                "support": 12376
            },
            "logloss": 0.4418970974096252,
            "score": -0.4418970974096252
        }
    }
}
