{
    "program": "bin/ensemble.py",
    "single_program": "/slot/sandbox/d/in/script/0_script_unpacked/pretrains/bin/augmented_supervised___4fe9d9f8c8754ebda6afafcb6713b625.py",
    "config": {
        "seeds": [
            "5",
            "6",
            "7",
            "8",
            "9"
        ]
    },
    "prediction_type": "probs",
    "metrics": {
        "train": {
            "0": {
                "precision": 0.9815673001822443,
                "recall": 0.9732921270412603,
                "f1-score": 0.9774121986719159,
                "support": 135578
            },
            "1": {
                "precision": 0.9787109289377932,
                "recall": 0.9850589039887045,
                "f1-score": 0.981874656404618,
                "support": 181312
            },
            "2": {
                "precision": 0.9801379430766545,
                "recall": 0.9812516388427585,
                "f1-score": 0.980694474776152,
                "support": 22882
            },
            "3": {
                "precision": 0.9334442595673876,
                "recall": 0.9567936327458784,
                "f1-score": 0.9449747332959012,
                "support": 1759
            },
            "4": {
                "precision": 0.9460093896713615,
                "recall": 0.928724279835391,
                "f1-score": 0.9372871500955229,
                "support": 6075
            },
            "5": {
                "precision": 0.9704158022909715,
                "recall": 0.9679712100764732,
                "f1-score": 0.9691919646878661,
                "support": 11115
            },
            "6": {
                "precision": 0.9766752773134781,
                "recall": 0.9793539539844583,
                "f1-score": 0.9780127814972611,
                "support": 13126
            },
            "accuracy": 0.9787681492656926,
            "macro avg": {
                "precision": 0.9667087001485558,
                "recall": 0.967492249502132,
                "f1-score": 0.9670639942041767,
                "support": 371847
            },
            "weighted avg": {
                "precision": 0.9787719965805043,
                "recall": 0.9787681492656926,
                "f1-score": 0.9787565697599805,
                "support": 371847
            },
            "score": 0.9787681492656926
        },
        "val": {
            "0": {
                "precision": 0.9691099009017052,
                "recall": 0.9607895202690742,
                "f1-score": 0.9649317747455443,
                "support": 33894
            },
            "1": {
                "precision": 0.9675441285970829,
                "recall": 0.9746734909989411,
                "f1-score": 0.9710957248049236,
                "support": 45328
            },
            "2": {
                "precision": 0.9670502092050209,
                "recall": 0.9695857367593078,
                "f1-score": 0.9683163131709871,
                "support": 5721
            },
            "3": {
                "precision": 0.909297052154195,
                "recall": 0.9134396355353075,
                "f1-score": 0.9113636363636363,
                "support": 439
            },
            "4": {
                "precision": 0.9071526822558459,
                "recall": 0.8683344305464121,
                "f1-score": 0.8873192061890347,
                "support": 1519
            },
            "5": {
                "precision": 0.9425080848005749,
                "recall": 0.9438646995322059,
                "f1-score": 0.943185904350953,
                "support": 2779
            },
            "6": {
                "precision": 0.9631434663417606,
                "recall": 0.9634369287020109,
                "f1-score": 0.9632901751713634,
                "support": 3282
            },
            "accuracy": 0.9659538305974484,
            "macro avg": {
                "precision": 0.9465436463223121,
                "recall": 0.9420177774776085,
                "f1-score": 0.9442146763994917,
                "support": 92962
            },
            "weighted avg": {
                "precision": 0.9659189630549007,
                "recall": 0.9659538305974484,
                "f1-score": 0.9659164035681543,
                "support": 92962
            },
            "score": 0.9659538305974484
        },
        "test": {
            "0": {
                "precision": 0.9687194525904204,
                "recall": 0.9590020770392749,
                "f1-score": 0.9638362728469595,
                "support": 42368
            },
            "1": {
                "precision": 0.965718785545542,
                "recall": 0.9739679850337974,
                "f1-score": 0.9698258439801064,
                "support": 56661
            },
            "2": {
                "precision": 0.9636388966285874,
                "recall": 0.9672773038735841,
                "f1-score": 0.9654546723428012,
                "support": 7151
            },
            "3": {
                "precision": 0.8888888888888888,
                "recall": 0.9034608378870674,
                "f1-score": 0.8961156278229448,
                "support": 549
            },
            "4": {
                "precision": 0.9021134593993326,
                "recall": 0.8541337546076883,
                "f1-score": 0.8774682174736272,
                "support": 1899
            },
            "5": {
                "precision": 0.9419373383156079,
                "recall": 0.9435646415202995,
                "f1-score": 0.9427502876869965,
                "support": 3473
            },
            "6": {
                "precision": 0.9629449049244271,
                "recall": 0.9629449049244271,
                "f1-score": 0.9629449049244271,
                "support": 4102
            },
            "accuracy": 0.9645103826923573,
            "macro avg": {
                "precision": 0.9419945323275437,
                "recall": 0.9377645006980198,
                "f1-score": 0.9397708324396946,
                "support": 116203
            },
            "weighted avg": {
                "precision": 0.9644737352762609,
                "recall": 0.9645103826923573,
                "f1-score": 0.9644633536952947,
                "support": 116203
            },
            "score": 0.9645103826923573
        }
    }
}
