{
    "program": "bin/ensemble.py",
    "single_program": "/slot/sandbox/d/in/script/0_script_unpacked/pretrains/bin/pretrain_mask___678e69ba6e7f43b6b1a7780c837f4a2b.py",
    "config": {
        "seeds": [
            "10",
            "11",
            "12",
            "13",
            "14"
        ]
    },
    "prediction_type": null,
    "metrics": {
        "train": {
            "rmse": 3.883213597914282,
            "score": -3.883213597914282
        },
        "val": {
            "rmse": 5.150884694889381,
            "score": -5.150884694889381
        },
        "test": {
            "rmse": 5.462292136646517,
            "score": -5.462292136646517
        }
    }
}
