{
    "program": "bin/ensemble.py",
    "single_program": "/slot/sandbox/d/in/script/0_script_unpacked/pretrains/bin/pretrain_mask___e7dfeb810e3e49648ac8c52e61841f9f.py",
    "config": {
        "seeds": [
            "5",
            "6",
            "7",
            "8",
            "9"
        ]
    },
    "prediction_type": null,
    "metrics": {
        "train": {
            "rmse": 3.906234774268577,
            "score": -3.906234774268577
        },
        "val": {
            "rmse": 5.164208856208223,
            "score": -5.164208856208223
        },
        "test": {
            "rmse": 5.449401676614957,
            "score": -5.449401676614957
        }
    }
}
