{
    "program": "bin/ensemble.py",
    "single_program": "/slot/sandbox/d/in/script/0_script_unpacked/pretrains/bin/finetune___1bee3d8e15e64a7c95a09f81be352931.py",
    "config": {
        "seeds": [
            "10",
            "11",
            "12",
            "13",
            "14"
        ]
    },
    "prediction_type": "probs",
    "metrics": {
        "train": {
            "0": {
                "precision": 0.9042609153077328,
                "recall": 0.9562073324905184,
                "f1-score": 0.9295089219879074,
                "support": 19775
            },
            "1": {
                "precision": 0.8314191162156901,
                "recall": 0.6808544556033795,
                "f1-score": 0.7486415425065731,
                "support": 6273
            },
            "accuracy": 0.8898955773955773,
            "macro avg": {
                "precision": 0.8678400157617114,
                "recall": 0.8185308940469489,
                "f1-score": 0.8390752322472402,
                "support": 26048
            },
            "weighted avg": {
                "precision": 0.8867188158872635,
                "recall": 0.8898955773955773,
                "f1-score": 0.8859516019830544,
                "support": 26048
            },
            "roc_auc": 0.9476158875666244,
            "score": 0.9476158875666244
        },
        "val": {
            "0": {
                "precision": 0.8903926801372474,
                "recall": 0.9445904954499494,
                "f1-score": 0.9166911981159848,
                "support": 4945
            },
            "1": {
                "precision": 0.7837411207576953,
                "recall": 0.6332908163265306,
                "f1-score": 0.7005291005291006,
                "support": 1568
            },
            "accuracy": 0.8696453247351451,
            "macro avg": {
                "precision": 0.8370669004474713,
                "recall": 0.78894065588824,
                "f1-score": 0.8086101493225426,
                "support": 6513
            },
            "weighted avg": {
                "precision": 0.864716394998734,
                "recall": 0.8696453247351451,
                "f1-score": 0.8646503307712535,
                "support": 6513
            },
            "roc_auc": 0.9309271888735272,
            "score": 0.9309271888735272
        },
        "test": {
            "0": {
                "precision": 0.8941883462650235,
                "recall": 0.9453156413349417,
                "f1-score": 0.9190414760955397,
                "support": 12435
            },
            "1": {
                "precision": 0.7830940988835726,
                "recall": 0.6383255330213209,
                "f1-score": 0.7033376307119324,
                "support": 3846
            },
            "accuracy": 0.8727965112708065,
            "macro avg": {
                "precision": 0.8386412225742981,
                "recall": 0.7918205871781313,
                "f1-score": 0.8111895534037361,
                "support": 16281
            },
            "weighted avg": {
                "precision": 0.867944965918051,
                "recall": 0.8727965112708065,
                "f1-score": 0.8680865599758079,
                "support": 16281
            },
            "roc_auc": 0.9261639778015729,
            "score": 0.9261639778015729
        }
    }
}
