{
    "program": "bin/ensemble.py",
    "single_program": "/slot/sandbox/d/in/script/0_script_unpacked/pretrains/bin/finetune___d55e9b03d95d467aa38263fbae241c9b.py",
    "config": {
        "seeds": [
            "5",
            "6",
            "7",
            "8",
            "9"
        ]
    },
    "prediction_type": "probs",
    "metrics": {
        "train": {
            "0": {
                "precision": 0.8985514198004605,
                "recall": 0.947307206068268,
                "f1-score": 0.9222854048199296,
                "support": 19775
            },
            "1": {
                "precision": 0.7996153846153846,
                "recall": 0.6628407460545194,
                "f1-score": 0.7248322147651007,
                "support": 6273
            },
            "accuracy": 0.8788006756756757,
            "macro avg": {
                "precision": 0.8490834022079226,
                "recall": 0.8050739760613936,
                "f1-score": 0.8235588097925152,
                "support": 26048
            },
            "weighted avg": {
                "precision": 0.8747251855899267,
                "recall": 0.8788006756756757,
                "f1-score": 0.8747338130964214,
                "support": 26048
            },
            "roc_auc": 0.9352987448666782,
            "score": 0.9352987448666782
        },
        "val": {
            "0": {
                "precision": 0.8844973138910207,
                "recall": 0.9322548028311426,
                "f1-score": 0.9077483508910112,
                "support": 4945
            },
            "1": {
                "precision": 0.7425057647963106,
                "recall": 0.6160714285714286,
                "f1-score": 0.6734053677239458,
                "support": 1568
            },
            "accuracy": 0.8561338860740059,
            "macro avg": {
                "precision": 0.8135015393436656,
                "recall": 0.7741631157012856,
                "f1-score": 0.7905768593074785,
                "support": 6513
            },
            "weighted avg": {
                "precision": 0.8503129520024124,
                "recall": 0.8561338860740059,
                "f1-score": 0.8513304486023641,
                "support": 6513
            },
            "roc_auc": 0.914271914529209,
            "score": 0.914271914529209
        },
        "test": {
            "0": {
                "precision": 0.8861782419760617,
                "recall": 0.9347808604744672,
                "f1-score": 0.9098309329993739,
                "support": 12435
            },
            "1": {
                "precision": 0.7436788874841972,
                "recall": 0.6118044721788871,
                "f1-score": 0.6713266761768901,
                "support": 3846
            },
            "accuracy": 0.8584853510226644,
            "macro avg": {
                "precision": 0.8149285647301294,
                "recall": 0.7732926663266771,
                "f1-score": 0.790578804588132,
                "support": 16281
            },
            "weighted avg": {
                "precision": 0.8525161501281586,
                "recall": 0.8584853510226644,
                "f1-score": 0.8534899605935466,
                "support": 16281
            },
            "roc_auc": 0.9104613987534975,
            "score": 0.9104613987534975
        }
    }
}
