{
    "program": "bin/ensemble.py",
    "single_program": "/slot/sandbox/d/in/script/0_script_unpacked/pretrains/bin/pretrain_mask_fast___141472e5cb2a421a8912256ecef5b2f9.py",
    "config": {
        "seeds": [
            "0",
            "1",
            "2",
            "3",
            "4"
        ]
    },
    "prediction_type": null,
    "metrics": {
        "train": {
            "rmse": 1.6789715166212453,
            "score": -1.6789715166212453
        },
        "val": {
            "rmse": 1.8393464269891993,
            "score": -1.8393464269891993
        },
        "test": {
            "rmse": 1.838199444657223,
            "score": -1.838199444657223
        }
    }
}
