{
    "program": "bin/ensemble.py",
    "single_program": "/slot/sandbox/d/in/script/0_script_unpacked/pretrains/bin/pretrain_ae___379adcf9c09d4a129c7600e31bdf2bdf.py",
    "config": {
        "seeds": [
            "10",
            "11",
            "12",
            "13",
            "14"
        ]
    },
    "prediction_type": null,
    "metrics": {
        "train": {
            "rmse": 1.5122638201972372,
            "score": -1.5122638201972372
        },
        "val": {
            "rmse": 1.8235779369060303,
            "score": -1.8235779369060303
        },
        "test": {
            "rmse": 1.8268732191600898,
            "score": -1.8268732191600898
        }
    }
}
