{
    "program": "bin/ensemble.py",
    "single_program": "/slot/sandbox/d/in/script/0_script_unpacked/pretrains/bin/augmented_supervised___eda73111c3b3437abcfd2252c9ca84ba.py",
    "config": {
        "seeds": [
            "0",
            "1",
            "2",
            "3",
            "4"
        ]
    },
    "prediction_type": "probs",
    "metrics": {
        "train": {
            "0": {
                "precision": 0.8739510489510489,
                "recall": 0.9809654631083202,
                "f1-score": 0.9243713017751479,
                "support": 5096
            },
            "1": {
                "precision": 0.8573529411764705,
                "recall": 0.4470858895705521,
                "f1-score": 0.5877016129032258,
                "support": 1304
            },
            "accuracy": 0.8721875,
            "macro avg": {
                "precision": 0.8656519950637598,
                "recall": 0.7140256763394361,
                "f1-score": 0.7560364573391869,
                "support": 6400
            },
            "weighted avg": {
                "precision": 0.8705691844919785,
                "recall": 0.8721875,
                "f1-score": 0.8557748526674939,
                "support": 6400
            },
            "roc_auc": 0.8986538220762584,
            "score": 0.8986538220762584
        },
        "val": {
            "0": {
                "precision": 0.8658367911479945,
                "recall": 0.9827315541601256,
                "f1-score": 0.9205882352941176,
                "support": 1274
            },
            "1": {
                "precision": 0.8571428571428571,
                "recall": 0.4049079754601227,
                "f1-score": 0.5499999999999999,
                "support": 326
            },
            "accuracy": 0.865,
            "macro avg": {
                "precision": 0.8614898241454259,
                "recall": 0.6938197648101241,
                "f1-score": 0.7352941176470588,
                "support": 1600
            },
            "weighted avg": {
                "precision": 0.8640654020944477,
                "recall": 0.865,
                "f1-score": 0.8450808823529411,
                "support": 1600
            },
            "roc_auc": 0.86758289913417,
            "score": 0.86758289913417
        },
        "test": {
            "0": {
                "precision": 0.858246001103144,
                "recall": 0.9767733835530445,
                "f1-score": 0.9136817381092189,
                "support": 1593
            },
            "1": {
                "precision": 0.8021390374331551,
                "recall": 0.36855036855036855,
                "f1-score": 0.5050505050505051,
                "support": 407
            },
            "accuracy": 0.853,
            "macro avg": {
                "precision": 0.8301925192681495,
                "recall": 0.6726618760517066,
                "f1-score": 0.709366121579862,
                "support": 2000
            },
            "weighted avg": {
                "precision": 0.8468282339963012,
                "recall": 0.853,
                "f1-score": 0.8305252821817708,
                "support": 2000
            },
            "roc_auc": 0.8540697862731761,
            "score": 0.8540697862731761
        }
    }
}
