{
    "program": "bin/ensemble.py",
    "single_program": "/slot/sandbox/d/in/script/0_script_unpacked/pretrains/bin/pretrain_mask_supervised___88b3e7a57a37443986042a52f5c5558c.py",
    "config": {
        "seeds": [
            "10",
            "11",
            "12",
            "13",
            "14"
        ]
    },
    "prediction_type": "probs",
    "metrics": {
        "train": {
            "0": {
                "precision": 0.7631999444212867,
                "recall": 0.7427151646271382,
                "f1-score": 0.7528182285420593,
                "support": 29582
            },
            "1": {
                "precision": 0.7759031887642435,
                "recall": 0.7944767704784588,
                "f1-score": 0.7850801406184831,
                "support": 33169
            },
            "accuracy": 0.7700753772848241,
            "macro avg": {
                "precision": 0.769551566592765,
                "recall": 0.7685959675527985,
                "f1-score": 0.7689491845802712,
                "support": 62751
            },
            "weighted avg": {
                "precision": 0.7699146407864688,
                "recall": 0.7700753772848241,
                "f1-score": 0.7698712693169139,
                "support": 62751
            },
            "roc_auc": 0.8549107408155837,
            "score": 0.8549107408155837
        },
        "val": {
            "0": {
                "precision": 0.7305773342836779,
                "recall": 0.6929421308815576,
                "f1-score": 0.7112622302407885,
                "support": 7396
            },
            "1": {
                "precision": 0.7381528882739536,
                "recall": 0.7720694645441389,
                "f1-score": 0.7547303271441202,
                "support": 8292
            },
            "accuracy": 0.7347654258031616,
            "macro avg": {
                "precision": 0.7343651112788158,
                "recall": 0.7325057977128483,
                "f1-score": 0.7329962786924544,
                "support": 15688
            },
            "weighted avg": {
                "precision": 0.7345814453040354,
                "recall": 0.7347654258031616,
                "f1-score": 0.7342375909956602,
                "support": 15688
            },
            "roc_auc": 0.8169810469773233,
            "score": 0.8169810469773233
        },
        "test": {
            "0": {
                "precision": 0.7195555555555555,
                "recall": 0.7004867495943753,
                "f1-score": 0.7098931214031242,
                "support": 9245
            },
            "1": {
                "precision": 0.7390197926484449,
                "recall": 0.756488181379643,
                "f1-score": 0.7476519666269368,
                "support": 10365
            },
            "accuracy": 0.730086690464049,
            "macro avg": {
                "precision": 0.7292876741020002,
                "recall": 0.7284874654870092,
                "f1-score": 0.7287725440150306,
                "support": 19610
            },
            "weighted avg": {
                "precision": 0.7298435115712515,
                "recall": 0.730086690464049,
                "f1-score": 0.7298508180244815,
                "support": 19610
            },
            "roc_auc": 0.8093661819520441,
            "score": 0.8093661819520441
        }
    }
}
