{
    "program": "bin/ensemble.py",
    "single_program": "/slot/sandbox/d/in/script/0_script_unpacked/pretrains/bin/augmented_supervised___7062488519a34897a3c86ac47d158174.py",
    "config": {
        "seeds": [
            "0",
            "1",
            "2",
            "3",
            "4"
        ]
    },
    "prediction_type": null,
    "metrics": {
        "train": {
            "rmse": 0.7172149330430891,
            "score": -0.7172149330430891
        },
        "val": {
            "rmse": 0.7458237044427499,
            "score": -0.7458237044427499
        },
        "test": {
            "rmse": 0.7499912711805288,
            "score": -0.7499912711805288
        }
    }
}
