{
    "program": "bin/ensemble.py",
    "single_program": "/slot/sandbox/d/in/script/0_script_unpacked/pretrains/bin/pretrain_ae___7217f57fe14b409f84dd7731d15942ff.py",
    "config": {
        "seeds": [
            "10",
            "11",
            "12",
            "13",
            "14"
        ]
    },
    "prediction_type": "probs",
    "metrics": {
        "train": {
            "0": {
                "precision": 0.9028047360248447,
                "recall": 0.940834386852086,
                "f1-score": 0.9214273332838075,
                "support": 19775
            },
            "1": {
                "precision": 0.7849264705882353,
                "recall": 0.6806950422445401,
                "f1-score": 0.7291044138990864,
                "support": 6273
            },
            "accuracy": 0.8781864250614251,
            "macro avg": {
                "precision": 0.8438656033065399,
                "recall": 0.810764714548313,
                "f1-score": 0.825265873591447,
                "support": 26048
            },
            "weighted avg": {
                "precision": 0.8744167461951514,
                "recall": 0.8781864250614251,
                "f1-score": 0.8751112371036648,
                "support": 26048
            },
            "roc_auc": 0.9344454339761661,
            "score": 0.9344454339761661
        },
        "val": {
            "0": {
                "precision": 0.8899475014582928,
                "recall": 0.9255813953488372,
                "f1-score": 0.9074147501982553,
                "support": 4945
            },
            "1": {
                "precision": 0.7313868613138687,
                "recall": 0.639030612244898,
                "f1-score": 0.6820966643975493,
                "support": 1568
            },
            "accuracy": 0.8565945033010901,
            "macro avg": {
                "precision": 0.8106671813860807,
                "recall": 0.7823060037968677,
                "f1-score": 0.7947557072979023,
                "support": 6513
            },
            "weighted avg": {
                "precision": 0.8517741429834799,
                "recall": 0.8565945033010901,
                "f1-score": 0.853169585368606,
                "support": 6513
            },
            "roc_auc": 0.915075718103217,
            "score": 0.915075718103217
        },
        "test": {
            "0": {
                "precision": 0.8905756338136703,
                "recall": 0.9293928427824688,
                "f1-score": 0.9095702817566503,
                "support": 12435
            },
            "1": {
                "precision": 0.7342615012106537,
                "recall": 0.6307852314092564,
                "f1-score": 0.6786013986013986,
                "support": 3846
            },
            "accuracy": 0.8588538787543762,
            "macro avg": {
                "precision": 0.812418567512162,
                "recall": 0.7800890370958626,
                "f1-score": 0.7940858401790245,
                "support": 16281
            },
            "weighted avg": {
                "precision": 0.8536501283784267,
                "recall": 0.8588538787543762,
                "f1-score": 0.8550093626107074,
                "support": 16281
            },
            "roc_auc": 0.9121680267291109,
            "score": 0.9121680267291109
        }
    }
}
