{
    "program": "bin/ensemble.py",
    "single_program": "/slot/sandbox/d/in/script/0_script_unpacked/pretrains/bin/augmented_supervised___61b66b50313046938ce98c0625bc2265.py",
    "config": {
        "seeds": [
            "5",
            "6",
            "7",
            "8",
            "9"
        ]
    },
    "prediction_type": null,
    "metrics": {
        "train": {
            "rmse": 19770.850348188436,
            "score": -19770.850348188436
        },
        "val": {
            "rmse": 29758.916311266737,
            "score": -29758.916311266737
        },
        "test": {
            "rmse": 31374.50067898464,
            "score": -31374.50067898464
        }
    }
}
