{
    "program": "bin/ensemble.py",
    "single_program": "/slot/sandbox/d/in/script/0_script_unpacked/pretrains/bin/pretrain_ae___e441579013eb4efe995a99001cc2ade7.py",
    "config": {
        "seeds": [
            "5",
            "6",
            "7",
            "8",
            "9"
        ]
    },
    "prediction_type": null,
    "metrics": {
        "train": {
            "rmse": 1.8364707385099626,
            "score": -1.8364707385099626
        },
        "val": {
            "rmse": 4.862131647669314,
            "score": -4.862131647669314
        },
        "test": {
            "rmse": 5.0889537355283005,
            "score": -5.0889537355283005
        }
    }
}
