{
    "program": "bin/ensemble.py",
    "single_program": "/slot/sandbox/d/in/script/0_script_unpacked/pretrains/bin/pretrain_ae___bc31f3b40ec44b5b997b5c3a26894238.py",
    "config": {
        "seeds": [
            "5",
            "6",
            "7",
            "8",
            "9"
        ]
    },
    "prediction_type": "probs",
    "metrics": {
        "train": {
            "0": {
                "precision": 0.8982552800734619,
                "recall": 0.9597723704866562,
                "f1-score": 0.9279954463523385,
                "support": 5096
            },
            "1": {
                "precision": 0.7853403141361257,
                "recall": 0.5751533742331288,
                "f1-score": 0.6640106241699868,
                "support": 1304
            },
            "accuracy": 0.88140625,
            "macro avg": {
                "precision": 0.8417977971047939,
                "recall": 0.7674628723598925,
                "f1-score": 0.7960030352611627,
                "support": 6400
            },
            "weighted avg": {
                "precision": 0.8752488557637296,
                "recall": 0.88140625,
                "f1-score": 0.8742085388326843,
                "support": 6400
            },
            "roc_auc": 0.9002485108012058,
            "score": 0.9002485108012058
        },
        "val": {
            "0": {
                "precision": 0.8843636363636364,
                "recall": 0.9544740973312402,
                "f1-score": 0.9180822952057379,
                "support": 1274
            },
            "1": {
                "precision": 0.7422222222222222,
                "recall": 0.5122699386503068,
                "f1-score": 0.6061705989110708,
                "support": 326
            },
            "accuracy": 0.864375,
            "macro avg": {
                "precision": 0.8132929292929293,
                "recall": 0.7333720179907735,
                "f1-score": 0.7621264470584044,
                "support": 1600
            },
            "weighted avg": {
                "precision": 0.8554023232323231,
                "recall": 0.864375,
                "f1-score": 0.8545302870856994,
                "support": 1600
            },
            "roc_auc": 0.8762965780932477,
            "score": 0.8762965780932477
        },
        "test": {
            "0": {
                "precision": 0.8809523809523809,
                "recall": 0.9522912743251726,
                "f1-score": 0.9152337858220211,
                "support": 1593
            },
            "1": {
                "precision": 0.7266187050359713,
                "recall": 0.4963144963144963,
                "f1-score": 0.5897810218978101,
                "support": 407
            },
            "accuracy": 0.8595,
            "macro avg": {
                "precision": 0.803785542994176,
                "recall": 0.7243028853198344,
                "f1-score": 0.7525074038599155,
                "support": 2000
            },
            "weighted avg": {
                "precision": 0.8495454779033916,
                "recall": 0.8595,
                "f1-score": 0.8490041483634441,
                "support": 2000
            },
            "roc_auc": 0.8662267814810187,
            "score": 0.8662267814810187
        }
    }
}
