{
    "program": "bin/ensemble.py",
    "single_program": "/slot/sandbox/d/in/script/0_script_unpacked/pretrains/bin/pretrain_ae___9b3ccd13550c415ab38ef1343f265843.py",
    "config": {
        "seeds": [
            "10",
            "11",
            "12",
            "13",
            "14"
        ]
    },
    "prediction_type": null,
    "metrics": {
        "train": {
            "rmse": 11382.39894948475,
            "score": -11382.39894948475
        },
        "val": {
            "rmse": 26288.540880468197,
            "score": -26288.540880468197
        },
        "test": {
            "rmse": 28479.457438243116,
            "score": -28479.457438243116
        }
    }
}
