{
    "program": "bin/ensemble.py",
    "single_program": "/slot/sandbox/d/in/script/0_script_unpacked/pretrains/bin/pretrain_mask_pretrain_es___53ff692620604b6cb0ee9f8a50d1ab0f.py",
    "config": {
        "seeds": [
            "10",
            "11",
            "12",
            "13",
            "14"
        ]
    },
    "prediction_type": null,
    "metrics": {
        "train": {
            "rmse": 0.7081005045455799,
            "score": -0.7081005045455799
        },
        "val": {
            "rmse": 0.7419351443179077,
            "score": -0.7419351443179077
        },
        "test": {
            "rmse": 0.7456808997235331,
            "score": -0.7456808997235331
        }
    }
}
