{
    "program": "bin/ensemble.py",
    "single_program": "/slot/sandbox/d/in/script/0_script_unpacked/pretrains/bin/pretrain_contrastive___e8948aeee3e24230b1f4dc7ac523fdb3.py",
    "config": {
        "seeds": [
            "5",
            "6",
            "7",
            "8",
            "9"
        ]
    },
    "prediction_type": "probs",
    "metrics": {
        "train": {
            "0": {
                "precision": 0.7850836189882622,
                "recall": 0.7664796159826922,
                "f1-score": 0.7756700819321622,
                "support": 29582
            },
            "1": {
                "precision": 0.7960436964865663,
                "recall": 0.8128674364617564,
                "f1-score": 0.8043676069153777,
                "support": 33169
            },
            "accuracy": 0.7909993466239582,
            "macro avg": {
                "precision": 0.7905636577374142,
                "recall": 0.7896735262222243,
                "f1-score": 0.7900188444237699,
                "support": 62751
            },
            "weighted avg": {
                "precision": 0.7908769100998181,
                "recall": 0.7909993466239582,
                "f1-score": 0.7908390546364741,
                "support": 62751
            },
            "roc_auc": 0.8767855505330415,
            "score": 0.8767855505330415
        },
        "val": {
            "0": {
                "precision": 0.7360305559485075,
                "recall": 0.7034883720930233,
                "f1-score": 0.7193916349809887,
                "support": 7396
            },
            "1": {
                "precision": 0.7455621301775148,
                "recall": 0.7749638205499276,
                "f1-score": 0.7599787120808941,
                "support": 8292
            },
            "accuracy": 0.7412672106068332,
            "macro avg": {
                "precision": 0.7407963430630111,
                "recall": 0.7392260963214754,
                "f1-score": 0.7396851735309413,
                "support": 15688
            },
            "weighted avg": {
                "precision": 0.7410685348818915,
                "recall": 0.7412672106068332,
                "f1-score": 0.7408442129585776,
                "support": 15688
            },
            "roc_auc": 0.8250369099527599,
            "score": 0.8250369099527599
        },
        "test": {
            "0": {
                "precision": 0.7305763014156728,
                "recall": 0.7089237425635478,
                "f1-score": 0.7195871761089153,
                "support": 9245
            },
            "1": {
                "precision": 0.7470626938622051,
                "recall": 0.7668113844669561,
                "f1-score": 0.7568082270043801,
                "support": 10365
            },
            "accuracy": 0.7395206527281999,
            "macro avg": {
                "precision": 0.738819497638939,
                "recall": 0.737867563515252,
                "f1-score": 0.7381977015566477,
                "support": 19610
            },
            "weighted avg": {
                "precision": 0.7392902972192581,
                "recall": 0.7395206527281999,
                "f1-score": 0.73926061784943,
                "support": 19610
            },
            "roc_auc": 0.8195872816351363,
            "score": 0.8195872816351363
        }
    }
}
