{
    "program": "bin/ensemble.py",
    "single_program": "/slot/sandbox/d/in/script/0_script_unpacked/pretrains/bin/pretrain_ae_supervised___d10df16856ca4a889a0d388da46ffcc0.py",
    "config": {
        "seeds": [
            "5",
            "6",
            "7",
            "8",
            "9"
        ]
    },
    "prediction_type": "probs",
    "metrics": {
        "train": {
            "0": {
                "precision": 0.7647699877811168,
                "recall": 0.7828409167737137,
                "f1-score": 0.773699948215091,
                "support": 29582
            },
            "1": {
                "precision": 0.8021558361564521,
                "recall": 0.7852512888540505,
                "f1-score": 0.7936135529182345,
                "support": 33169
            },
            "accuracy": 0.7841149941833596,
            "macro avg": {
                "precision": 0.7834629119687845,
                "recall": 0.7840461028138821,
                "f1-score": 0.7836567505666627,
                "support": 62751
            },
            "weighted avg": {
                "precision": 0.7845314450449293,
                "recall": 0.7841149941833596,
                "f1-score": 0.7842259056404479,
                "support": 62751
            },
            "roc_auc": 0.8706390324256668,
            "score": 0.8706390324256668
        },
        "val": {
            "0": {
                "precision": 0.722678884247406,
                "recall": 0.7251216873985938,
                "f1-score": 0.7238982250118108,
                "support": 7396
            },
            "1": {
                "precision": 0.7540824966735212,
                "recall": 0.751808972503618,
                "f1-score": 0.7529440183585966,
                "support": 8292
            },
            "accuracy": 0.7392274349821519,
            "macro avg": {
                "precision": 0.7383806904604636,
                "recall": 0.7384653299511059,
                "f1-score": 0.7384211216852037,
                "support": 15688
            },
            "weighted avg": {
                "precision": 0.7392774789846157,
                "recall": 0.7392274349821519,
                "f1-score": 0.7392505783029599,
                "support": 15688
            },
            "roc_auc": 0.8230276036094138,
            "score": 0.8230276036094138
        },
        "test": {
            "0": {
                "precision": 0.7148931646646115,
                "recall": 0.7274202271498107,
                "f1-score": 0.7211022946600901,
                "support": 9245
            },
            "1": {
                "precision": 0.7530138194648632,
                "recall": 0.7412445730824891,
                "f1-score": 0.7470828471411902,
                "support": 10365
            },
            "accuracy": 0.7347271800101989,
            "macro avg": {
                "precision": 0.7339534920647374,
                "recall": 0.73433240011615,
                "f1-score": 0.7340925709006402,
                "support": 19610
            },
            "weighted avg": {
                "precision": 0.7350420982191556,
                "recall": 0.7347271800101989,
                "f1-score": 0.7348344938679741,
                "support": 19610
            },
            "roc_auc": 0.8171179842717553,
            "score": 0.8171179842717553
        }
    }
}
