{
    "program": "bin/ensemble.py",
    "single_program": "/slot/sandbox/d/in/script/0_script_unpacked/pretrains/bin/finetune___ee6246c4eb98417f87d248ae9eaf9767.py",
    "config": {
        "seeds": [
            "0",
            "1",
            "2",
            "3",
            "4"
        ]
    },
    "prediction_type": "probs",
    "metrics": {
        "train": {
            "0": {
                "precision": 0.9101123595505618,
                "recall": 0.7870445344129555,
                "f1-score": 0.8441163699522362,
                "support": 1235
            },
            "1": {
                "precision": 0.8309411337209303,
                "recall": 0.886509013374685,
                "f1-score": 0.8578261277314078,
                "support": 10318
            },
            "2": {
                "precision": 0.7222785323332658,
                "recall": 0.6956267083170636,
                "f1-score": 0.7087021382396818,
                "support": 5122
            },
            "3": {
                "precision": 0.8865030674846626,
                "recall": 0.6713124274099884,
                "f1-score": 0.7640449438202247,
                "support": 1722
            },
            "4": {
                "precision": 0.9886104783599089,
                "recall": 0.9903023388476897,
                "f1-score": 0.9894556853804503,
                "support": 1753
            },
            "5": {
                "precision": 0.9768888888888889,
                "recall": 0.9719212911784214,
                "f1-score": 0.9743987587276959,
                "support": 9046
            },
            "6": {
                "precision": 0.8569069895432031,
                "recall": 0.8569069895432031,
                "f1-score": 0.8569069895432031,
                "support": 1817
            },
            "7": {
                "precision": 0.9552593133674214,
                "recall": 0.965663651467602,
                "f1-score": 0.9604333057927109,
                "support": 5417
            },
            "8": {
                "precision": 0.9259030564989195,
                "recall": 0.945758435824661,
                "f1-score": 0.9357254290171607,
                "support": 3171
            },
            "accuracy": 0.8876796040504028,
            "macro avg": {
                "precision": 0.8948226466386403,
                "recall": 0.8634494878195856,
                "f1-score": 0.876845527578308,
                "support": 39601
            },
            "weighted avg": {
                "precision": 0.8878906506583238,
                "recall": 0.8876796040504028,
                "f1-score": 0.8867192997389195,
                "support": 39601
            },
            "logloss": 0.3060922559173954,
            "score": -0.3060922559173954
        },
        "val": {
            "0": {
                "precision": 0.6937984496124031,
                "recall": 0.5811688311688312,
                "f1-score": 0.6325088339222614,
                "support": 308
            },
            "1": {
                "precision": 0.7725631768953068,
                "recall": 0.8294573643410853,
                "f1-score": 0.8,
                "support": 2580
            },
            "2": {
                "precision": 0.6116427432216905,
                "recall": 0.5987509758001561,
                "f1-score": 0.6051282051282051,
                "support": 1281
            },
            "3": {
                "precision": 0.7515923566878981,
                "recall": 0.5475638051044084,
                "f1-score": 0.6335570469798657,
                "support": 431
            },
            "4": {
                "precision": 0.9791666666666666,
                "recall": 0.9657534246575342,
                "f1-score": 0.9724137931034483,
                "support": 438
            },
            "5": {
                "precision": 0.949977467327625,
                "recall": 0.9319186560565871,
                "f1-score": 0.9408614148627539,
                "support": 2262
            },
            "6": {
                "precision": 0.7439293598233996,
                "recall": 0.7422907488986784,
                "f1-score": 0.743109151047409,
                "support": 454
            },
            "7": {
                "precision": 0.9131693198263386,
                "recall": 0.9320531757754801,
                "f1-score": 0.9225146198830408,
                "support": 1354
            },
            "8": {
                "precision": 0.8534798534798534,
                "recall": 0.8814627994955864,
                "f1-score": 0.8672456575682382,
                "support": 793
            },
            "accuracy": 0.8232501767498233,
            "macro avg": {
                "precision": 0.8077021548379091,
                "recall": 0.7789355312553718,
                "f1-score": 0.7908154136105803,
                "support": 9901
            },
            "weighted avg": {
                "precision": 0.8224484720714351,
                "recall": 0.8232501767498233,
                "f1-score": 0.8216718469864904,
                "support": 9901
            },
            "logloss": 0.45160299624290784,
            "score": -0.45160299624290784
        },
        "test": {
            "0": {
                "precision": 0.6816720257234726,
                "recall": 0.5492227979274611,
                "f1-score": 0.6083213773314203,
                "support": 386
            },
            "1": {
                "precision": 0.7736826950763029,
                "recall": 0.8334367245657568,
                "f1-score": 0.8024488576974765,
                "support": 3224
            },
            "2": {
                "precision": 0.6088117489986649,
                "recall": 0.5696439725171768,
                "f1-score": 0.5885769603097774,
                "support": 1601
            },
            "3": {
                "precision": 0.7318840579710145,
                "recall": 0.5631970260223048,
                "f1-score": 0.6365546218487395,
                "support": 538
            },
            "4": {
                "precision": 0.9816176470588235,
                "recall": 0.9744525547445255,
                "f1-score": 0.978021978021978,
                "support": 548
            },
            "5": {
                "precision": 0.9572710951526032,
                "recall": 0.9430491687301026,
                "f1-score": 0.9501069137562368,
                "support": 2827
            },
            "6": {
                "precision": 0.723292469352014,
                "recall": 0.727112676056338,
                "f1-score": 0.7251975417032485,
                "support": 568
            },
            "7": {
                "precision": 0.9094555873925502,
                "recall": 0.9373892498523332,
                "f1-score": 0.9232111692844678,
                "support": 1693
            },
            "8": {
                "precision": 0.855072463768116,
                "recall": 0.893037336024218,
                "f1-score": 0.8736426456071076,
                "support": 991
            },
            "accuracy": 0.8240950226244343,
            "macro avg": {
                "precision": 0.8025288656103958,
                "recall": 0.776726834048913,
                "f1-score": 0.7873424517289391,
                "support": 12376
            },
            "weighted avg": {
                "precision": 0.8215891034596726,
                "recall": 0.8240950226244343,
                "f1-score": 0.8216937728753059,
                "support": 12376
            },
            "logloss": 0.4492300036505037,
            "score": -0.4492300036505037
        }
    }
}
