{
    "program": "bin/ensemble.py",
    "single_program": "/slot/sandbox/d/in/script/0_script_unpacked/pretrains/bin/finetune___1fab40733ce14a71b3c31cfff50d49a7.py",
    "config": {
        "seeds": [
            "5",
            "6",
            "7",
            "8",
            "9"
        ]
    },
    "prediction_type": null,
    "metrics": {
        "train": {
            "rmse": 0.3400128793233766,
            "score": -0.3400128793233766
        },
        "val": {
            "rmse": 0.4445873937200616,
            "score": -0.4445873937200616
        },
        "test": {
            "rmse": 0.45166418686579823,
            "score": -0.45166418686579823
        }
    }
}
