{
    "program": "bin/ensemble.py",
    "single_program": "/slot/sandbox/d/in/script/0_script_unpacked/pretrains/bin/pretrain_ae_supervised___26d349f6d1424d369ce214e478c35d05.py",
    "config": {
        "seeds": [
            "10",
            "11",
            "12",
            "13",
            "14"
        ]
    },
    "prediction_type": "probs",
    "metrics": {
        "train": {
            "0": {
                "precision": 0.8947945205479452,
                "recall": 0.9613422291993721,
                "f1-score": 0.9268754138681298,
                "support": 5096
            },
            "1": {
                "precision": 0.787027027027027,
                "recall": 0.558282208588957,
                "f1-score": 0.6532077164647825,
                "support": 1304
            },
            "accuracy": 0.87921875,
            "macro avg": {
                "precision": 0.8409107737874861,
                "recall": 0.7598122188941645,
                "f1-score": 0.7900415651664561,
                "support": 6400
            },
            "weighted avg": {
                "precision": 0.8728368937430581,
                "recall": 0.87921875,
                "f1-score": 0.8711156205221978,
                "support": 6400
            },
            "roc_auc": 0.8996757651857347,
            "score": 0.8996757651857347
        },
        "val": {
            "0": {
                "precision": 0.8834178131788559,
                "recall": 0.957613814756672,
                "f1-score": 0.9190207156308852,
                "support": 1274
            },
            "1": {
                "precision": 0.7534246575342466,
                "recall": 0.5061349693251533,
                "f1-score": 0.6055045871559633,
                "support": 326
            },
            "accuracy": 0.865625,
            "macro avg": {
                "precision": 0.8184212353565512,
                "recall": 0.7318743920409126,
                "f1-score": 0.7622626513934243,
                "support": 1600
            },
            "weighted avg": {
                "precision": 0.8569317077162668,
                "recall": 0.865625,
                "f1-score": 0.8551418044541198,
                "support": 1600
            },
            "roc_auc": 0.8733470736100007,
            "score": 0.8733470736100007
        },
        "test": {
            "0": {
                "precision": 0.8818760856977418,
                "recall": 0.9560577526679221,
                "f1-score": 0.9174698795180722,
                "support": 1593
            },
            "1": {
                "precision": 0.7435897435897436,
                "recall": 0.4987714987714988,
                "f1-score": 0.5970588235294118,
                "support": 407
            },
            "accuracy": 0.863,
            "macro avg": {
                "precision": 0.8127329146437428,
                "recall": 0.7274146257197105,
                "f1-score": 0.757264351523742,
                "support": 2000
            },
            "weighted avg": {
                "precision": 0.8537348150787643,
                "recall": 0.863,
                "f1-score": 0.8522662296243798,
                "support": 2000
            },
            "roc_auc": 0.8659861710709169,
            "score": 0.8659861710709169
        }
    }
}
