{
    "program": "/slot/sandbox/d/in/script/0_script_unpacked/pretrains/bin/archive/xgboost____714e90a0d92e416599c3d7e6f7e3810d.py",
    "environment": {
        "CUDA_VISIBLE_DEVICES": "0",
        "gpus": {
            "driver": "450.119.04",
            "devices": [
                {
                    "name": "A100-SXM-80GB",
                    "memory_total": 85199093760,
                    "memory_free": 85195948032,
                    "memory_used": 3145728,
                    "utilization": 0
                }
            ]
        },
        "torch.version.cuda": "11.1",
        "torch.backends.cudnn.version()": 8005,
        "torch.cuda.nccl.version()": [
            2,
            10,
            3
        ]
    },
    "config": {
        "seed": 12,
        "data": {
            "path": "data/adult_roc",
            "T": {
                "seed": 0,
                "normalization": null,
                "num_nan_policy": null,
                "cat_nan_policy": null,
                "cat_min_frequency": null,
                "cat_encoding": "one-hot",
                "y_policy": "default"
            },
            "T_cache": false
        },
        "xgboost": {
            "booster": "gbtree",
            "n_estimators": 2000,
            "n_jobs": 1,
            "tree_method": "gpu_hist",
            "colsample_bytree": 0.8665261517914613,
            "gamma": 0.6707889513142046,
            "lambda": 1.002808444898153,
            "learning_rate": 0.039294037989220175,
            "max_depth": 6,
            "min_child_weight": 0.0003127588574756309,
            "subsample": 0.9661507487647305,
            "random_state": 12
        },
        "xgboost_fit": {
            "early_stopping_rounds": 50,
            "verbose": true
        }
    },
    "prediction_type": "probs",
    "metrics": {
        "train": {
            "0": {
                "precision": 0.9031625281087029,
                "recall": 0.9545891276864729,
                "f1-score": 0.9281640279280164,
                "support": 19775
            },
            "1": {
                "precision": 0.8255294346221099,
                "recall": 0.6773473617089112,
                "f1-score": 0.7441330998248685,
                "support": 6273
            },
            "accuracy": 0.8878224815724816,
            "macro avg": {
                "precision": 0.8643459813654064,
                "recall": 0.815968244697692,
                "f1-score": 0.8361485638764425,
                "support": 26048
            },
            "weighted avg": {
                "precision": 0.8844665669814994,
                "recall": 0.8878224815724816,
                "f1-score": 0.8838448474922421,
                "support": 26048
            },
            "roc_auc": 0.9452896133631523,
            "score": 0.9452896133631523
        },
        "val": {
            "0": {
                "precision": 0.8921961457737073,
                "recall": 0.9456016177957532,
                "f1-score": 0.9181229138032593,
                "support": 4945
            },
            "1": {
                "precision": 0.7885220125786163,
                "recall": 0.6396683673469388,
                "f1-score": 0.706338028169014,
                "support": 1568
            },
            "accuracy": 0.8719484108705665,
            "macro avg": {
                "precision": 0.8403590791761618,
                "recall": 0.7926349925713461,
                "f1-score": 0.8122304709861367,
                "support": 6513
            },
            "weighted avg": {
                "precision": 0.8672366738176344,
                "recall": 0.8719484108705665,
                "f1-score": 0.8671358570437787,
                "support": 6513
            },
            "roc_auc": 0.9293991560223684,
            "score": 0.9293991560223684
        },
        "test": {
            "0": {
                "precision": 0.895481515289822,
                "recall": 0.9466827503015681,
                "f1-score": 0.9203705875454439,
                "support": 12435
            },
            "1": {
                "precision": 0.7885167464114833,
                "recall": 0.6427457098283932,
                "f1-score": 0.7082079931241942,
                "support": 3846
            },
            "accuracy": 0.8748848350838401,
            "macro avg": {
                "precision": 0.8419991308506527,
                "recall": 0.7947142300649807,
                "f1-score": 0.8142892903348191,
                "support": 16281
            },
            "weighted avg": {
                "precision": 0.8702136262715743,
                "recall": 0.8748848350838401,
                "f1-score": 0.8702522079530278,
                "support": 16281
            },
            "roc_auc": 0.9266979348253143,
            "score": 0.9266979348253143
        }
    },
    "time": "0:00:02"
}
