{
    "program": "bin/ensemble.py",
    "single_program": "/slot/sandbox/d/in/script/0_script_unpacked/pretrains/bin/pretrain_ae_ddp___89f4ee6f92af4add833c71d872a0ff9c.py",
    "config": {
        "seeds": [
            "5",
            "6",
            "7",
            "8",
            "9"
        ]
    },
    "prediction_type": "probs",
    "metrics": {
        "train": {
            "0": {
                "precision": 0.9980831613093483,
                "recall": 0.9985395860685362,
                "f1-score": 0.9983113215199583,
                "support": 135578
            },
            "1": {
                "precision": 0.998984239145436,
                "recall": 0.9980641104835863,
                "f1-score": 0.9985239628424889,
                "support": 181312
            },
            "2": {
                "precision": 0.9989944476019761,
                "recall": 0.9986015208460799,
                "f1-score": 0.9987979455797181,
                "support": 22882
            },
            "3": {
                "precision": 0.994343891402715,
                "recall": 0.9994314951677089,
                "f1-score": 0.9968812021548058,
                "support": 1759
            },
            "4": {
                "precision": 0.9858490566037735,
                "recall": 0.9976954732510288,
                "f1-score": 0.99173688947067,
                "support": 6075
            },
            "5": {
                "precision": 0.9972154854935776,
                "recall": 0.9988304093567252,
                "f1-score": 0.998022294138799,
                "support": 11115
            },
            "6": {
                "precision": 0.997869101978691,
                "recall": 0.998933414596983,
                "f1-score": 0.9984009746440266,
                "support": 13126
            },
            "accuracy": 0.9983245797330622,
            "macro avg": {
                "precision": 0.9959056262193596,
                "recall": 0.9985851442529496,
                "f1-score": 0.9972392271929239,
                "support": 371847
            },
            "weighted avg": {
                "precision": 0.9983275488027151,
                "recall": 0.9983245797330622,
                "f1-score": 0.9983253013237706,
                "support": 371847
            },
            "score": 0.9983245797330622
        },
        "val": {
            "0": {
                "precision": 0.9742910151073416,
                "recall": 0.9761019649495486,
                "f1-score": 0.9751956492903568,
                "support": 33894
            },
            "1": {
                "precision": 0.9805661922574648,
                "recall": 0.9773429226967879,
                "f1-score": 0.9789519042725977,
                "support": 45328
            },
            "2": {
                "precision": 0.971443496430437,
                "recall": 0.9751791644817339,
                "f1-score": 0.973307745987439,
                "support": 5721
            },
            "3": {
                "precision": 0.9009009009009009,
                "recall": 0.9111617312072893,
                "f1-score": 0.9060022650056624,
                "support": 439
            },
            "4": {
                "precision": 0.908150064683053,
                "recall": 0.924292297564187,
                "f1-score": 0.9161500815660685,
                "support": 1519
            },
            "5": {
                "precision": 0.9534217126477965,
                "recall": 0.9575386829794891,
                "f1-score": 0.955475763016158,
                "support": 2779
            },
            "6": {
                "precision": 0.9700181708055724,
                "recall": 0.9759293113954906,
                "f1-score": 0.9729647630619684,
                "support": 3282
            },
            "accuracy": 0.97493599535294,
            "macro avg": {
                "precision": 0.951255936118938,
                "recall": 0.9567922964677894,
                "f1-score": 0.9540068817428928,
                "support": 92962
            },
            "weighted avg": {
                "precision": 0.9749734976824327,
                "recall": 0.97493599535294,
                "f1-score": 0.9749511771986126,
                "support": 92962
            },
            "score": 0.97493599535294
        },
        "test": {
            "0": {
                "precision": 0.9748206531999245,
                "recall": 0.9750047205438066,
                "f1-score": 0.9749126781837061,
                "support": 42368
            },
            "1": {
                "precision": 0.979379255460253,
                "recall": 0.9773742080090362,
                "f1-score": 0.9783757044679611,
                "support": 56661
            },
            "2": {
                "precision": 0.9717798267672534,
                "recall": 0.9727310865613201,
                "f1-score": 0.9722552239849046,
                "support": 7151
            },
            "3": {
                "precision": 0.9144981412639405,
                "recall": 0.8961748633879781,
                "f1-score": 0.9052437902483901,
                "support": 549
            },
            "4": {
                "precision": 0.9003099173553719,
                "recall": 0.9178515007898894,
                "f1-score": 0.9089960886571055,
                "support": 1899
            },
            "5": {
                "precision": 0.9474879364178257,
                "recall": 0.961128707169594,
                "f1-score": 0.9542595769010862,
                "support": 3473
            },
            "6": {
                "precision": 0.9711654955173249,
                "recall": 0.977084349098001,
                "f1-score": 0.9741159314619031,
                "support": 4102
            },
            "accuracy": 0.9743724344466149,
            "macro avg": {
                "precision": 0.9513487465688419,
                "recall": 0.9539070622228037,
                "f1-score": 0.9525941419864369,
                "support": 116203
            },
            "weighted avg": {
                "precision": 0.9744077299899604,
                "recall": 0.9743724344466149,
                "f1-score": 0.974385968705652,
                "support": 116203
            },
            "score": 0.9743724344466149
        }
    }
}
