{
    "program": "bin/ensemble.py",
    "single_program": "/slot/sandbox/d/in/script/0_script_unpacked/pretrains/bin/pretrain_mask_supervised_fast___47ef61bccac74dc1a0ab6c0a8fb257c0.py",
    "config": {
        "seeds": [
            "0",
            "1",
            "2",
            "3",
            "4"
        ]
    },
    "prediction_type": "probs",
    "metrics": {
        "train": {
            "0": {
                "precision": 0.9975213378873832,
                "recall": 0.9973668294266032,
                "f1-score": 0.9974440776734838,
                "support": 135578
            },
            "1": {
                "precision": 0.9980635123802798,
                "recall": 0.9977552506177197,
                "f1-score": 0.9979093576929017,
                "support": 181312
            },
            "2": {
                "precision": 0.9979015476086386,
                "recall": 0.9975526614806398,
                "f1-score": 0.997727074044934,
                "support": 22882
            },
            "3": {
                "precision": 0.9886813808715337,
                "recall": 0.9931779420125071,
                "f1-score": 0.9909245604083947,
                "support": 1759
            },
            "4": {
                "precision": 0.9853013228809407,
                "recall": 0.9930864197530864,
                "f1-score": 0.9891785538612886,
                "support": 6075
            },
            "5": {
                "precision": 0.9963079693831607,
                "recall": 0.9954116059379218,
                "f1-score": 0.9958595859585958,
                "support": 11115
            },
            "6": {
                "precision": 0.9941511583744778,
                "recall": 0.9971049824775255,
                "f1-score": 0.995625879578563,
                "support": 13126
            },
            "accuracy": 0.9974102251732567,
            "macro avg": {
                "precision": 0.9939897470552019,
                "recall": 0.9959222416722862,
                "f1-score": 0.9949527270311659,
                "support": 371847
            },
            "weighted avg": {
                "precision": 0.9974124034539522,
                "recall": 0.9974102251732567,
                "f1-score": 0.9974109409054552,
                "support": 371847
            },
            "score": 0.9974102251732567
        },
        "val": {
            "0": {
                "precision": 0.9768690623709211,
                "recall": 0.9768690623709211,
                "f1-score": 0.9768690623709211,
                "support": 33894
            },
            "1": {
                "precision": 0.9810141952005652,
                "recall": 0.9803432756794918,
                "f1-score": 0.9806786206896552,
                "support": 45328
            },
            "2": {
                "precision": 0.9730247128437174,
                "recall": 0.9772766998776438,
                "f1-score": 0.9751460713351356,
                "support": 5721
            },
            "3": {
                "precision": 0.9211136890951276,
                "recall": 0.9043280182232346,
                "f1-score": 0.9126436781609195,
                "support": 439
            },
            "4": {
                "precision": 0.9161755075311068,
                "recall": 0.9210006583278473,
                "f1-score": 0.9185817465528562,
                "support": 1519
            },
            "5": {
                "precision": 0.9588744588744589,
                "recall": 0.956459157970493,
                "f1-score": 0.9576652855341379,
                "support": 2779
            },
            "6": {
                "precision": 0.970257966616085,
                "recall": 0.9741011578305911,
                "f1-score": 0.9721757640261518,
                "support": 3282
            },
            "accuracy": 0.9766248574686431,
            "macro avg": {
                "precision": 0.9567613703617118,
                "recall": 0.9557682900400318,
                "f1-score": 0.9562514612385397,
                "support": 92962
            },
            "weighted avg": {
                "precision": 0.9766272680808155,
                "recall": 0.9766248574686431,
                "f1-score": 0.976625073970963,
                "support": 92962
            },
            "score": 0.9766248574686431
        },
        "test": {
            "0": {
                "precision": 0.9767678200037815,
                "recall": 0.9754767749244713,
                "f1-score": 0.9761218705715635,
                "support": 42368
            },
            "1": {
                "precision": 0.9795471791342404,
                "recall": 0.9796509062670973,
                "f1-score": 0.9795990399548213,
                "support": 56661
            },
            "2": {
                "precision": 0.9696505638312682,
                "recall": 0.9739896517969515,
                "f1-score": 0.9718152644063066,
                "support": 7151
            },
            "3": {
                "precision": 0.9232209737827716,
                "recall": 0.8979963570127505,
                "f1-score": 0.9104339796860574,
                "support": 549
            },
            "4": {
                "precision": 0.9197465681098205,
                "recall": 0.9173249078462349,
                "f1-score": 0.9185341418402321,
                "support": 1899
            },
            "5": {
                "precision": 0.9514925373134329,
                "recall": 0.9545061906133027,
                "f1-score": 0.9529969814575248,
                "support": 3473
            },
            "6": {
                "precision": 0.9721482199079681,
                "recall": 0.9785470502194051,
                "f1-score": 0.9753371400801847,
                "support": 4102
            },
            "accuracy": 0.9755858282488404,
            "macro avg": {
                "precision": 0.9560819802976119,
                "recall": 0.9539274055257447,
                "f1-score": 0.95497691685667,
                "support": 116203
            },
            "weighted avg": {
                "precision": 0.9755817450874945,
                "recall": 0.9755858282488404,
                "f1-score": 0.9755820385569975,
                "support": 116203
            },
            "score": 0.9755858282488404
        }
    }
}
