{
    "program": "bin/ensemble.py",
    "single_program": "/slot/sandbox/d/in/script/0_script_unpacked/pretrains/bin/pretrain_ae___7ccad288b65e4c38b127980fd7c55697.py",
    "config": {
        "seeds": [
            "10",
            "11",
            "12",
            "13",
            "14"
        ]
    },
    "prediction_type": "probs",
    "metrics": {
        "train": {
            "0": {
                "precision": 0.9030546917870862,
                "recall": 0.9687990580847724,
                "f1-score": 0.9347723184701316,
                "support": 5096
            },
            "1": {
                "precision": 0.8295819935691319,
                "recall": 0.593558282208589,
                "f1-score": 0.6919982118909255,
                "support": 1304
            },
            "accuracy": 0.89234375,
            "macro avg": {
                "precision": 0.866318342678109,
                "recall": 0.7811786701466807,
                "f1-score": 0.8133852651805286,
                "support": 6400
            },
            "weighted avg": {
                "precision": 0.888084629525178,
                "recall": 0.89234375,
                "f1-score": 0.8853070942546184,
                "support": 6400
            },
            "roc_auc": 0.9155933078752975,
            "score": 0.9155933078752975
        },
        "val": {
            "0": {
                "precision": 0.8834178131788559,
                "recall": 0.957613814756672,
                "f1-score": 0.9190207156308852,
                "support": 1274
            },
            "1": {
                "precision": 0.7534246575342466,
                "recall": 0.5061349693251533,
                "f1-score": 0.6055045871559633,
                "support": 326
            },
            "accuracy": 0.865625,
            "macro avg": {
                "precision": 0.8184212353565512,
                "recall": 0.7318743920409126,
                "f1-score": 0.7622626513934243,
                "support": 1600
            },
            "weighted avg": {
                "precision": 0.8569317077162668,
                "recall": 0.865625,
                "f1-score": 0.8551418044541198,
                "support": 1600
            },
            "roc_auc": 0.869860638922865,
            "score": 0.869860638922865
        },
        "test": {
            "0": {
                "precision": 0.877668782458165,
                "recall": 0.9548022598870056,
                "f1-score": 0.9146121467227902,
                "support": 1593
            },
            "1": {
                "precision": 0.7303370786516854,
                "recall": 0.47911547911547914,
                "f1-score": 0.5786350148367952,
                "support": 407
            },
            "accuracy": 0.858,
            "macro avg": {
                "precision": 0.8040029305549252,
                "recall": 0.7169588695012423,
                "f1-score": 0.7466235807797927,
                "support": 2000
            },
            "weighted avg": {
                "precision": 0.8476867807335463,
                "recall": 0.858,
                "f1-score": 0.8462408003839903,
                "support": 2000
            },
            "roc_auc": 0.8560147204215001,
            "score": 0.8560147204215001
        }
    }
}
