{
    "program": "bin/ensemble.py",
    "single_program": "/slot/sandbox/d/in/script/0_script_unpacked/pretrains/bin/pretrain_ae_pretrain_es___297ac5e5372343d7ba5410345b2c8804.py",
    "config": {
        "seeds": [
            "5",
            "6",
            "7",
            "8",
            "9"
        ]
    },
    "prediction_type": "probs",
    "metrics": {
        "train": {
            "0": {
                "precision": 0.9969401147272647,
                "recall": 0.9972930711472363,
                "f1-score": 0.9971165617026299,
                "support": 135578
            },
            "1": {
                "precision": 0.9977168068385496,
                "recall": 0.9977883427462054,
                "f1-score": 0.9977525735101493,
                "support": 181312
            },
            "2": {
                "precision": 0.9987752066838721,
                "recall": 0.9978585787955598,
                "f1-score": 0.9983166823339091,
                "support": 22882
            },
            "3": {
                "precision": 0.9943374858437146,
                "recall": 0.9982944855031268,
                "f1-score": 0.9963120567375887,
                "support": 1759
            },
            "4": {
                "precision": 0.991437510291454,
                "recall": 0.9911111111111112,
                "f1-score": 0.9912742838327298,
                "support": 6075
            },
            "5": {
                "precision": 0.9973026434094587,
                "recall": 0.9979307242465137,
                "f1-score": 0.9976165849709943,
                "support": 11115
            },
            "6": {
                "precision": 0.997246443322625,
                "recall": 0.9932957488953222,
                "f1-score": 0.995267175572519,
                "support": 13126
            },
            "accuracy": 0.9973510610546811,
            "macro avg": {
                "precision": 0.9962508873024198,
                "recall": 0.9962245803492965,
                "f1-score": 0.9962365598086457,
                "support": 371847
            },
            "weighted avg": {
                "precision": 0.9973511929490172,
                "recall": 0.9973510610546811,
                "f1-score": 0.9973509416683706,
                "support": 371847
            },
            "score": 0.9973510610546811
        },
        "val": {
            "0": {
                "precision": 0.9721984728323358,
                "recall": 0.9729155602761551,
                "f1-score": 0.9725568843732029,
                "support": 33894
            },
            "1": {
                "precision": 0.9767272727272728,
                "recall": 0.9777400282386163,
                "f1-score": 0.9772333880908018,
                "support": 45328
            },
            "2": {
                "precision": 0.9729068344694983,
                "recall": 0.9729068344694983,
                "f1-score": 0.9729068344694983,
                "support": 5721
            },
            "3": {
                "precision": 0.9115646258503401,
                "recall": 0.9157175398633257,
                "f1-score": 0.9136363636363637,
                "support": 439
            },
            "4": {
                "precision": 0.9149223497636731,
                "recall": 0.892034233048058,
                "f1-score": 0.9033333333333333,
                "support": 1519
            },
            "5": {
                "precision": 0.9546599496221663,
                "recall": 0.9546599496221663,
                "f1-score": 0.9546599496221663,
                "support": 2779
            },
            "6": {
                "precision": 0.9744300677757239,
                "recall": 0.9637416209628276,
                "f1-score": 0.9690563725490194,
                "support": 3282
            },
            "accuracy": 0.9728060928121168,
            "macro avg": {
                "precision": 0.9539156532915729,
                "recall": 0.9499593952115211,
                "f1-score": 0.9519118751534836,
                "support": 92962
            },
            "weighted avg": {
                "precision": 0.9727825590976985,
                "recall": 0.9728060928121168,
                "f1-score": 0.9727907184225898,
                "support": 92962
            },
            "score": 0.9728060928121168
        },
        "test": {
            "0": {
                "precision": 0.9720857736633289,
                "recall": 0.9715351208459214,
                "f1-score": 0.9718103692511096,
                "support": 42368
            },
            "1": {
                "precision": 0.9751809902943405,
                "recall": 0.9770741780060359,
                "f1-score": 0.9761266661964878,
                "support": 56661
            },
            "2": {
                "precision": 0.9715044000558737,
                "recall": 0.9725912459795832,
                "f1-score": 0.9720475192173305,
                "support": 7151
            },
            "3": {
                "precision": 0.9023508137432188,
                "recall": 0.9089253187613844,
                "f1-score": 0.9056261343012704,
                "support": 549
            },
            "4": {
                "precision": 0.9125475285171103,
                "recall": 0.8846761453396524,
                "f1-score": 0.8983957219251337,
                "support": 1899
            },
            "5": {
                "precision": 0.9503016374604999,
                "recall": 0.9524906420961704,
                "f1-score": 0.9513948806442335,
                "support": 3473
            },
            "6": {
                "precision": 0.9770596941292551,
                "recall": 0.9656265236470014,
                "f1-score": 0.9713094654242275,
                "support": 4102
            },
            "accuracy": 0.9718079567653158,
            "macro avg": {
                "precision": 0.9515758339805183,
                "recall": 0.9475598820965355,
                "f1-score": 0.9495301081371134,
                "support": 116203
            },
            "weighted avg": {
                "precision": 0.9717813044418185,
                "recall": 0.9718079567653158,
                "f1-score": 0.9717893224704024,
                "support": 116203
            },
            "score": 0.9718079567653158
        }
    }
}
