{
    "program": "/slot/sandbox/d/in/script/0_script_unpacked/pretrains/bin/archive/xgboost____6f7f9dde77e84209931207c39ae18604.py",
    "environment": {
        "CUDA_VISIBLE_DEVICES": "0",
        "gpus": {
            "driver": "450.119.04",
            "devices": [
                {
                    "name": "A100-SXM-80GB",
                    "memory_total": 85199093760,
                    "memory_free": 85195948032,
                    "memory_used": 3145728,
                    "utilization": 0
                }
            ]
        },
        "torch.version.cuda": "11.1",
        "torch.backends.cudnn.version()": 8005,
        "torch.cuda.nccl.version()": [
            2,
            10,
            3
        ]
    },
    "config": {
        "seed": 5,
        "data": {
            "path": "data/higgs-small_roc",
            "T": {
                "seed": 0,
                "normalization": null,
                "num_nan_policy": null,
                "cat_nan_policy": null,
                "cat_min_frequency": null,
                "cat_encoding": null,
                "y_policy": "default"
            },
            "T_cache": false
        },
        "xgboost": {
            "booster": "gbtree",
            "n_estimators": 2000,
            "n_jobs": 1,
            "tree_method": "gpu_hist",
            "colsample_bytree": 0.9118030562356342,
            "gamma": 0,
            "lambda": 5.154249797397774,
            "learning_rate": 0.032358789684609084,
            "max_depth": 8,
            "min_child_weight": 0.0014302554765353716,
            "subsample": 0.8651687972804869,
            "random_state": 5
        },
        "xgboost_fit": {
            "early_stopping_rounds": 50,
            "verbose": true
        }
    },
    "prediction_type": "probs",
    "metrics": {
        "train": {
            "0": {
                "precision": 0.8462742098125804,
                "recall": 0.8227300385369481,
                "f1-score": 0.8343360586894294,
                "support": 29582
            },
            "1": {
                "precision": 0.8457284066839257,
                "recall": 0.8667128945702313,
                "f1-score": 0.856092077247212,
                "support": 33169
            },
            "accuracy": 0.8459785501426272,
            "macro avg": {
                "precision": 0.846001308248253,
                "recall": 0.8447214665535897,
                "f1-score": 0.8452140679683207,
                "support": 62751
            },
            "weighted avg": {
                "precision": 0.8459857085301411,
                "recall": 0.8459785501426272,
                "f1-score": 0.8458358814738167,
                "support": 62751
            },
            "roc_auc": 0.9238236793240178,
            "score": 0.9238236793240178
        },
        "val": {
            "0": {
                "precision": 0.7212265471856623,
                "recall": 0.6964575446187128,
                "f1-score": 0.7086256706562113,
                "support": 7396
            },
            "1": {
                "precision": 0.7373040018722209,
                "recall": 0.7598890496864448,
                "f1-score": 0.7484261788811023,
                "support": 8292
            },
            "accuracy": 0.7299847016828149,
            "macro avg": {
                "precision": 0.7292652745289416,
                "recall": 0.7281732971525787,
                "f1-score": 0.7285259247686569,
                "support": 15688
            },
            "weighted avg": {
                "precision": 0.7297243961314135,
                "recall": 0.7299847016828149,
                "f1-score": 0.7296625022600356,
                "support": 15688
            },
            "roc_auc": 0.8091812838949985,
            "score": 0.8091812838949985
        },
        "test": {
            "0": {
                "precision": 0.7133891213389121,
                "recall": 0.7008112493239589,
                "f1-score": 0.7070442516505702,
                "support": 9245
            },
            "1": {
                "precision": 0.7372720364741642,
                "recall": 0.7488663772310661,
                "f1-score": 0.7430239793232183,
                "support": 10365
            },
            "accuracy": 0.7262111167771546,
            "macro avg": {
                "precision": 0.7253305789065381,
                "recall": 0.7248388132775125,
                "f1-score": 0.7250341154868942,
                "support": 19610
            },
            "weighted avg": {
                "precision": 0.7260125999404873,
                "recall": 0.7262111167771546,
                "f1-score": 0.726061583487745,
                "support": 19610
            },
            "roc_auc": 0.8044535357243208,
            "score": 0.8044535357243208
        }
    },
    "time": "0:00:09"
}
