{
    "program": "bin/ensemble.py",
    "single_program": "/slot/sandbox/d/in/script/0_script_unpacked/pretrains/bin/augmented_supervised___4347c244ca064808998996fdc43e4972.py",
    "config": {
        "seeds": [
            "0",
            "1",
            "2",
            "3",
            "4"
        ]
    },
    "prediction_type": null,
    "metrics": {
        "train": {
            "rmse": 4.923787357586168,
            "score": -4.923787357586168
        },
        "val": {
            "rmse": 5.699635085780155,
            "score": -5.699635085780155
        },
        "test": {
            "rmse": 5.887138974526108,
            "score": -5.887138974526108
        }
    }
}
