{
    "program": "bin/ensemble.py",
    "single_program": "/slot/sandbox/d/in/script/0_script_unpacked/pretrains/bin/finetune___d55e9b03d95d467aa38263fbae241c9b.py",
    "config": {
        "seeds": [
            "0",
            "1",
            "2",
            "3",
            "4"
        ]
    },
    "prediction_type": "probs",
    "metrics": {
        "train": {
            "0": {
                "precision": 0.8988612886176909,
                "recall": 0.9460429835651074,
                "f1-score": 0.9218488223120134,
                "support": 19775
            },
            "1": {
                "precision": 0.7961795606494747,
                "recall": 0.664434879642914,
                "f1-score": 0.724365658672228,
                "support": 6273
            },
            "accuracy": 0.8782248157248157,
            "macro avg": {
                "precision": 0.8475204246335828,
                "recall": 0.8052389316040107,
                "f1-score": 0.8231072404921207,
                "support": 26048
            },
            "weighted avg": {
                "precision": 0.8741329993231338,
                "recall": 0.8782248157248157,
                "f1-score": 0.8742900122109549,
                "support": 26048
            },
            "roc_auc": 0.9344285776761241,
            "score": 0.9344285776761241
        },
        "val": {
            "0": {
                "precision": 0.8846597462514417,
                "recall": 0.9306370070778565,
                "f1-score": 0.9070661279195822,
                "support": 4945
            },
            "1": {
                "precision": 0.738367658276125,
                "recall": 0.6173469387755102,
                "f1-score": 0.6724557137895103,
                "support": 1568
            },
            "accuracy": 0.8552126516198373,
            "macro avg": {
                "precision": 0.8115137022637834,
                "recall": 0.7739919729266833,
                "f1-score": 0.7897609208545462,
                "support": 6513
            },
            "weighted avg": {
                "precision": 0.8494400327637561,
                "recall": 0.8552126516198373,
                "f1-score": 0.8505838418216315,
                "support": 6513
            },
            "roc_auc": 0.9144377695466457,
            "score": 0.9144377695466457
        },
        "test": {
            "0": {
                "precision": 0.8869611739529196,
                "recall": 0.9332529151588259,
                "f1-score": 0.9095183980563503,
                "support": 12435
            },
            "1": {
                "precision": 0.7403816077572725,
                "recall": 0.6154446177847114,
                "f1-score": 0.6721567513843533,
                "support": 3846
            },
            "accuracy": 0.8581782445795713,
            "macro avg": {
                "precision": 0.8136713908550961,
                "recall": 0.7743487664717686,
                "f1-score": 0.7908375747203518,
                "support": 16281
            },
            "weighted avg": {
                "precision": 0.8523352288888291,
                "recall": 0.8581782445795713,
                "f1-score": 0.8534473401913235,
                "support": 16281
            },
            "roc_auc": 0.9104008132983141,
            "score": 0.9104008132983141
        }
    }
}
