{
    "program": "bin/ensemble.py",
    "single_program": "/slot/sandbox/d/in/script/0_script_unpacked/pretrains/bin/pretrain_ae___df7c48c62fcc4d5d9ae018fb1de9ce92.py",
    "config": {
        "seeds": [
            "10",
            "11",
            "12",
            "13",
            "14"
        ]
    },
    "prediction_type": null,
    "metrics": {
        "train": {
            "rmse": 1.4795504977287397,
            "score": -1.4795504977287397
        },
        "val": {
            "rmse": 1.8106023977899681,
            "score": -1.8106023977899681
        },
        "test": {
            "rmse": 1.8116075936356184,
            "score": -1.8116075936356184
        }
    }
}
