{
    "program": "bin/ensemble.py",
    "single_program": "/slot/sandbox/d/in/script/0_script_unpacked/pretrains/bin/augmented_supervised___52a0a4eaa40f4fcca507c473b29b0831.py",
    "config": {
        "seeds": [
            "10",
            "11",
            "12",
            "13",
            "14"
        ]
    },
    "prediction_type": "probs",
    "metrics": {
        "train": {
            "0": {
                "precision": 0.8997991199540846,
                "recall": 0.9513527180783818,
                "f1-score": 0.9248580488164589,
                "support": 19775
            },
            "1": {
                "precision": 0.81284046692607,
                "recall": 0.6660290132313088,
                "f1-score": 0.7321475510382898,
                "support": 6273
            },
            "accuracy": 0.882639742014742,
            "macro avg": {
                "precision": 0.8563197934400772,
                "recall": 0.8086908656548453,
                "f1-score": 0.8285027999273744,
                "support": 26048
            },
            "weighted avg": {
                "precision": 0.8788573343872567,
                "recall": 0.882639742014742,
                "f1-score": 0.8784486142125563,
                "support": 26048
            },
            "roc_auc": 0.9387545000013099,
            "score": 0.9387545000013099
        },
        "val": {
            "0": {
                "precision": 0.8812107367218732,
                "recall": 0.9360970677451972,
                "f1-score": 0.907825063737988,
                "support": 4945
            },
            "1": {
                "precision": 0.7492063492063492,
                "recall": 0.6020408163265306,
                "f1-score": 0.6676096181046677,
                "support": 1568
            },
            "accuracy": 0.8556732688469215,
            "macro avg": {
                "precision": 0.8152085429641112,
                "recall": 0.7690689420358638,
                "f1-score": 0.7877173409213278,
                "support": 6513
            },
            "weighted avg": {
                "precision": 0.849430776699711,
                "recall": 0.8556732688469215,
                "f1-score": 0.8499933703934391,
                "support": 6513
            },
            "roc_auc": 0.9155406538247253,
            "score": 0.9155406538247253
        },
        "test": {
            "0": {
                "precision": 0.8851167020309184,
                "recall": 0.9392842782468838,
                "f1-score": 0.9113963559751862,
                "support": 12435
            },
            "1": {
                "precision": 0.7552674230145867,
                "recall": 0.6058242329693188,
                "f1-score": 0.6723416534410619,
                "support": 3846
            },
            "accuracy": 0.8605122535470794,
            "macro avg": {
                "precision": 0.8201920625227526,
                "recall": 0.7725542556081013,
                "f1-score": 0.791869004708124,
                "support": 16281
            },
            "weighted avg": {
                "precision": 0.8544428904040643,
                "recall": 0.8605122535470794,
                "f1-score": 0.854925353828743,
                "support": 16281
            },
            "roc_auc": 0.9116415344189159,
            "score": 0.9116415344189159
        }
    }
}
