{
    "program": "bin/ensemble.py",
    "single_program": "/slot/sandbox/d/in/script/0_script_unpacked/pretrains/bin/pretrain_mask___30e8f277a63a4a4e8dae2d578de82601.py",
    "config": {
        "seeds": [
            "0",
            "1",
            "2",
            "3",
            "4"
        ]
    },
    "prediction_type": "probs",
    "metrics": {
        "train": {
            "0": {
                "precision": 0.8899782135076253,
                "recall": 0.9619309262166404,
                "f1-score": 0.9245567710298,
                "support": 5096
            },
            "1": {
                "precision": 0.7825112107623319,
                "recall": 0.5352760736196319,
                "f1-score": 0.6357012750455373,
                "support": 1304
            },
            "accuracy": 0.875,
            "macro avg": {
                "precision": 0.8362447121349785,
                "recall": 0.7486034999181361,
                "f1-score": 0.7801290230376687,
                "support": 6400
            },
            "weighted avg": {
                "precision": 0.8680818116982718,
                "recall": 0.875,
                "f1-score": 0.8657024637230064,
                "support": 6400
            },
            "roc_auc": 0.8912019591933045,
            "score": 0.8912019591933045
        },
        "val": {
            "0": {
                "precision": 0.8856729377713459,
                "recall": 0.9607535321821036,
                "f1-score": 0.9216867469879517,
                "support": 1274
            },
            "1": {
                "precision": 0.7706422018348624,
                "recall": 0.5153374233128835,
                "f1-score": 0.6176470588235294,
                "support": 326
            },
            "accuracy": 0.87,
            "macro avg": {
                "precision": 0.8281575698031042,
                "recall": 0.7380454777474935,
                "f1-score": 0.7696669029057406,
                "support": 1600
            },
            "weighted avg": {
                "precision": 0.8622354253242875,
                "recall": 0.87,
                "f1-score": 0.8597386605244506,
                "support": 1600
            },
            "roc_auc": 0.8779386695688185,
            "score": 0.8779386695688185
        },
        "test": {
            "0": {
                "precision": 0.8827944572748267,
                "recall": 0.9598242310106717,
                "f1-score": 0.9196992481203007,
                "support": 1593
            },
            "1": {
                "precision": 0.7611940298507462,
                "recall": 0.5012285012285013,
                "f1-score": 0.6044444444444445,
                "support": 407
            },
            "accuracy": 0.8665,
            "macro avg": {
                "precision": 0.8219942435627865,
                "recall": 0.7305263661195864,
                "f1-score": 0.7620718462823726,
                "support": 2000
            },
            "weighted avg": {
                "precision": 0.8580487702940264,
                "recall": 0.8665,
                "f1-score": 0.8555448955722639,
                "support": 2000
            },
            "roc_auc": 0.8687177161753433,
            "score": 0.8687177161753433
        }
    }
}
