{
    "program": "bin/ensemble.py",
    "single_program": "/slot/sandbox/d/in/script/0_script_unpacked/pretrains/bin/pretrain_mask_fast___044e2528c9724db6abb61cb6cf975e2e.py",
    "config": {
        "seeds": [
            "5",
            "6",
            "7",
            "8",
            "9"
        ]
    },
    "prediction_type": null,
    "metrics": {
        "train": {
            "rmse": 0.7124460122178722,
            "score": -0.7124460122178722
        },
        "val": {
            "rmse": 0.7415295556073014,
            "score": -0.7415295556073014
        },
        "test": {
            "rmse": 0.7449212007944406,
            "score": -0.7449212007944406
        }
    }
}
