{
    "program": "bin/ensemble.py",
    "single_program": "/slot/sandbox/d/in/script/0_script_unpacked/pretrains/bin/pretrain_ae___3e48118bdf7c4fe786cfbfa7dd8a49e3.py",
    "config": {
        "seeds": [
            "5",
            "6",
            "7",
            "8",
            "9"
        ]
    },
    "prediction_type": "probs",
    "metrics": {
        "train": {
            "0": {
                "precision": 0.902228927389527,
                "recall": 0.9374968394437421,
                "f1-score": 0.9195248369416958,
                "support": 19775
            },
            "1": {
                "precision": 0.7752727272727272,
                "recall": 0.6797385620915033,
                "f1-score": 0.724369319629661,
                "support": 6273
            },
            "accuracy": 0.8754222972972973,
            "macro avg": {
                "precision": 0.838750827331127,
                "recall": 0.8086177007676227,
                "f1-score": 0.8219470782856784,
                "support": 26048
            },
            "weighted avg": {
                "precision": 0.8716547472861531,
                "recall": 0.8754222972972973,
                "f1-score": 0.872526581409663,
                "support": 26048
            },
            "roc_auc": 0.9333654739685644,
            "score": 0.9333654739685644
        },
        "val": {
            "0": {
                "precision": 0.8947368421052632,
                "recall": 0.9247724974721941,
                "f1-score": 0.9095067621320605,
                "support": 4945
            },
            "1": {
                "precision": 0.7346647646219686,
                "recall": 0.6568877551020408,
                "f1-score": 0.6936026936026934,
                "support": 1568
            },
            "accuracy": 0.8602794411177644,
            "macro avg": {
                "precision": 0.8147008033636158,
                "recall": 0.7908301262871175,
                "f1-score": 0.8015547278673769,
                "support": 6513
            },
            "weighted avg": {
                "precision": 0.8561996061934245,
                "recall": 0.8602794411177644,
                "f1-score": 0.8575280150947433,
                "support": 6513
            },
            "roc_auc": 0.9174844204618146,
            "score": 0.9174844204618146
        },
        "test": {
            "0": {
                "precision": 0.8923766816143498,
                "recall": 0.9281865701648573,
                "f1-score": 0.9099294414442823,
                "support": 12435
            },
            "1": {
                "precision": 0.7331939049895428,
                "recall": 0.6380655226209049,
                "f1-score": 0.6823300430974559,
                "support": 3846
            },
            "accuracy": 0.8596523555064185,
            "macro avg": {
                "precision": 0.8127852933019464,
                "recall": 0.7831260463928811,
                "f1-score": 0.7961297422708691,
                "support": 16281
            },
            "weighted avg": {
                "precision": 0.8547735270845906,
                "recall": 0.8596523555064185,
                "f1-score": 0.8561644831467641,
                "support": 16281
            },
            "roc_auc": 0.9127783141080369,
            "score": 0.9127783141080369
        }
    }
}
