{
    "program": "bin/ensemble.py",
    "single_program": "/slot/sandbox/d/in/script/0_script_unpacked/pretrains/bin/pretrain_ae___d2999068a8d84efea4a73ce1996de676.py",
    "config": {
        "seeds": [
            "10",
            "11",
            "12",
            "13",
            "14"
        ]
    },
    "prediction_type": null,
    "metrics": {
        "train": {
            "rmse": 2.952751642155796,
            "score": -2.952751642155796
        },
        "val": {
            "rmse": 5.007601205148775,
            "score": -5.007601205148775
        },
        "test": {
            "rmse": 5.3468426978453145,
            "score": -5.3468426978453145
        }
    }
}
