{
    "program": "bin/ensemble.py",
    "single_program": "/slot/sandbox/d/in/script/0_script_unpacked/pretrains/bin/pretrain_contrastive___01f49e5fcfc7438fb2df88229f76e18c.py",
    "config": {
        "seeds": [
            "0",
            "1",
            "2",
            "3",
            "4"
        ]
    },
    "prediction_type": null,
    "metrics": {
        "train": {
            "rmse": 4.27308181182355,
            "score": -4.27308181182355
        },
        "val": {
            "rmse": 5.4046094808114375,
            "score": -5.4046094808114375
        },
        "test": {
            "rmse": 5.614037310194913,
            "score": -5.614037310194913
        }
    }
}
