{
    "program": "bin/ensemble.py",
    "single_program": "/slot/sandbox/d/in/script/0_script_unpacked/pretrains/bin/pretrain_mask_supervised___b236847fa81840d68a9100b457a53030.py",
    "config": {
        "seeds": [
            "0",
            "1",
            "2",
            "3",
            "4"
        ]
    },
    "prediction_type": "probs",
    "metrics": {
        "train": {
            "0": {
                "precision": 0.894316163410302,
                "recall": 0.8153846153846154,
                "f1-score": 0.8530283778060145,
                "support": 1235
            },
            "1": {
                "precision": 0.8003842123646525,
                "recall": 0.8883504555146347,
                "f1-score": 0.8420762517225541,
                "support": 10318
            },
            "2": {
                "precision": 0.7275343072155821,
                "recall": 0.6417415072237407,
                "f1-score": 0.6819502074688797,
                "support": 5122
            },
            "3": {
                "precision": 0.8344722854973424,
                "recall": 0.6382113821138211,
                "f1-score": 0.7232642316551496,
                "support": 1722
            },
            "4": {
                "precision": 0.9778283115406481,
                "recall": 0.9811751283513976,
                "f1-score": 0.979498861047836,
                "support": 1753
            },
            "5": {
                "precision": 0.9773530711444984,
                "recall": 0.9780013265531726,
                "f1-score": 0.9776770913913139,
                "support": 9046
            },
            "6": {
                "precision": 0.8776085730400451,
                "recall": 0.8563566318106769,
                "f1-score": 0.8668523676880222,
                "support": 1817
            },
            "7": {
                "precision": 0.9623161764705882,
                "recall": 0.966402067565073,
                "f1-score": 0.9643547941420282,
                "support": 5417
            },
            "8": {
                "precision": 0.9440581542351454,
                "recall": 0.9419741406496374,
                "f1-score": 0.94301499605367,
                "support": 3171
            },
            "accuracy": 0.8813918840433322,
            "macro avg": {
                "precision": 0.8884301394354227,
                "recall": 0.85639969501853,
                "f1-score": 0.8701907976639409,
                "support": 39601
            },
            "weighted avg": {
                "precision": 0.8808513821901799,
                "recall": 0.8813918840433322,
                "f1-score": 0.8795447710415111,
                "support": 39601
            },
            "logloss": 0.316005932479568,
            "score": -0.316005932479568
        },
        "val": {
            "0": {
                "precision": 0.6721991701244814,
                "recall": 0.525974025974026,
                "f1-score": 0.5901639344262296,
                "support": 308
            },
            "1": {
                "precision": 0.7476828012358393,
                "recall": 0.8441860465116279,
                "f1-score": 0.793009284543965,
                "support": 2580
            },
            "2": {
                "precision": 0.627927927927928,
                "recall": 0.5441061670569868,
                "f1-score": 0.5830196570472607,
                "support": 1281
            },
            "3": {
                "precision": 0.7388535031847133,
                "recall": 0.5382830626450116,
                "f1-score": 0.6228187919463086,
                "support": 431
            },
            "4": {
                "precision": 0.9699769053117783,
                "recall": 0.958904109589041,
                "f1-score": 0.9644087256027555,
                "support": 438
            },
            "5": {
                "precision": 0.9442231075697212,
                "recall": 0.9429708222811671,
                "f1-score": 0.9435965494359656,
                "support": 2262
            },
            "6": {
                "precision": 0.7414965986394558,
                "recall": 0.7202643171806168,
                "f1-score": 0.7307262569832403,
                "support": 454
            },
            "7": {
                "precision": 0.9201741654571843,
                "recall": 0.9364844903988183,
                "f1-score": 0.9282576866764275,
                "support": 1354
            },
            "8": {
                "precision": 0.8596059113300493,
                "recall": 0.880201765447667,
                "f1-score": 0.8697819314641744,
                "support": 793
            },
            "accuracy": 0.8196141803858196,
            "macro avg": {
                "precision": 0.8024600100867945,
                "recall": 0.7657083118983292,
                "f1-score": 0.7806425353473697,
                "support": 9901
            },
            "weighted avg": {
                "precision": 0.8164615518109717,
                "recall": 0.8196141803858196,
                "f1-score": 0.8158965400113759,
                "support": 9901
            },
            "logloss": 0.4636885513404815,
            "score": -0.4636885513404815
        },
        "test": {
            "0": {
                "precision": 0.6973684210526315,
                "recall": 0.5492227979274611,
                "f1-score": 0.6144927536231883,
                "support": 386
            },
            "1": {
                "precision": 0.7513081795648582,
                "recall": 0.8461538461538461,
                "f1-score": 0.7959153902261125,
                "support": 3224
            },
            "2": {
                "precision": 0.6113125453226976,
                "recall": 0.5265459088069956,
                "f1-score": 0.5657718120805368,
                "support": 1601
            },
            "3": {
                "precision": 0.7206982543640897,
                "recall": 0.5371747211895911,
                "f1-score": 0.6155484558040468,
                "support": 538
            },
            "4": {
                "precision": 0.9814126394052045,
                "recall": 0.9635036496350365,
                "f1-score": 0.9723756906077348,
                "support": 548
            },
            "5": {
                "precision": 0.9484827099505999,
                "recall": 0.9508312698974177,
                "f1-score": 0.949655537890832,
                "support": 2827
            },
            "6": {
                "precision": 0.7522935779816514,
                "recall": 0.721830985915493,
                "f1-score": 0.7367475292003595,
                "support": 568
            },
            "7": {
                "precision": 0.915893271461717,
                "recall": 0.932663910218547,
                "f1-score": 0.9242025168276266,
                "support": 1693
            },
            "8": {
                "precision": 0.865686274509804,
                "recall": 0.8910191725529768,
                "f1-score": 0.8781700646444555,
                "support": 991
            },
            "accuracy": 0.8209437621202327,
            "macro avg": {
                "precision": 0.8049395415125837,
                "recall": 0.7687718069219294,
                "f1-score": 0.7836533056560993,
                "support": 12376
            },
            "weighted avg": {
                "precision": 0.8171322506217532,
                "recall": 0.8209437621202327,
                "f1-score": 0.8169960598787255,
                "support": 12376
            },
            "logloss": 0.463454302815489,
            "score": -0.463454302815489
        }
    }
}
