{
    "program": "bin/ensemble.py",
    "single_program": "/slot/sandbox/d/in/script/0_script_unpacked/pretrains/bin/pretrain_mask_fast___e86a45a0fdf947489e6c113320f03e11.py",
    "config": {
        "seeds": [
            "0",
            "1",
            "2",
            "3",
            "4"
        ]
    },
    "prediction_type": null,
    "metrics": {
        "train": {
            "rmse": 0.7080052868073783,
            "score": -0.7080052868073783
        },
        "val": {
            "rmse": 0.7420587457165196,
            "score": -0.7420587457165196
        },
        "test": {
            "rmse": 0.745389479208913,
            "score": -0.745389479208913
        }
    }
}
