{
    "program": "bin/ensemble.py",
    "single_program": "/slot/sandbox/d/in/script/0_script_unpacked/pretrains/bin/pretrain_mask___71b10e3196aa4aec8f7a445a461b4836.py",
    "config": {
        "seeds": [
            "10",
            "11",
            "12",
            "13",
            "14"
        ]
    },
    "prediction_type": "probs",
    "metrics": {
        "train": {
            "0": {
                "precision": 0.8349344678515062,
                "recall": 0.8226286255155162,
                "f1-score": 0.8287358670480861,
                "support": 29582
            },
            "1": {
                "precision": 0.8438625204582652,
                "recall": 0.8549549277940245,
                "f1-score": 0.8493725102584839,
                "support": 33169
            },
            "accuracy": 0.8397157017418049,
            "macro avg": {
                "precision": 0.8393984941548857,
                "recall": 0.8387917766547703,
                "f1-score": 0.839054188653285,
                "support": 62751
            },
            "weighted avg": {
                "precision": 0.8396536687712299,
                "recall": 0.8397157017418049,
                "f1-score": 0.8396440090481448,
                "support": 62751
            },
            "roc_auc": 0.9236558780593207,
            "score": 0.9236558780593207
        },
        "val": {
            "0": {
                "precision": 0.7472729848420456,
                "recall": 0.71322336398053,
                "f1-score": 0.7298512625389139,
                "support": 7396
            },
            "1": {
                "precision": 0.7542009502839263,
                "recall": 0.7848528702363724,
                "f1-score": 0.7692216772058388,
                "support": 8292
            },
            "accuracy": 0.7510836308006119,
            "macro avg": {
                "precision": 0.750736967562986,
                "recall": 0.7490381171084513,
                "f1-score": 0.7495364698723763,
                "support": 15688
            },
            "weighted avg": {
                "precision": 0.7509348084935037,
                "recall": 0.7510836308006119,
                "f1-score": 0.7506607652427729,
                "support": 15688
            },
            "roc_auc": 0.8393434137486346,
            "score": 0.8393434137486346
        },
        "test": {
            "0": {
                "precision": 0.7425676428014698,
                "recall": 0.721362898864251,
                "f1-score": 0.7318116975748931,
                "support": 9245
            },
            "1": {
                "precision": 0.7576441810142064,
                "recall": 0.7769416304872165,
                "f1-score": 0.7671715728303324,
                "support": 10365
            },
            "accuracy": 0.750739418663947,
            "macro avg": {
                "precision": 0.7501059119078382,
                "recall": 0.7491522646757338,
                "f1-score": 0.7494916352026127,
                "support": 19610
            },
            "weighted avg": {
                "precision": 0.7505364504799509,
                "recall": 0.750739418663947,
                "f1-score": 0.7505014021655422,
                "support": 19610
            },
            "roc_auc": 0.834647945969934,
            "score": 0.834647945969934
        }
    }
}
