{
    "program": "bin/ensemble.py",
    "single_program": "/slot/sandbox/d/in/script/0_script_unpacked/pretrains/bin/pretrain_mask_supervised___4ea043ec0c874cc09f064092b83ffa21.py",
    "config": {
        "seeds": [
            "0",
            "1",
            "2",
            "3",
            "4"
        ]
    },
    "prediction_type": null,
    "metrics": {
        "train": {
            "rmse": 22399.733376559143,
            "score": -22399.733376559143
        },
        "val": {
            "rmse": 29049.01059255395,
            "score": -29049.01059255395
        },
        "test": {
            "rmse": 31076.567477516714,
            "score": -31076.567477516714
        }
    }
}
