{
    "program": "bin/ensemble.py",
    "single_program": "/home/irubachev/repos/pretrains/bin/finetune_ddp___0468f32e270c4d4397780b9bbfdf72f3.py",
    "config": {
        "seeds": [
            "10",
            "11",
            "12",
            "13",
            "14"
        ]
    },
    "prediction_type": null,
    "metrics": {
        "train": {
            "rmse": 0.708599995875705,
            "score": -0.708599995875705
        },
        "val": {
            "rmse": 0.7401717517906481,
            "score": -0.7401717517906481
        },
        "test": {
            "rmse": 0.7436822484124833,
            "score": -0.7436822484124833
        }
    }
}
