{
    "program": "bin/ensemble.py",
    "single_program": "/slot/sandbox/d/in/script/0_script_unpacked/pretrains/bin/pretrain_contrastive___e8948aeee3e24230b1f4dc7ac523fdb3.py",
    "config": {
        "seeds": [
            "10",
            "11",
            "12",
            "13",
            "14"
        ]
    },
    "prediction_type": "probs",
    "metrics": {
        "train": {
            "0": {
                "precision": 0.7686507672889125,
                "recall": 0.7822662429855993,
                "f1-score": 0.7753987401152661,
                "support": 29582
            },
            "1": {
                "precision": 0.8026956654924184,
                "recall": 0.7900147728300522,
                "f1-score": 0.796304737593825,
                "support": 33169
            },
            "accuracy": 0.7863619703271661,
            "macro avg": {
                "precision": 0.7856732163906655,
                "recall": 0.7861405079078257,
                "f1-score": 0.7858517388545456,
                "support": 62751
            },
            "weighted avg": {
                "precision": 0.7866462610421926,
                "recall": 0.7863619703271661,
                "f1-score": 0.7864492577224169,
                "support": 62751
            },
            "roc_auc": 0.8722287363416537,
            "score": 0.8722287363416537
        },
        "val": {
            "0": {
                "precision": 0.7235936867664913,
                "recall": 0.7252568956192537,
                "f1-score": 0.7244243365520966,
                "support": 7396
            },
            "1": {
                "precision": 0.7544410876132931,
                "recall": 0.7528943560057887,
                "f1-score": 0.7536669282308203,
                "support": 8292
            },
            "accuracy": 0.7398648648648649,
            "macro avg": {
                "precision": 0.7390173871898922,
                "recall": 0.7390756258125212,
                "f1-score": 0.7390456323914585,
                "support": 15688
            },
            "weighted avg": {
                "precision": 0.7398982920585413,
                "recall": 0.7398648648648649,
                "f1-score": 0.7398807089513812,
                "support": 15688
            },
            "roc_auc": 0.8255390327153019,
            "score": 0.8255390327153019
        },
        "test": {
            "0": {
                "precision": 0.719722073757349,
                "recall": 0.7282855597620336,
                "f1-score": 0.7239784946236559,
                "support": 9245
            },
            "1": {
                "precision": 0.7550463188688444,
                "recall": 0.7470332850940665,
                "f1-score": 0.7510184287099902,
                "support": 10365
            },
            "accuracy": 0.7381947985721571,
            "macro avg": {
                "precision": 0.7373841963130967,
                "recall": 0.73765942242805,
                "f1-score": 0.7374984616668231,
                "support": 19610
            },
            "weighted avg": {
                "precision": 0.7383929457910384,
                "recall": 0.7381947985721571,
                "f1-score": 0.7382706372450152,
                "support": 19610
            },
            "roc_auc": 0.8196902303353243,
            "score": 0.8196902303353243
        }
    }
}
