{
    "program": "bin/ensemble.py",
    "single_program": "/slot/sandbox/d/in/script/0_script_unpacked/pretrains/bin/pretrain_ae___401aea8ccbea4c3c8b18d8a48ccfd302.py",
    "config": {
        "seeds": [
            "5",
            "6",
            "7",
            "8",
            "9"
        ]
    },
    "prediction_type": null,
    "metrics": {
        "train": {
            "rmse": 4.091602548852973,
            "score": -4.091602548852973
        },
        "val": {
            "rmse": 5.359743785367104,
            "score": -5.359743785367104
        },
        "test": {
            "rmse": 5.555944314156158,
            "score": -5.555944314156158
        }
    }
}
