{
    "program": "bin/ensemble.py",
    "single_program": "/slot/sandbox/d/in/script/0_script_unpacked/pretrains/bin/pretrain_mask_supervised_fast___830e0d6eff144793903589bf3104fe03.py",
    "config": {
        "seeds": [
            "10",
            "11",
            "12",
            "13",
            "14"
        ]
    },
    "prediction_type": "probs",
    "metrics": {
        "train": {
            "0": {
                "precision": 0.9972402393760285,
                "recall": 0.996806266503415,
                "f1-score": 0.9970232057160352,
                "support": 135578
            },
            "1": {
                "precision": 0.9974470384543279,
                "recall": 0.9977000970702435,
                "f1-score": 0.9975735517136791,
                "support": 181312
            },
            "2": {
                "precision": 0.9981189851268591,
                "recall": 0.9971593392185998,
                "f1-score": 0.9976389313978401,
                "support": 22882
            },
            "3": {
                "precision": 0.9909604519774011,
                "recall": 0.9971574758385446,
                "f1-score": 0.9940493057523379,
                "support": 1759
            },
            "4": {
                "precision": 0.9860974811907098,
                "recall": 0.9924279835390947,
                "f1-score": 0.9892526048076135,
                "support": 6075
            },
            "5": {
                "precision": 0.995688493667475,
                "recall": 0.9973009446693657,
                "f1-score": 0.9964940668824164,
                "support": 11115
            },
            "6": {
                "precision": 0.9974795692354693,
                "recall": 0.9949718116714917,
                "f1-score": 0.9962241122849841,
                "support": 13126
            },
            "accuracy": 0.9971439866396663,
            "macro avg": {
                "precision": 0.9947188941468958,
                "recall": 0.9962177026443936,
                "f1-score": 0.9954651112221294,
                "support": 371847
            },
            "weighted avg": {
                "precision": 0.997145463844505,
                "recall": 0.9971439866396663,
                "f1-score": 0.9971443996466288,
                "support": 371847
            },
            "score": 0.9971439866396663
        },
        "val": {
            "0": {
                "precision": 0.9748481453087221,
                "recall": 0.9754233787691037,
                "f1-score": 0.9751356772062293,
                "support": 33894
            },
            "1": {
                "precision": 0.9793382044546478,
                "recall": 0.978754853512178,
                "f1-score": 0.9790464420880733,
                "support": 45328
            },
            "2": {
                "precision": 0.9731613802718717,
                "recall": 0.9760531375633631,
                "f1-score": 0.9746051138842832,
                "support": 5721
            },
            "3": {
                "precision": 0.9320843091334895,
                "recall": 0.9066059225512528,
                "f1-score": 0.9191685912240186,
                "support": 439
            },
            "4": {
                "precision": 0.9096858638743456,
                "recall": 0.9150757077024358,
                "f1-score": 0.9123728257302265,
                "support": 1519
            },
            "5": {
                "precision": 0.9538791562388274,
                "recall": 0.9600575746671465,
                "f1-score": 0.956958393113343,
                "support": 2779
            },
            "6": {
                "precision": 0.9745164261590421,
                "recall": 0.9670932358318098,
                "f1-score": 0.97079064077076,
                "support": 3282
            },
            "accuracy": 0.975022052021256,
            "macro avg": {
                "precision": 0.9567876407772778,
                "recall": 0.95415197294247,
                "f1-score": 0.9554396691452763,
                "support": 92962
            },
            "weighted avg": {
                "precision": 0.9750284239788934,
                "recall": 0.975022052021256,
                "f1-score": 0.9750232699170766,
                "support": 92962
            },
            "score": 0.975022052021256
        },
        "test": {
            "0": {
                "precision": 0.9748433620995389,
                "recall": 0.9731637084592145,
                "f1-score": 0.9740028111453645,
                "support": 42368
            },
            "1": {
                "precision": 0.9770744858940246,
                "recall": 0.9785919768447433,
                "f1-score": 0.9778326426241073,
                "support": 56661
            },
            "2": {
                "precision": 0.9721872816212439,
                "recall": 0.9727310865613201,
                "f1-score": 0.9724591080665457,
                "support": 7151
            },
            "3": {
                "precision": 0.9177570093457944,
                "recall": 0.8943533697632058,
                "f1-score": 0.9059040590405903,
                "support": 549
            },
            "4": {
                "precision": 0.9042609153077328,
                "recall": 0.9052132701421801,
                "f1-score": 0.9047368421052632,
                "support": 1899
            },
            "5": {
                "precision": 0.9508711796629534,
                "recall": 0.958537287647567,
                "f1-score": 0.9546888442787496,
                "support": 3473
            },
            "6": {
                "precision": 0.9776247848537005,
                "recall": 0.9692832764505119,
                "f1-score": 0.9734361610968295,
                "support": 4102
            },
            "accuracy": 0.9737270122113887,
            "macro avg": {
                "precision": 0.9535170026835698,
                "recall": 0.9502677108383919,
                "f1-score": 0.9518657811939215,
                "support": 116203
            },
            "weighted avg": {
                "precision": 0.9737263651737704,
                "recall": 0.9737270122113887,
                "f1-score": 0.9737243240594967,
                "support": 116203
            },
            "score": 0.9737270122113887
        }
    }
}
