{
    "program": "bin/ensemble.py",
    "single_program": "/slot/sandbox/d/in/script/0_script_unpacked/pretrains/bin/pretrain_mask_supervised___6b32260c63124c239794dbdc6c322dd8.py",
    "config": {
        "seeds": [
            "5",
            "6",
            "7",
            "8",
            "9"
        ]
    },
    "prediction_type": "probs",
    "metrics": {
        "train": {
            "0": {
                "precision": 0.9982905982905983,
                "recall": 0.9988597491448119,
                "f1-score": 0.9985750926189798,
                "support": 1754
            },
            "1": {
                "precision": 1.0,
                "recall": 1.0,
                "f1-score": 1.0,
                "support": 638
            },
            "2": {
                "precision": 1.0,
                "recall": 0.9977645305514158,
                "f1-score": 0.9988810145468109,
                "support": 1342
            },
            "3": {
                "precision": 1.0,
                "recall": 1.0,
                "f1-score": 1.0,
                "support": 696
            },
            "4": {
                "precision": 0.9989417989417989,
                "recall": 1.0,
                "f1-score": 0.9994706193753309,
                "support": 1888
            },
            "accuracy": 0.9992086103197214,
            "macro avg": {
                "precision": 0.9994464794464795,
                "recall": 0.9993248559392456,
                "f1-score": 0.9993853453082243,
                "support": 6318
            },
            "weighted avg": {
                "precision": 0.9992092158600547,
                "recall": 0.9992086103197214,
                "f1-score": 0.9992085412086318,
                "support": 6318
            },
            "score": 0.9992086103197214
        },
        "val": {
            "0": {
                "precision": 0.7454545454545455,
                "recall": 0.8405466970387244,
                "f1-score": 0.7901498929336189,
                "support": 439
            },
            "1": {
                "precision": 0.7153284671532847,
                "recall": 0.6125,
                "f1-score": 0.6599326599326599,
                "support": 160
            },
            "2": {
                "precision": 0.7228070175438597,
                "recall": 0.6149253731343284,
                "f1-score": 0.6645161290322581,
                "support": 335
            },
            "3": {
                "precision": 0.6060606060606061,
                "recall": 0.45977011494252873,
                "f1-score": 0.5228758169934641,
                "support": 174
            },
            "4": {
                "precision": 0.7005649717514124,
                "recall": 0.788135593220339,
                "f1-score": 0.7417746759720838,
                "support": 472
            },
            "accuracy": 0.7120253164556962,
            "macro avg": {
                "precision": 0.6980431215927416,
                "recall": 0.6631755556671841,
                "f1-score": 0.6758498349728169,
                "support": 1580
            },
            "weighted avg": {
                "precision": 0.708840926074352,
                "recall": 0.7120253164556962,
                "f1-score": 0.7064404879927701,
                "support": 1580
            },
            "score": 0.7120253164556962
        },
        "test": {
            "0": {
                "precision": 0.7545008183306056,
                "recall": 0.8412408759124088,
                "f1-score": 0.7955133735979292,
                "support": 548
            },
            "1": {
                "precision": 0.732484076433121,
                "recall": 0.575,
                "f1-score": 0.6442577030812325,
                "support": 200
            },
            "2": {
                "precision": 0.684931506849315,
                "recall": 0.5952380952380952,
                "f1-score": 0.6369426751592356,
                "support": 420
            },
            "3": {
                "precision": 0.6296296296296297,
                "recall": 0.4700460829493088,
                "f1-score": 0.5382585751978891,
                "support": 217
            },
            "4": {
                "precision": 0.6764705882352942,
                "recall": 0.7796610169491526,
                "f1-score": 0.7244094488188977,
                "support": 590
            },
            "accuracy": 0.7027848101265822,
            "macro avg": {
                "precision": 0.695603323895593,
                "recall": 0.6522372142097931,
                "f1-score": 0.6678763551710368,
                "support": 1975
            },
            "weighted avg": {
                "precision": 0.7004464674921324,
                "recall": 0.7027848101265822,
                "f1-score": 0.696968343562472,
                "support": 1975
            },
            "score": 0.7027848101265822
        }
    }
}
