{
    "program": "bin/ensemble.py",
    "single_program": "/slot/sandbox/d/in/script/0_script_unpacked/pretrains/bin/pretrain_ae_supervised___0d04e4a17d1e4688b3fad8ff7b6213eb.py",
    "config": {
        "seeds": [
            "0",
            "1",
            "2",
            "3",
            "4"
        ]
    },
    "prediction_type": null,
    "metrics": {
        "train": {
            "rmse": 16476.94459958764,
            "score": -16476.94459958764
        },
        "val": {
            "rmse": 26399.164667451198,
            "score": -26399.164667451198
        },
        "test": {
            "rmse": 29661.379666477373,
            "score": -29661.379666477373
        }
    }
}
