{
    "program": "bin/ensemble.py",
    "single_program": "/slot/sandbox/d/in/script/0_script_unpacked/pretrains/bin/pretrain_mask_fast___dbb056abbcc64b4f898148228348f545.py",
    "config": {
        "seeds": [
            "5",
            "6",
            "7",
            "8",
            "9"
        ]
    },
    "prediction_type": null,
    "metrics": {
        "train": {
            "rmse": 1.6440576518915673,
            "score": -1.6440576518915673
        },
        "val": {
            "rmse": 1.8461264385128437,
            "score": -1.8461264385128437
        },
        "test": {
            "rmse": 1.8446511800580998,
            "score": -1.8446511800580998
        }
    }
}
