{
    "program": "bin/ensemble.py",
    "single_program": "/slot/sandbox/d/in/script/0_script_unpacked/pretrains/bin/pretrain_mask___12dbdc1b2dd14829854a520ed114e3bb.py",
    "config": {
        "seeds": [
            "5",
            "6",
            "7",
            "8",
            "9"
        ]
    },
    "prediction_type": "probs",
    "metrics": {
        "train": {
            "0": {
                "precision": 0.9700166574125486,
                "recall": 0.9960091220068416,
                "f1-score": 0.9828410689170184,
                "support": 1754
            },
            "1": {
                "precision": 0.9936102236421726,
                "recall": 0.9749216300940439,
                "f1-score": 0.9841772151898734,
                "support": 638
            },
            "2": {
                "precision": 1.0,
                "recall": 0.9836065573770492,
                "f1-score": 0.9917355371900827,
                "support": 1342
            },
            "3": {
                "precision": 1.0,
                "recall": 0.9899425287356322,
                "f1-score": 0.9949458483754512,
                "support": 696
            },
            "4": {
                "precision": 0.9973432518597237,
                "recall": 0.9941737288135594,
                "f1-score": 0.9957559681697613,
                "support": 1888
            },
            "accuracy": 0.99002849002849,
            "macro avg": {
                "precision": 0.992194026582889,
                "recall": 0.9877307134054252,
                "f1-score": 0.9898911275684373,
                "support": 6318
            },
            "weighted avg": {
                "precision": 0.9902368786477485,
                "recall": 0.99002849002849,
                "f1-score": 0.9900580828512985,
                "support": 6318
            },
            "score": 0.99002849002849
        },
        "val": {
            "0": {
                "precision": 0.7800829875518672,
                "recall": 0.856492027334852,
                "f1-score": 0.8165038002171554,
                "support": 439
            },
            "1": {
                "precision": 0.6496815286624203,
                "recall": 0.6375,
                "f1-score": 0.643533123028391,
                "support": 160
            },
            "2": {
                "precision": 0.757679180887372,
                "recall": 0.6626865671641791,
                "f1-score": 0.7070063694267515,
                "support": 335
            },
            "3": {
                "precision": 0.676829268292683,
                "recall": 0.6379310344827587,
                "f1-score": 0.6568047337278107,
                "support": 174
            },
            "4": {
                "precision": 0.7706611570247934,
                "recall": 0.7902542372881356,
                "f1-score": 0.7803347280334728,
                "support": 472
            },
            "accuracy": 0.7493670886075949,
            "macro avg": {
                "precision": 0.7269868244838271,
                "recall": 0.7169727732539851,
                "f1-score": 0.7208365508867163,
                "support": 1580
            },
            "weighted avg": {
                "precision": 0.747942000327314,
                "recall": 0.7493670886075949,
                "f1-score": 0.7473795044546038,
                "support": 1580
            },
            "score": 0.7493670886075949
        },
        "test": {
            "0": {
                "precision": 0.7925531914893617,
                "recall": 0.8156934306569343,
                "f1-score": 0.8039568345323741,
                "support": 548
            },
            "1": {
                "precision": 0.6596858638743456,
                "recall": 0.63,
                "f1-score": 0.6445012787723785,
                "support": 200
            },
            "2": {
                "precision": 0.6726342710997443,
                "recall": 0.6261904761904762,
                "f1-score": 0.6485819975339088,
                "support": 420
            },
            "3": {
                "precision": 0.659217877094972,
                "recall": 0.543778801843318,
                "f1-score": 0.5959595959595959,
                "support": 217
            },
            "4": {
                "precision": 0.7184615384615385,
                "recall": 0.7915254237288135,
                "f1-score": 0.7532258064516129,
                "support": 590
            },
            "accuracy": 0.719493670886076,
            "macro avg": {
                "precision": 0.7005105484039924,
                "recall": 0.6814376264839084,
                "f1-score": 0.6892451026499741,
                "support": 1975
            },
            "weighted avg": {
                "precision": 0.7168128114404296,
                "recall": 0.719493670886076,
                "f1-score": 0.7167592395808315,
                "support": 1975
            },
            "score": 0.719493670886076
        }
    }
}
