{
    "program": "bin/ensemble.py",
    "single_program": "/slot/sandbox/d/in/script/0_script_unpacked/pretrains/bin/pretrain_mask_supervised___be660fb1e035431e87663bda6b9c1a6d.py",
    "config": {
        "seeds": [
            "0",
            "1",
            "2",
            "3",
            "4"
        ]
    },
    "prediction_type": "probs",
    "metrics": {
        "train": {
            "0": {
                "precision": 0.7832577347505246,
                "recall": 0.7821986343046448,
                "f1-score": 0.7827278262634464,
                "support": 29582
            },
            "1": {
                "precision": 0.8059863290071968,
                "recall": 0.8069583044408936,
                "f1-score": 0.8064720238633282,
                "support": 33169
            },
            "accuracy": 0.7952861308983123,
            "macro avg": {
                "precision": 0.7946220318788607,
                "recall": 0.7945784693727691,
                "f1-score": 0.7945999250633873,
                "support": 62751
            },
            "weighted avg": {
                "precision": 0.7952716427822621,
                "recall": 0.7952861308983123,
                "f1-score": 0.795278563147169,
                "support": 62751
            },
            "roc_auc": 0.8823120073096871,
            "score": 0.8823120073096871
        },
        "val": {
            "0": {
                "precision": 0.7275995575221239,
                "recall": 0.7114656571119524,
                "f1-score": 0.7194421657095981,
                "support": 7396
            },
            "1": {
                "precision": 0.7476348155156102,
                "recall": 0.7624216111915099,
                "f1-score": 0.7549558156197755,
                "support": 8292
            },
            "accuracy": 0.7383987761346252,
            "macro avg": {
                "precision": 0.737617186518867,
                "recall": 0.7369436341517311,
                "f1-score": 0.7371989906646867,
                "support": 15688
            },
            "weighted avg": {
                "precision": 0.7381893305513174,
                "recall": 0.7383987761346252,
                "f1-score": 0.7382131489487103,
                "support": 15688
            },
            "roc_auc": 0.8213933565867991,
            "score": 0.8213933565867991
        },
        "test": {
            "0": {
                "precision": 0.7224780701754386,
                "recall": 0.7127095727420227,
                "f1-score": 0.7175605771848624,
                "support": 9245
            },
            "1": {
                "precision": 0.7468064823641564,
                "recall": 0.755812831644959,
                "f1-score": 0.7512826660273316,
                "support": 10365
            },
            "accuracy": 0.7354920958694544,
            "macro avg": {
                "precision": 0.7346422762697975,
                "recall": 0.7342612021934909,
                "f1-score": 0.734421621606097,
                "support": 19610
            },
            "weighted avg": {
                "precision": 0.7353370193001739,
                "recall": 0.7354920958694544,
                "f1-score": 0.7353846185337759,
                "support": 19610
            },
            "roc_auc": 0.8161104645292679,
            "score": 0.8161104645292679
        }
    }
}
