{
    "program": "/slot/sandbox/d/in/script/0_script_unpacked/pretrains/bin/archive/xgboost____714e90a0d92e416599c3d7e6f7e3810d.py",
    "environment": {
        "CUDA_VISIBLE_DEVICES": "0",
        "gpus": {
            "driver": "450.119.04",
            "devices": [
                {
                    "name": "A100-SXM-80GB",
                    "memory_total": 85199093760,
                    "memory_free": 85195948032,
                    "memory_used": 3145728,
                    "utilization": 0
                }
            ]
        },
        "torch.version.cuda": "11.1",
        "torch.backends.cudnn.version()": 8005,
        "torch.cuda.nccl.version()": [
            2,
            10,
            3
        ]
    },
    "config": {
        "seed": 0,
        "data": {
            "path": "data/adult_roc",
            "T": {
                "seed": 0,
                "normalization": null,
                "num_nan_policy": null,
                "cat_nan_policy": null,
                "cat_min_frequency": null,
                "cat_encoding": "one-hot",
                "y_policy": "default"
            },
            "T_cache": false
        },
        "xgboost": {
            "booster": "gbtree",
            "n_estimators": 2000,
            "n_jobs": 1,
            "tree_method": "gpu_hist",
            "colsample_bytree": 0.8665261517914613,
            "gamma": 0.6707889513142046,
            "lambda": 1.002808444898153,
            "learning_rate": 0.039294037989220175,
            "max_depth": 6,
            "min_child_weight": 0.0003127588574756309,
            "subsample": 0.9661507487647305,
            "random_state": 0
        },
        "xgboost_fit": {
            "early_stopping_rounds": 50,
            "verbose": true
        }
    },
    "prediction_type": "probs",
    "metrics": {
        "train": {
            "0": {
                "precision": 0.9102687602350448,
                "recall": 0.9557016434892541,
                "f1-score": 0.9324320990699855,
                "support": 19775
            },
            "1": {
                "precision": 0.8342792281498297,
                "recall": 0.703012912482066,
                "f1-score": 0.7630417856215935,
                "support": 6273
            },
            "accuracy": 0.894847972972973,
            "macro avg": {
                "precision": 0.8722739941924372,
                "recall": 0.8293572779856601,
                "f1-score": 0.8477369423457894,
                "support": 26048
            },
            "weighted avg": {
                "precision": 0.8919686091765929,
                "recall": 0.894847972972973,
                "f1-score": 0.891638739262639,
                "support": 26048
            },
            "roc_auc": 0.9514636705822699,
            "score": 0.9514636705822699
        },
        "val": {
            "0": {
                "precision": 0.8934253402338509,
                "recall": 0.9425682507583417,
                "f1-score": 0.9173391064751033,
                "support": 4945
            },
            "1": {
                "precision": 0.7808641975308642,
                "recall": 0.6454081632653061,
                "f1-score": 0.7067039106145253,
                "support": 1568
            },
            "accuracy": 0.8710271764163979,
            "macro avg": {
                "precision": 0.8371447688823576,
                "recall": 0.7939882070118239,
                "f1-score": 0.8120215085448144,
                "support": 6513
            },
            "weighted avg": {
                "precision": 0.8663263272201425,
                "recall": 0.8710271764163979,
                "f1-score": 0.8666288366901522,
                "support": 6513
            },
            "roc_auc": 0.930744438827098,
            "score": 0.930744438827098
        },
        "test": {
            "0": {
                "precision": 0.8962804552050714,
                "recall": 0.9437072778447929,
                "f1-score": 0.919382638671263,
                "support": 12435
            },
            "1": {
                "precision": 0.7804265997490589,
                "recall": 0.6469058762350494,
                "f1-score": 0.7074210975263008,
                "support": 3846
            },
            "accuracy": 0.8735949880228487,
            "macro avg": {
                "precision": 0.8383535274770652,
                "recall": 0.7953065770399211,
                "f1-score": 0.8134018680987819,
                "support": 16281
            },
            "weighted avg": {
                "precision": 0.8689127303672959,
                "recall": 0.8735949880228487,
                "f1-score": 0.8693117531455874,
                "support": 16281
            },
            "roc_auc": 0.9274725922691914,
            "score": 0.9274725922691914
        }
    },
    "time": "0:00:03"
}
