{
    "program": "bin/ensemble.py",
    "single_program": "/slot/sandbox/d/in/script/0_script_unpacked/pretrains/bin/pretrain_ae___00bffcf98e1240b8b6b92aa9b42d0ec7.py",
    "config": {
        "seeds": [
            "5",
            "6",
            "7",
            "8",
            "9"
        ]
    },
    "prediction_type": null,
    "metrics": {
        "train": {
            "rmse": 0.26312939175156597,
            "score": -0.26312939175156597
        },
        "val": {
            "rmse": 0.4302719489209813,
            "score": -0.4302719489209813
        },
        "test": {
            "rmse": 0.42944436022412175,
            "score": -0.42944436022412175
        }
    }
}
