{
    "program": "bin/ensemble.py",
    "single_program": "/slot/sandbox/d/in/script/0_script_unpacked/pretrains/bin/finetune___ee6246c4eb98417f87d248ae9eaf9767.py",
    "config": {
        "seeds": [
            "10",
            "11",
            "12",
            "13",
            "14"
        ]
    },
    "prediction_type": "probs",
    "metrics": {
        "train": {
            "0": {
                "precision": 0.8738656987295825,
                "recall": 0.7797570850202429,
                "f1-score": 0.8241335044929397,
                "support": 1235
            },
            "1": {
                "precision": 0.8307039394778116,
                "recall": 0.8726497383213802,
                "f1-score": 0.8511603724535616,
                "support": 10318
            },
            "2": {
                "precision": 0.7143438453713123,
                "recall": 0.6854744240531042,
                "f1-score": 0.6996114376805819,
                "support": 5122
            },
            "3": {
                "precision": 0.8154477101845523,
                "recall": 0.6927990708478513,
                "f1-score": 0.7491365777080062,
                "support": 1722
            },
            "4": {
                "precision": 0.9852524106636416,
                "recall": 0.9908727895037079,
                "f1-score": 0.9880546075085325,
                "support": 1753
            },
            "5": {
                "precision": 0.9702085402184707,
                "recall": 0.9720318372761442,
                "f1-score": 0.9711193329283782,
                "support": 9046
            },
            "6": {
                "precision": 0.8427707531610775,
                "recall": 0.8436984039625757,
                "f1-score": 0.8432343234323432,
                "support": 1817
            },
            "7": {
                "precision": 0.9544452608376194,
                "recall": 0.9592025106147314,
                "f1-score": 0.9568179725623792,
                "support": 5417
            },
            "8": {
                "precision": 0.9245223927341059,
                "recall": 0.9309366130558183,
                "f1-score": 0.9277184160905091,
                "support": 3171
            },
            "accuracy": 0.8808363425166031,
            "macro avg": {
                "precision": 0.8790622834864639,
                "recall": 0.8586024969617285,
                "f1-score": 0.8678873938730258,
                "support": 39601
            },
            "weighted avg": {
                "precision": 0.8800372817078689,
                "recall": 0.8808363425166031,
                "f1-score": 0.8799611273639631,
                "support": 39601
            },
            "logloss": 0.32008095473376563,
            "score": -0.32008095473376563
        },
        "val": {
            "0": {
                "precision": 0.6370370370370371,
                "recall": 0.5584415584415584,
                "f1-score": 0.5951557093425607,
                "support": 308
            },
            "1": {
                "precision": 0.7710229341099382,
                "recall": 0.8209302325581396,
                "f1-score": 0.7951942932232026,
                "support": 2580
            },
            "2": {
                "precision": 0.6192434210526315,
                "recall": 0.5878220140515222,
                "f1-score": 0.6031237484981978,
                "support": 1281
            },
            "3": {
                "precision": 0.7067039106145251,
                "recall": 0.5870069605568445,
                "f1-score": 0.641318124207858,
                "support": 431
            },
            "4": {
                "precision": 0.9702517162471396,
                "recall": 0.9680365296803652,
                "f1-score": 0.9691428571428571,
                "support": 438
            },
            "5": {
                "precision": 0.9437751004016064,
                "recall": 0.9350132625994695,
                "f1-score": 0.9393737508327781,
                "support": 2262
            },
            "6": {
                "precision": 0.7321814254859611,
                "recall": 0.7466960352422908,
                "f1-score": 0.7393675027262814,
                "support": 454
            },
            "7": {
                "precision": 0.9145985401459854,
                "recall": 0.9254062038404727,
                "f1-score": 0.9199706314243759,
                "support": 1354
            },
            "8": {
                "precision": 0.8635794743429287,
                "recall": 0.8701134930643127,
                "f1-score": 0.8668341708542714,
                "support": 793
            },
            "accuracy": 0.8198161801838199,
            "macro avg": {
                "precision": 0.7953770621597503,
                "recall": 0.7777184766705528,
                "f1-score": 0.7854978653613759,
                "support": 9901
            },
            "weighted avg": {
                "precision": 0.8179650164388692,
                "recall": 0.8198161801838199,
                "f1-score": 0.8182991054276578,
                "support": 9901
            },
            "logloss": 0.45541689959210546,
            "score": -0.45541689959210546
        },
        "test": {
            "0": {
                "precision": 0.662613981762918,
                "recall": 0.5647668393782384,
                "f1-score": 0.6097902097902098,
                "support": 386
            },
            "1": {
                "precision": 0.7750073335288941,
                "recall": 0.8194789081885856,
                "f1-score": 0.7966229458766771,
                "support": 3224
            },
            "2": {
                "precision": 0.6079470198675496,
                "recall": 0.5733916302311055,
                "f1-score": 0.5901639344262295,
                "support": 1601
            },
            "3": {
                "precision": 0.6765327695560254,
                "recall": 0.5947955390334573,
                "f1-score": 0.6330365974282889,
                "support": 538
            },
            "4": {
                "precision": 0.979890310786106,
                "recall": 0.9781021897810219,
                "f1-score": 0.9789954337899544,
                "support": 548
            },
            "5": {
                "precision": 0.9533973674848808,
                "recall": 0.948001414927485,
                "f1-score": 0.95069173465768,
                "support": 2827
            },
            "6": {
                "precision": 0.7358156028368794,
                "recall": 0.7306338028169014,
                "f1-score": 0.7332155477031802,
                "support": 568
            },
            "7": {
                "precision": 0.9200700116686115,
                "recall": 0.9314825753101004,
                "f1-score": 0.9257411212210156,
                "support": 1693
            },
            "8": {
                "precision": 0.8665358194308145,
                "recall": 0.8910191725529768,
                "f1-score": 0.8786069651741292,
                "support": 991
            },
            "accuracy": 0.8232870071105365,
            "macro avg": {
                "precision": 0.7975344685469643,
                "recall": 0.781296896913319,
                "f1-score": 0.7885404988963739,
                "support": 12376
            },
            "weighted avg": {
                "precision": 0.8208050651664123,
                "recall": 0.8232870071105365,
                "f1-score": 0.8215625590111946,
                "support": 12376
            },
            "logloss": 0.452659369232964,
            "score": -0.452659369232964
        }
    }
}
