{
    "program": "bin/ensemble.py",
    "single_program": "/slot/sandbox/d/in/script/0_script_unpacked/pretrains/bin/archive/xgboost____a29d269b981e43db8eecfa9776a355a9.py",
    "config": {
        "seeds": [
            "5",
            "6",
            "7",
            "8",
            "9"
        ]
    },
    "prediction_type": null,
    "metrics": {
        "train": {
            "rmse": 0.6495631545810107,
            "score": -0.6495631545810107
        },
        "val": {
            "rmse": 1.7778749807272471,
            "score": -1.7778749807272471
        },
        "test": {
            "rmse": 1.7825204208572754,
            "score": -1.7825204208572754
        }
    }
}
