{
    "program": "bin/ensemble.py",
    "single_program": "/slot/sandbox/d/in/script/0_script_unpacked/pretrains/bin/pretrain_ae___4464e50b6762452d826cd2bed0ab065e.py",
    "config": {
        "seeds": [
            "5",
            "6",
            "7",
            "8",
            "9"
        ]
    },
    "prediction_type": "probs",
    "metrics": {
        "train": {
            "0": {
                "precision": 0.9594075699396599,
                "recall": 0.9971493728620296,
                "f1-score": 0.9779144534526139,
                "support": 1754
            },
            "1": {
                "precision": 0.9950819672131147,
                "recall": 0.95141065830721,
                "f1-score": 0.9727564102564102,
                "support": 638
            },
            "2": {
                "precision": 0.9992458521870287,
                "recall": 0.9873323397913562,
                "f1-score": 0.9932533733133433,
                "support": 1342
            },
            "3": {
                "precision": 1.0,
                "recall": 0.9899425287356322,
                "f1-score": 0.9949458483754512,
                "support": 696
            },
            "4": {
                "precision": 0.9983957219251337,
                "recall": 0.9888771186440678,
                "f1-score": 0.9936136242682277,
                "support": 1888
            },
            "accuracy": 0.9871794871794872,
            "macro avg": {
                "precision": 0.9904262222529873,
                "recall": 0.9829424036680592,
                "f1-score": 0.9864967419332092,
                "support": 6318
            },
            "weighted avg": {
                "precision": 0.9875945282345323,
                "recall": 0.9871794871794872,
                "f1-score": 0.9872192784383839,
                "support": 6318
            },
            "score": 0.9871794871794872
        },
        "val": {
            "0": {
                "precision": 0.7642276422764228,
                "recall": 0.856492027334852,
                "f1-score": 0.807733619763695,
                "support": 439
            },
            "1": {
                "precision": 0.7310344827586207,
                "recall": 0.6625,
                "f1-score": 0.6950819672131148,
                "support": 160
            },
            "2": {
                "precision": 0.7138461538461538,
                "recall": 0.6925373134328359,
                "f1-score": 0.703030303030303,
                "support": 335
            },
            "3": {
                "precision": 0.7021276595744681,
                "recall": 0.5689655172413793,
                "f1-score": 0.6285714285714287,
                "support": 174
            },
            "4": {
                "precision": 0.7631027253668763,
                "recall": 0.7711864406779662,
                "f1-score": 0.7671232876712328,
                "support": 472
            },
            "accuracy": 0.7449367088607595,
            "macro avg": {
                "precision": 0.7348677327645083,
                "recall": 0.7103362597374068,
                "f1-score": 0.7203081212499549,
                "support": 1580
            },
            "weighted avg": {
                "precision": 0.7430092486571604,
                "recall": 0.7449367088607595,
                "f1-score": 0.7422638896821282,
                "support": 1580
            },
            "score": 0.7449367088607595
        },
        "test": {
            "0": {
                "precision": 0.7755443886097152,
                "recall": 0.8448905109489051,
                "f1-score": 0.8087336244541483,
                "support": 548
            },
            "1": {
                "precision": 0.7058823529411765,
                "recall": 0.6,
                "f1-score": 0.6486486486486486,
                "support": 200
            },
            "2": {
                "precision": 0.7027707808564232,
                "recall": 0.6642857142857143,
                "f1-score": 0.6829865361077112,
                "support": 420
            },
            "3": {
                "precision": 0.6761363636363636,
                "recall": 0.5483870967741935,
                "f1-score": 0.6055979643765903,
                "support": 217
            },
            "4": {
                "precision": 0.7133858267716535,
                "recall": 0.7677966101694915,
                "f1-score": 0.7395918367346939,
                "support": 590
            },
            "accuracy": 0.7260759493670886,
            "macro avg": {
                "precision": 0.7147439425630664,
                "recall": 0.6850719864356608,
                "f1-score": 0.6971117220643585,
                "support": 1975
            },
            "weighted avg": {
                "precision": 0.7235229125116068,
                "recall": 0.7260759493670886,
                "f1-score": 0.7228071103995095,
                "support": 1975
            },
            "score": 0.7260759493670886
        }
    }
}
