{
    "program": "bin/ensemble.py",
    "single_program": "/slot/sandbox/d/in/script/0_script_unpacked/pretrains/bin/pretrain_ae___3581585a2ad64353a26d6e36bf1a4e81.py",
    "config": {
        "seeds": [
            "0",
            "1",
            "2",
            "3",
            "4"
        ]
    },
    "prediction_type": null,
    "metrics": {
        "train": {
            "rmse": 0.49611792449888126,
            "score": -0.49611792449888126
        },
        "val": {
            "rmse": 4.75843877021869,
            "score": -4.75843877021869
        },
        "test": {
            "rmse": 5.048372806538677,
            "score": -5.048372806538677
        }
    }
}
