{
    "program": "bin/ensemble.py",
    "single_program": "/slot/sandbox/d/in/script/0_script_unpacked/pretrains/bin/pretrain_ae___d0c94bd154bd44d2a4b30eedaa51358d.py",
    "config": {
        "seeds": [
            "10",
            "11",
            "12",
            "13",
            "14"
        ]
    },
    "prediction_type": "probs",
    "metrics": {
        "train": {
            "0": {
                "precision": 0.9859075535512966,
                "recall": 0.9971493728620296,
                "f1-score": 0.9914965986394558,
                "support": 1754
            },
            "1": {
                "precision": 0.9968454258675079,
                "recall": 0.9905956112852664,
                "f1-score": 0.9937106918238994,
                "support": 638
            },
            "2": {
                "precision": 1.0,
                "recall": 0.9903129657228018,
                "f1-score": 0.9951329090228379,
                "support": 1342
            },
            "3": {
                "precision": 1.0,
                "recall": 0.9942528735632183,
                "f1-score": 0.9971181556195965,
                "support": 696
            },
            "4": {
                "precision": 0.9978824775013234,
                "recall": 0.9984110169491526,
                "f1-score": 0.9981466772570823,
                "support": 1888
            },
            "accuracy": 0.9950933839822729,
            "macro avg": {
                "precision": 0.9961270913840256,
                "recall": 0.9941443680764938,
                "f1-score": 0.9951210064725744,
                "support": 6318
            },
            "weighted avg": {
                "precision": 0.9951363324081898,
                "recall": 0.9950933839822729,
                "f1-score": 0.9950990791830504,
                "support": 6318
            },
            "score": 0.9950933839822729
        },
        "val": {
            "0": {
                "precision": 0.75,
                "recall": 0.8542141230068337,
                "f1-score": 0.7987220447284344,
                "support": 439
            },
            "1": {
                "precision": 0.6666666666666666,
                "recall": 0.625,
                "f1-score": 0.6451612903225806,
                "support": 160
            },
            "2": {
                "precision": 0.7066666666666667,
                "recall": 0.6328358208955224,
                "f1-score": 0.6677165354330709,
                "support": 335
            },
            "3": {
                "precision": 0.6688311688311688,
                "recall": 0.5919540229885057,
                "f1-score": 0.6280487804878048,
                "support": 174
            },
            "4": {
                "precision": 0.7542016806722689,
                "recall": 0.760593220338983,
                "f1-score": 0.7573839662447257,
                "support": 472
            },
            "accuracy": 0.7272151898734177,
            "macro avg": {
                "precision": 0.7092732365673541,
                "recall": 0.692919437445969,
                "f1-score": 0.6994065234433233,
                "support": 1580
            },
            "weighted avg": {
                "precision": 0.7246897573759077,
                "recall": 0.7272151898734177,
                "f1-score": 0.7242503438796601,
                "support": 1580
            },
            "score": 0.7272151898734177
        },
        "test": {
            "0": {
                "precision": 0.7642140468227425,
                "recall": 0.833941605839416,
                "f1-score": 0.7975567190226875,
                "support": 548
            },
            "1": {
                "precision": 0.6666666666666666,
                "recall": 0.61,
                "f1-score": 0.6370757180156658,
                "support": 200
            },
            "2": {
                "precision": 0.6596306068601583,
                "recall": 0.5952380952380952,
                "f1-score": 0.6257822277847309,
                "support": 420
            },
            "3": {
                "precision": 0.6132596685082873,
                "recall": 0.511520737327189,
                "f1-score": 0.5577889447236181,
                "support": 217
            },
            "4": {
                "precision": 0.6876971608832808,
                "recall": 0.7389830508474576,
                "f1-score": 0.7124183006535947,
                "support": 590
            },
            "accuracy": 0.6967088607594937,
            "macro avg": {
                "precision": 0.6782936299482272,
                "recall": 0.6579366978504316,
                "f1-score": 0.6661243820400594,
                "support": 1975
            },
            "weighted avg": {
                "precision": 0.6926512196764034,
                "recall": 0.6967088607594937,
                "f1-score": 0.6929983593355944,
                "support": 1975
            },
            "score": 0.6967088607594937
        }
    }
}
