{
    "program": "bin/ensemble.py",
    "single_program": "/slot/sandbox/d/in/script/0_script_unpacked/pretrains/bin/pretrain_mask_supervised___18ecbb483bde4e7ba2bb8057b6051643.py",
    "config": {
        "seeds": [
            "0",
            "1",
            "2",
            "3",
            "4"
        ]
    },
    "prediction_type": "probs",
    "metrics": {
        "train": {
            "0": {
                "precision": 0.8959435626102292,
                "recall": 0.8226720647773279,
                "f1-score": 0.8577458843393837,
                "support": 1235
            },
            "1": {
                "precision": 0.8073860155771418,
                "recall": 0.8941655359565808,
                "f1-score": 0.8485628880202346,
                "support": 10318
            },
            "2": {
                "precision": 0.7386934673366834,
                "recall": 0.6600937133932058,
                "f1-score": 0.6971852768326631,
                "support": 5122
            },
            "3": {
                "precision": 0.8564850345356869,
                "recall": 0.6480836236933798,
                "f1-score": 0.7378512396694216,
                "support": 1722
            },
            "4": {
                "precision": 0.980034227039361,
                "recall": 0.980034227039361,
                "f1-score": 0.980034227039361,
                "support": 1753
            },
            "5": {
                "precision": 0.9783473265576668,
                "recall": 0.9789962414326774,
                "f1-score": 0.9786716764283345,
                "support": 9046
            },
            "6": {
                "precision": 0.8762769580022701,
                "recall": 0.8497523390203633,
                "f1-score": 0.8628108410170439,
                "support": 1817
            },
            "7": {
                "precision": 0.9602199816681943,
                "recall": 0.9669558796381761,
                "f1-score": 0.9635761589403974,
                "support": 5417
            },
            "8": {
                "precision": 0.9486934353091141,
                "recall": 0.9388205613371177,
                "f1-score": 0.9437311776826756,
                "support": 3171
            },
            "accuracy": 0.8856342011565365,
            "macro avg": {
                "precision": 0.8935644454040386,
                "recall": 0.8599526873653545,
                "f1-score": 0.8744632633299462,
                "support": 39601
            },
            "weighted avg": {
                "precision": 0.8854750650364919,
                "recall": 0.8856342011565365,
                "f1-score": 0.8840030748948295,
                "support": 39601
            },
            "logloss": 0.30782151281127457,
            "score": -0.30782151281127457
        },
        "val": {
            "0": {
                "precision": 0.7061224489795919,
                "recall": 0.5616883116883117,
                "f1-score": 0.6256781193490054,
                "support": 308
            },
            "1": {
                "precision": 0.7530141233207027,
                "recall": 0.8472868217054264,
                "f1-score": 0.7973737005289074,
                "support": 2580
            },
            "2": {
                "precision": 0.6385964912280702,
                "recall": 0.5683060109289617,
                "f1-score": 0.6014043783560512,
                "support": 1281
            },
            "3": {
                "precision": 0.7542087542087542,
                "recall": 0.5197215777262181,
                "f1-score": 0.6153846153846153,
                "support": 431
            },
            "4": {
                "precision": 0.967741935483871,
                "recall": 0.958904109589041,
                "f1-score": 0.963302752293578,
                "support": 438
            },
            "5": {
                "precision": 0.9471346068414038,
                "recall": 0.9425287356321839,
                "f1-score": 0.9448260580545091,
                "support": 2262
            },
            "6": {
                "precision": 0.7389380530973452,
                "recall": 0.73568281938326,
                "f1-score": 0.7373068432671082,
                "support": 454
            },
            "7": {
                "precision": 0.9198834668608885,
                "recall": 0.9327917282127031,
                "f1-score": 0.9262926292629262,
                "support": 1354
            },
            "8": {
                "precision": 0.8647642679900744,
                "recall": 0.8789407313997478,
                "f1-score": 0.8717948717948718,
                "support": 793
            },
            "accuracy": 0.8238561761438239,
            "macro avg": {
                "precision": 0.8100449053345224,
                "recall": 0.7717612051406504,
                "f1-score": 0.7870404409212858,
                "support": 9901
            },
            "weighted avg": {
                "precision": 0.8217771774517135,
                "recall": 0.8238561761438239,
                "f1-score": 0.8206198156803792,
                "support": 9901
            },
            "logloss": 0.4623967298704399,
            "score": -0.4623967298704399
        },
        "test": {
            "0": {
                "precision": 0.6976744186046512,
                "recall": 0.5440414507772021,
                "f1-score": 0.611353711790393,
                "support": 386
            },
            "1": {
                "precision": 0.7516666666666667,
                "recall": 0.8393300248138957,
                "f1-score": 0.7930832356389215,
                "support": 3224
            },
            "2": {
                "precision": 0.6082036775106082,
                "recall": 0.5371642723297939,
                "f1-score": 0.570480928689884,
                "support": 1601
            },
            "3": {
                "precision": 0.7192982456140351,
                "recall": 0.533457249070632,
                "f1-score": 0.6125933831376734,
                "support": 538
            },
            "4": {
                "precision": 0.9815157116451017,
                "recall": 0.968978102189781,
                "f1-score": 0.9752066115702479,
                "support": 548
            },
            "5": {
                "precision": 0.9470712773465068,
                "recall": 0.9494163424124513,
                "f1-score": 0.948242360007066,
                "support": 2827
            },
            "6": {
                "precision": 0.7606679035250464,
                "recall": 0.721830985915493,
                "f1-score": 0.7407407407407408,
                "support": 568
            },
            "7": {
                "precision": 0.9076745527986151,
                "recall": 0.9291199054932073,
                "f1-score": 0.9182720373613542,
                "support": 1693
            },
            "8": {
                "precision": 0.8689655172413793,
                "recall": 0.8900100908173562,
                "f1-score": 0.8793619142572283,
                "support": 991
            },
            "accuracy": 0.8195701357466063,
            "macro avg": {
                "precision": 0.804748663439179,
                "recall": 0.7681498248688681,
                "f1-score": 0.7832594359103899,
                "support": 12376
            },
            "weighted avg": {
                "precision": 0.8159769334571867,
                "recall": 0.8195701357466063,
                "f1-score": 0.8159110716963837,
                "support": 12376
            },
            "logloss": 0.46306984214195596,
            "score": -0.46306984214195596
        }
    }
}
