{
    "program": "bin/ensemble.py",
    "single_program": "/slot/sandbox/d/in/script/0_script_unpacked/pretrains/bin/finetune___fe13ad9ed8054a5cb5b6b9c2a046222f.py",
    "config": {
        "seeds": [
            "10",
            "11",
            "12",
            "13",
            "14"
        ]
    },
    "prediction_type": "probs",
    "metrics": {
        "train": {
            "0": {
                "precision": 0.9059731776117187,
                "recall": 0.9257648546144122,
                "f1-score": 0.9157620929418239,
                "support": 19775
            },
            "1": {
                "precision": 0.7486731724019859,
                "recall": 0.6971146182050055,
                "f1-score": 0.7219745748720487,
                "support": 6273
            },
            "accuracy": 0.8707002457002457,
            "macro avg": {
                "precision": 0.8273231750068524,
                "recall": 0.8114397364097088,
                "f1-score": 0.8188683339069363,
                "support": 26048
            },
            "weighted avg": {
                "precision": 0.8680914618300596,
                "recall": 0.8707002457002457,
                "f1-score": 0.8690932853231315,
                "support": 26048
            },
            "roc_auc": 0.9292709972686103,
            "score": 0.9292709972686103
        },
        "val": {
            "0": {
                "precision": 0.9016491158354858,
                "recall": 0.9176946410515673,
                "f1-score": 0.9096011224694329,
                "support": 4945
            },
            "1": {
                "precision": 0.725,
                "recall": 0.6843112244897959,
                "f1-score": 0.7040682414698163,
                "support": 1568
            },
            "accuracy": 0.8615077537233226,
            "macro avg": {
                "precision": 0.8133245579177428,
                "recall": 0.8010029327706816,
                "f1-score": 0.8068346819696246,
                "support": 6513
            },
            "weighted avg": {
                "precision": 0.859120970030167,
                "recall": 0.8615077537233226,
                "f1-score": 0.8601192312660859,
                "support": 6513
            },
            "roc_auc": 0.9194520464909928,
            "score": 0.9194520464909928
        },
        "test": {
            "0": {
                "precision": 0.8968472364179574,
                "recall": 0.917330116606353,
                "f1-score": 0.9069730460364156,
                "support": 12435
            },
            "1": {
                "precision": 0.7113980909601347,
                "recall": 0.6588663546541862,
                "f1-score": 0.6841252699784017,
                "support": 3846
            },
            "accuracy": 0.8562741846323936,
            "macro avg": {
                "precision": 0.8041226636890461,
                "recall": 0.7880982356302696,
                "f1-score": 0.7955491580074087,
                "support": 16281
            },
            "weighted avg": {
                "precision": 0.8530392753940162,
                "recall": 0.8562741846323936,
                "f1-score": 0.8543305457772717,
                "support": 16281
            },
            "roc_auc": 0.9137674827459524,
            "score": 0.9137674827459524
        }
    }
}
