{
    "program": "bin/ensemble.py",
    "single_program": "/slot/sandbox/d/in/script/0_script_unpacked/pretrains/bin/pretrain_mask_supervised___acf68ef899f14bc79258a01ac520d954.py",
    "config": {
        "seeds": [
            "5",
            "6",
            "7",
            "8",
            "9"
        ]
    },
    "prediction_type": "probs",
    "metrics": {
        "train": {
            "0": {
                "precision": 0.8984218077474893,
                "recall": 0.9499873577749683,
                "f1-score": 0.9234853139977878,
                "support": 19775
            },
            "1": {
                "precision": 0.8075126508369015,
                "recall": 0.6614060258249641,
                "f1-score": 0.7271930593287179,
                "support": 6273
            },
            "accuracy": 0.8804898648648649,
            "macro avg": {
                "precision": 0.8529672292921954,
                "recall": 0.8056966917999662,
                "f1-score": 0.8253391866632529,
                "support": 26048
            },
            "weighted avg": {
                "precision": 0.8765286435391002,
                "recall": 0.8804898648648649,
                "f1-score": 0.8762133041106918,
                "support": 26048
            },
            "roc_auc": 0.9360041177417797,
            "score": 0.9360041177417797
        },
        "val": {
            "0": {
                "precision": 0.8861679739812512,
                "recall": 0.9367037411526795,
                "f1-score": 0.9107353519465199,
                "support": 4945
            },
            "1": {
                "precision": 0.7566096423017107,
                "recall": 0.6205357142857143,
                "f1-score": 0.6818500350385424,
                "support": 1568
            },
            "accuracy": 0.860586519269154,
            "macro avg": {
                "precision": 0.821388808141481,
                "recall": 0.7786197277191969,
                "f1-score": 0.7962926934925312,
                "support": 6513
            },
            "weighted avg": {
                "precision": 0.8549769001176677,
                "recall": 0.860586519269154,
                "f1-score": 0.8556313788294142,
                "support": 6513
            },
            "roc_auc": 0.9209065021357381,
            "score": 0.9209065021357381
        },
        "test": {
            "0": {
                "precision": 0.8893967093235832,
                "recall": 0.938962605548854,
                "f1-score": 0.9135078042483276,
                "support": 12435
            },
            "1": {
                "precision": 0.7592768791627021,
                "recall": 0.6224648985959438,
                "f1-score": 0.6840977282468924,
                "support": 3846
            },
            "accuracy": 0.8641975308641975,
            "macro avg": {
                "precision": 0.8243367942431427,
                "recall": 0.7807137520723989,
                "f1-score": 0.79880276624761,
                "support": 16281
            },
            "weighted avg": {
                "precision": 0.8586589864073773,
                "recall": 0.8641975308641975,
                "f1-score": 0.8593151163113752,
                "support": 16281
            },
            "roc_auc": 0.9157898764684,
            "score": 0.9157898764684
        }
    }
}
