{
    "program": "bin/ensemble.py",
    "single_program": "/slot/sandbox/d/in/script/0_script_unpacked/pretrains/bin/pretrain_mask___0233e74606d64ccf898ec6dac8880860.py",
    "config": {
        "seeds": [
            "0",
            "1",
            "2",
            "3",
            "4"
        ]
    },
    "prediction_type": "probs",
    "metrics": {
        "train": {
            "0": {
                "precision": 0.8931103435738956,
                "recall": 0.9640894819466248,
                "f1-score": 0.9272435594979711,
                "support": 5096
            },
            "1": {
                "precision": 0.796440489432703,
                "recall": 0.549079754601227,
                "f1-score": 0.6500226963231956,
                "support": 1304
            },
            "accuracy": 0.87953125,
            "macro avg": {
                "precision": 0.8447754165032992,
                "recall": 0.756584618273926,
                "f1-score": 0.7886331279105834,
                "support": 6400
            },
            "weighted avg": {
                "precision": 0.8734138607926277,
                "recall": 0.87953125,
                "f1-score": 0.8707598086261106,
                "support": 6400
            },
            "roc_auc": 0.9045371053683391,
            "score": 0.9045371053683391
        },
        "val": {
            "0": {
                "precision": 0.882480173035328,
                "recall": 0.9607535321821036,
                "f1-score": 0.919954904171364,
                "support": 1274
            },
            "1": {
                "precision": 0.7652582159624414,
                "recall": 0.5,
                "f1-score": 0.6048237476808905,
                "support": 326
            },
            "accuracy": 0.866875,
            "macro avg": {
                "precision": 0.8238691944988847,
                "recall": 0.7303767660910518,
                "f1-score": 0.7623893259261273,
                "support": 1600
            },
            "weighted avg": {
                "precision": 0.8585961992817275,
                "recall": 0.866875,
                "f1-score": 0.85574693103643,
                "support": 1600
            },
            "roc_auc": 0.8742475753869268,
            "score": 0.8742475753869268
        },
        "test": {
            "0": {
                "precision": 0.8780207134637514,
                "recall": 0.9579409918392969,
                "f1-score": 0.9162413689582708,
                "support": 1593
            },
            "1": {
                "precision": 0.7442748091603053,
                "recall": 0.47911547911547914,
                "f1-score": 0.5829596412556054,
                "support": 407
            },
            "accuracy": 0.8605,
            "macro avg": {
                "precision": 0.8111477613120284,
                "recall": 0.7185282354773881,
                "f1-score": 0.7496005051069381,
                "support": 2000
            },
            "weighted avg": {
                "precision": 0.8508034219380002,
                "recall": 0.8605,
                "f1-score": 0.8484185373707785,
                "support": 2000
            },
            "roc_auc": 0.8555859403317031,
            "score": 0.8555859403317031
        }
    }
}
