{
    "program": "bin/ensemble.py",
    "single_program": "/slot/sandbox/d/in/script/0_script_unpacked/pretrains/bin/pretrain_ae___417e7f3115124bf48ac04c1a12ce6f8f.py",
    "config": {
        "seeds": [
            "0",
            "1",
            "2",
            "3",
            "4"
        ]
    },
    "prediction_type": null,
    "metrics": {
        "train": {
            "rmse": 0.2802286466736684,
            "score": -0.2802286466736684
        },
        "val": {
            "rmse": 0.4339329754256844,
            "score": -0.4339329754256844
        },
        "test": {
            "rmse": 0.4331849713498288,
            "score": -0.4331849713498288
        }
    }
}
