{
    "program": "bin/ensemble.py",
    "single_program": "/slot/sandbox/d/in/script/0_script_unpacked/pretrains/bin/pretrain_ae_supervised_ddp___8a6165e1e1054f6193da80739b3df68f.py",
    "config": {
        "seeds": [
            "10",
            "11",
            "12",
            "13",
            "14"
        ]
    },
    "prediction_type": "probs",
    "metrics": {
        "train": {
            "0": {
                "precision": 0.9977497251713529,
                "recall": 0.99746271518978,
                "f1-score": 0.997606199537469,
                "support": 135578
            },
            "1": {
                "precision": 0.9981960213167389,
                "recall": 0.9979427726791387,
                "f1-score": 0.9980693809332061,
                "support": 181312
            },
            "2": {
                "precision": 0.9983832204500764,
                "recall": 0.9985141158989599,
                "f1-score": 0.9984486638844582,
                "support": 22882
            },
            "3": {
                "precision": 0.9971574758385446,
                "recall": 0.9971574758385446,
                "f1-score": 0.9971574758385446,
                "support": 1759
            },
            "4": {
                "precision": 0.9872611464968153,
                "recall": 0.9950617283950617,
                "f1-score": 0.9911460895228725,
                "support": 6075
            },
            "5": {
                "precision": 0.9966774425287356,
                "recall": 0.9985605038236617,
                "f1-score": 0.9976180845804683,
                "support": 11115
            },
            "6": {
                "precision": 0.9964989725245452,
                "recall": 0.9974859058357458,
                "f1-score": 0.9969921949362269,
                "support": 13126
            },
            "accuracy": 0.9977544527722424,
            "macro avg": {
                "precision": 0.9959891434752584,
                "recall": 0.9974550310944131,
                "f1-score": 0.9967197270333207,
                "support": 371847
            },
            "weighted avg": {
                "precision": 0.9977559610770909,
                "recall": 0.9977544527722424,
                "f1-score": 0.9977549053733198,
                "support": 371847
            },
            "score": 0.9977544527722424
        },
        "val": {
            "0": {
                "precision": 0.975934565641056,
                "recall": 0.975128341299345,
                "f1-score": 0.9755312868949233,
                "support": 33894
            },
            "1": {
                "precision": 0.979299081920904,
                "recall": 0.9789534062830921,
                "f1-score": 0.979126213592233,
                "support": 45328
            },
            "2": {
                "precision": 0.9714881780250347,
                "recall": 0.9767523160286663,
                "f1-score": 0.9741131351869606,
                "support": 5721
            },
            "3": {
                "precision": 0.9389671361502347,
                "recall": 0.9111617312072893,
                "f1-score": 0.9248554913294799,
                "support": 439
            },
            "4": {
                "precision": 0.9058823529411765,
                "recall": 0.9124423963133641,
                "f1-score": 0.9091505411610364,
                "support": 1519
            },
            "5": {
                "precision": 0.9569274946159368,
                "recall": 0.9593378913278158,
                "f1-score": 0.9581311769991016,
                "support": 2779
            },
            "6": {
                "precision": 0.9729483282674772,
                "recall": 0.9753199268738574,
                "f1-score": 0.9741326841144249,
                "support": 3282
            },
            "accuracy": 0.9753017361932833,
            "macro avg": {
                "precision": 0.95734959108026,
                "recall": 0.95558514419049,
                "f1-score": 0.9564343613254513,
                "support": 92962
            },
            "weighted avg": {
                "precision": 0.9753086057467465,
                "recall": 0.9753017361932833,
                "f1-score": 0.9753033813492736,
                "support": 92962
            },
            "score": 0.9753017361932833
        },
        "test": {
            "0": {
                "precision": 0.9753466142999101,
                "recall": 0.9729984894259819,
                "f1-score": 0.9741711368953376,
                "support": 42368
            },
            "1": {
                "precision": 0.9778781356948806,
                "recall": 0.978309595665449,
                "f1-score": 0.9780938180984058,
                "support": 56661
            },
            "2": {
                "precision": 0.9695664257921067,
                "recall": 0.9756677387777933,
                "f1-score": 0.9726075137659441,
                "support": 7151
            },
            "3": {
                "precision": 0.915129151291513,
                "recall": 0.9034608378870674,
                "f1-score": 0.9092575618698443,
                "support": 549
            },
            "4": {
                "precision": 0.9095213045765387,
                "recall": 0.9104791995787257,
                "f1-score": 0.9099999999999999,
                "support": 1899
            },
            "5": {
                "precision": 0.953295128939828,
                "recall": 0.9579614166426721,
                "f1-score": 0.9556225764756571,
                "support": 3473
            },
            "6": {
                "precision": 0.9699175157690442,
                "recall": 0.9746465138956607,
                "f1-score": 0.9722762645914398,
                "support": 4102
            },
            "accuracy": 0.9740109979948882,
            "macro avg": {
                "precision": 0.9529506109091174,
                "recall": 0.9533605416961929,
                "f1-score": 0.9531469816709469,
                "support": 116203
            },
            "weighted avg": {
                "precision": 0.9740143576848111,
                "recall": 0.9740109979948882,
                "f1-score": 0.9740109956981857,
                "support": 116203
            },
            "score": 0.9740109979948882
        }
    }
}
