{
    "program": "/slot/sandbox/d/in/script/0_script_unpacked/pretrains/bin/archive/xgboost____714e90a0d92e416599c3d7e6f7e3810d.py",
    "environment": {
        "CUDA_VISIBLE_DEVICES": "0",
        "gpus": {
            "driver": "450.119.04",
            "devices": [
                {
                    "name": "A100-SXM-80GB",
                    "memory_total": 85199093760,
                    "memory_free": 85195948032,
                    "memory_used": 3145728,
                    "utilization": 0
                }
            ]
        },
        "torch.version.cuda": "11.1",
        "torch.backends.cudnn.version()": 8005,
        "torch.cuda.nccl.version()": [
            2,
            10,
            3
        ]
    },
    "config": {
        "seed": 3,
        "data": {
            "path": "data/adult_roc",
            "T": {
                "seed": 0,
                "normalization": null,
                "num_nan_policy": null,
                "cat_nan_policy": null,
                "cat_min_frequency": null,
                "cat_encoding": "one-hot",
                "y_policy": "default"
            },
            "T_cache": false
        },
        "xgboost": {
            "booster": "gbtree",
            "n_estimators": 2000,
            "n_jobs": 1,
            "tree_method": "gpu_hist",
            "colsample_bytree": 0.8665261517914613,
            "gamma": 0.6707889513142046,
            "lambda": 1.002808444898153,
            "learning_rate": 0.039294037989220175,
            "max_depth": 6,
            "min_child_weight": 0.0003127588574756309,
            "subsample": 0.9661507487647305,
            "random_state": 3
        },
        "xgboost_fit": {
            "early_stopping_rounds": 50,
            "verbose": true
        }
    },
    "prediction_type": "probs",
    "metrics": {
        "train": {
            "0": {
                "precision": 0.9023400191021967,
                "recall": 0.9554993678887485,
                "f1-score": 0.9281591551025421,
                "support": 19775
            },
            "1": {
                "precision": 0.8277212216131559,
                "recall": 0.6739996811732824,
                "f1-score": 0.7429927071434849,
                "support": 6273
            },
            "accuracy": 0.8877073095823096,
            "macro avg": {
                "precision": 0.8650306203576763,
                "recall": 0.8147495245310155,
                "f1-score": 0.8355759311230135,
                "support": 26048
            },
            "weighted avg": {
                "precision": 0.8843699746976839,
                "recall": 0.8877073095823096,
                "f1-score": 0.8835665135159647,
                "support": 26048
            },
            "roc_auc": 0.9447420536672831,
            "score": 0.9447420536672831
        },
        "val": {
            "0": {
                "precision": 0.8914285714285715,
                "recall": 0.9464105156723963,
                "f1-score": 0.918097106424718,
                "support": 4945
            },
            "1": {
                "precision": 0.7901821060965954,
                "recall": 0.6364795918367347,
                "f1-score": 0.7050512186506535,
                "support": 1568
            },
            "accuracy": 0.8717948717948718,
            "macro avg": {
                "precision": 0.8408053387625835,
                "recall": 0.7914450537545655,
                "f1-score": 0.8115741625376858,
                "support": 6513
            },
            "weighted avg": {
                "precision": 0.8670535587400197,
                "recall": 0.8717948717948718,
                "f1-score": 0.8668064643197383,
                "support": 6513
            },
            "roc_auc": 0.9287458600730485,
            "score": 0.9287458600730485
        },
        "test": {
            "0": {
                "precision": 0.8949088145896656,
                "recall": 0.9470848411741053,
                "f1-score": 0.9202578628638406,
                "support": 12435
            },
            "1": {
                "precision": 0.7891701377763537,
                "recall": 0.640405616224649,
                "f1-score": 0.7070475096885316,
                "support": 3846
            },
            "accuracy": 0.8746391499293655,
            "macro avg": {
                "precision": 0.8420394761830097,
                "recall": 0.7937452286993771,
                "f1-score": 0.8136526862761861,
                "support": 16281
            },
            "weighted avg": {
                "precision": 0.8699305607340059,
                "recall": 0.8746391499293655,
                "f1-score": 0.8698919751227782,
                "support": 16281
            },
            "roc_auc": 0.9264792103545822,
            "score": 0.9264792103545822
        }
    },
    "time": "0:00:02"
}
