{
    "program": "bin/ensemble.py",
    "single_program": "/slot/sandbox/d/in/script/0_script_unpacked/pretrains/bin/pretrain_mask_fast___fed5361d245542d7bfce90e1ac07491d.py",
    "config": {
        "seeds": [
            "5",
            "6",
            "7",
            "8",
            "9"
        ]
    },
    "prediction_type": "probs",
    "metrics": {
        "train": {
            "0": {
                "precision": 0.9974033446691108,
                "recall": 0.9972635678354895,
                "f1-score": 0.9973334513548501,
                "support": 135578
            },
            "1": {
                "precision": 0.9980575237842968,
                "recall": 0.9975070596540769,
                "f1-score": 0.9977822157981264,
                "support": 181312
            },
            "2": {
                "precision": 0.9985578183725199,
                "recall": 0.9985578183725199,
                "f1-score": 0.9985578183725199,
                "support": 22882
            },
            "3": {
                "precision": 0.9937712344280861,
                "recall": 0.9977259806708357,
                "f1-score": 0.9957446808510638,
                "support": 1759
            },
            "4": {
                "precision": 0.9824561403508771,
                "recall": 0.9955555555555555,
                "f1-score": 0.988962472406181,
                "support": 6075
            },
            "5": {
                "precision": 0.9970342410353195,
                "recall": 0.998110661268556,
                "f1-score": 0.9975721607769086,
                "support": 11115
            },
            "6": {
                "precision": 0.9958919741346519,
                "recall": 0.9973335364924577,
                "f1-score": 0.9966122340223059,
                "support": 13126
            },
            "accuracy": 0.9974640107355982,
            "macro avg": {
                "precision": 0.9947388966821232,
                "recall": 0.9974363114070702,
                "f1-score": 0.9960807190831366,
                "support": 371847
            },
            "weighted avg": {
                "precision": 0.9974676001460728,
                "recall": 0.9974640107355982,
                "f1-score": 0.9974650123380704,
                "support": 371847
            },
            "score": 0.9974640107355982
        },
        "val": {
            "0": {
                "precision": 0.9757525578094506,
                "recall": 0.9735646427096242,
                "f1-score": 0.9746573724007561,
                "support": 33894
            },
            "1": {
                "precision": 0.9786450175384411,
                "recall": 0.9786666078362161,
                "f1-score": 0.9786558125682517,
                "support": 45328
            },
            "2": {
                "precision": 0.9717770034843206,
                "recall": 0.9750043698654082,
                "f1-score": 0.9733880115173197,
                "support": 5721
            },
            "3": {
                "precision": 0.9211136890951276,
                "recall": 0.9043280182232346,
                "f1-score": 0.9126436781609195,
                "support": 439
            },
            "4": {
                "precision": 0.9053791315618924,
                "recall": 0.9196840026333114,
                "f1-score": 0.9124755062050947,
                "support": 1519
            },
            "5": {
                "precision": 0.9518373171601855,
                "recall": 0.9600575746671465,
                "f1-score": 0.9559297742744536,
                "support": 2779
            },
            "6": {
                "precision": 0.9705882352941176,
                "recall": 0.9753199268738574,
                "f1-score": 0.9729483282674771,
                "support": 3282
            },
            "accuracy": 0.9745917686796756,
            "macro avg": {
                "precision": 0.9535847074205052,
                "recall": 0.9552321632583999,
                "f1-score": 0.9543854976277532,
                "support": 92962
            },
            "weighted avg": {
                "precision": 0.9746130794226513,
                "recall": 0.9745917686796756,
                "f1-score": 0.9745997998198865,
                "support": 92962
            },
            "score": 0.9745917686796756
        },
        "test": {
            "0": {
                "precision": 0.975693458297832,
                "recall": 0.9730220921450151,
                "f1-score": 0.9743559442212243,
                "support": 42368
            },
            "1": {
                "precision": 0.9777511371249251,
                "recall": 0.9788037627292141,
                "f1-score": 0.9782771667710327,
                "support": 56661
            },
            "2": {
                "precision": 0.9712731836563938,
                "recall": 0.9739896517969515,
                "f1-score": 0.9726295210166179,
                "support": 7151
            },
            "3": {
                "precision": 0.9124087591240876,
                "recall": 0.9107468123861566,
                "f1-score": 0.9115770282588878,
                "support": 549
            },
            "4": {
                "precision": 0.9048614741244119,
                "recall": 0.9115323854660348,
                "f1-score": 0.9081846799580273,
                "support": 1899
            },
            "5": {
                "precision": 0.9521078290794379,
                "recall": 0.9559458681255398,
                "f1-score": 0.9540229885057472,
                "support": 3473
            },
            "6": {
                "precision": 0.9720194647201946,
                "recall": 0.9739151633349585,
                "f1-score": 0.9729663906478324,
                "support": 4102
            },
            "accuracy": 0.9741228711823274,
            "macro avg": {
                "precision": 0.9523021865896117,
                "recall": 0.9539936765691245,
                "f1-score": 0.9531448170541956,
                "support": 116203
            },
            "weighted avg": {
                "precision": 0.9741336354562387,
                "recall": 0.9741228711823274,
                "f1-score": 0.9741269792108674,
                "support": 116203
            },
            "score": 0.9741228711823274
        }
    }
}
