{
    "program": "bin/ensemble.py",
    "single_program": "/slot/sandbox/d/in/script/0_script_unpacked/pretrains/bin/pretrain_mask_supervised_fast___b8a54a12daab4086ac3e95d49cd49570.py",
    "config": {
        "seeds": [
            "5",
            "6",
            "7",
            "8",
            "9"
        ]
    },
    "prediction_type": null,
    "metrics": {
        "train": {
            "rmse": 1.5390980536456054,
            "score": -1.5390980536456054
        },
        "val": {
            "rmse": 1.8445349058197265,
            "score": -1.8445349058197265
        },
        "test": {
            "rmse": 1.8483228260449993,
            "score": -1.8483228260449993
        }
    }
}
