{
    "program": "bin/ensemble.py",
    "single_program": "/slot/sandbox/d/in/script/0_script_unpacked/pretrains/bin/pretrain_mask_supervised_fast___329adb4a24fc4b4bba57f690128d8eb2.py",
    "config": {
        "seeds": [
            "10",
            "11",
            "12",
            "13",
            "14"
        ]
    },
    "prediction_type": null,
    "metrics": {
        "train": {
            "rmse": 3.13698900494278,
            "score": -3.13698900494278
        },
        "val": {
            "rmse": 5.069880380166565,
            "score": -5.069880380166565
        },
        "test": {
            "rmse": 5.372791423541579,
            "score": -5.372791423541579
        }
    }
}
