{
    "program": "bin/ensemble.py",
    "single_program": "/slot/sandbox/d/in/script/0_script_unpacked/pretrains/bin/pretrain_supervised_contrastive___f607412e7db947aa838730073fe29607.py",
    "config": {
        "seeds": [
            "0",
            "1",
            "2",
            "3",
            "4"
        ]
    },
    "prediction_type": "probs",
    "metrics": {
        "train": {
            "0": {
                "precision": 0.9956298997534436,
                "recall": 0.9948074171325731,
                "f1-score": 0.9952184885110905,
                "support": 135578
            },
            "1": {
                "precision": 0.9957244943498311,
                "recall": 0.9967514560536533,
                "f1-score": 0.996237710543506,
                "support": 181312
            },
            "2": {
                "precision": 0.9959744464863919,
                "recall": 0.9947557031727996,
                "f1-score": 0.9953647017666609,
                "support": 22882
            },
            "3": {
                "precision": 0.9786036036036037,
                "recall": 0.9880613985218875,
                "f1-score": 0.9833097595473833,
                "support": 1759
            },
            "4": {
                "precision": 0.986728599867286,
                "recall": 0.9790946502057614,
                "f1-score": 0.9828968024456747,
                "support": 6075
            },
            "5": {
                "precision": 0.9913800844033402,
                "recall": 0.9933423301844354,
                "f1-score": 0.992360237282042,
                "support": 11115
            },
            "6": {
                "precision": 0.9932757698479407,
                "recall": 0.9903245467012037,
                "f1-score": 0.9917979628428643,
                "support": 13126
            },
            "accuracy": 0.9952614919577137,
            "macro avg": {
                "precision": 0.9910452711874053,
                "recall": 0.991019643138902,
                "f1-score": 0.9910265232770316,
                "support": 371847
            },
            "weighted avg": {
                "precision": 0.9952611281761862,
                "recall": 0.9952614919577137,
                "f1-score": 0.9952606398728839,
                "support": 371847
            },
            "score": 0.9952614919577137
        },
        "val": {
            "0": {
                "precision": 0.9710671749859621,
                "recall": 0.9694341181330028,
                "f1-score": 0.9702499593982075,
                "support": 33894
            },
            "1": {
                "precision": 0.9742162578374216,
                "recall": 0.9769458171549594,
                "f1-score": 0.975579128250884,
                "support": 45328
            },
            "2": {
                "precision": 0.9700713415695146,
                "recall": 0.9744799860164307,
                "f1-score": 0.9722706662016045,
                "support": 5721
            },
            "3": {
                "precision": 0.9195402298850575,
                "recall": 0.9111617312072893,
                "f1-score": 0.9153318077803203,
                "support": 439
            },
            "4": {
                "precision": 0.9217032967032966,
                "recall": 0.8834759710335747,
                "f1-score": 0.9021848739495799,
                "support": 1519
            },
            "5": {
                "precision": 0.9513338139870223,
                "recall": 0.9496221662468514,
                "f1-score": 0.9504772195209795,
                "support": 2779
            },
            "6": {
                "precision": 0.9714548802946593,
                "recall": 0.9643510054844607,
                "f1-score": 0.9678899082568808,
                "support": 3282
            },
            "accuracy": 0.9709558744433209,
            "macro avg": {
                "precision": 0.9541981421804191,
                "recall": 0.9470672564680813,
                "f1-score": 0.9505690804797794,
                "support": 92962
            },
            "weighted avg": {
                "precision": 0.9709152187362247,
                "recall": 0.9709558744433209,
                "f1-score": 0.9709268700074348,
                "support": 92962
            },
            "score": 0.9709558744433209
        },
        "test": {
            "0": {
                "precision": 0.9715327775672603,
                "recall": 0.9682307401812689,
                "f1-score": 0.9698789483639115,
                "support": 42368
            },
            "1": {
                "precision": 0.9724443350965678,
                "recall": 0.9765976597659766,
                "f1-score": 0.9745165721531471,
                "support": 56661
            },
            "2": {
                "precision": 0.9677959012965287,
                "recall": 0.9707733184170046,
                "f1-score": 0.9692823233733594,
                "support": 7151
            },
            "3": {
                "precision": 0.9007220216606499,
                "recall": 0.9089253187613844,
                "f1-score": 0.9048050770625568,
                "support": 549
            },
            "4": {
                "precision": 0.9138121546961326,
                "recall": 0.8709847288046341,
                "f1-score": 0.8918846050148288,
                "support": 1899
            },
            "5": {
                "precision": 0.9487769784172662,
                "recall": 0.9493233515692485,
                "f1-score": 0.9490500863557858,
                "support": 3473
            },
            "6": {
                "precision": 0.9749015748031497,
                "recall": 0.9658703071672355,
                "f1-score": 0.970364927749204,
                "support": 4102
            },
            "accuracy": 0.9699491407278642,
            "macro avg": {
                "precision": 0.9499979633625079,
                "recall": 0.9443864892381074,
                "f1-score": 0.9471117914389703,
                "support": 116203
            },
            "weighted avg": {
                "precision": 0.9699082817017902,
                "recall": 0.9699491407278642,
                "f1-score": 0.9699161588708204,
                "support": 116203
            },
            "score": 0.9699491407278642
        }
    }
}
