{
    "program": "bin/ensemble.py",
    "single_program": "/slot/sandbox/d/in/script/0_script_unpacked/pretrains/bin/pretrain_mask___f5651732d2ae4454a0024a7182ebd0c4.py",
    "config": {
        "seeds": [
            "0",
            "1",
            "2",
            "3",
            "4"
        ]
    },
    "prediction_type": null,
    "metrics": {
        "train": {
            "rmse": 0.30121150913418787,
            "score": -0.30121150913418787
        },
        "val": {
            "rmse": 0.43967304791863043,
            "score": -0.43967304791863043
        },
        "test": {
            "rmse": 0.43775195214627605,
            "score": -0.43775195214627605
        }
    }
}
