{
    "program": "bin/ensemble.py",
    "single_program": "/slot/sandbox/d/in/script/0_script_unpacked/pretrains/bin/pretrain_mask___ae0d39abd79e49b48059f5b99839acb2.py",
    "config": {
        "seeds": [
            "5",
            "6",
            "7",
            "8",
            "9"
        ]
    },
    "prediction_type": "probs",
    "metrics": {
        "train": {
            "0": {
                "precision": 0.9994301994301994,
                "recall": 1.0,
                "f1-score": 0.999715018523796,
                "support": 1754
            },
            "1": {
                "precision": 1.0,
                "recall": 1.0,
                "f1-score": 1.0,
                "support": 638
            },
            "2": {
                "precision": 1.0,
                "recall": 0.9992548435171386,
                "f1-score": 0.9996272828922848,
                "support": 1342
            },
            "3": {
                "precision": 1.0,
                "recall": 1.0,
                "f1-score": 1.0,
                "support": 696
            },
            "4": {
                "precision": 1.0,
                "recall": 1.0,
                "f1-score": 1.0,
                "support": 1888
            },
            "accuracy": 0.9998417220639443,
            "macro avg": {
                "precision": 0.9998860398860397,
                "recall": 0.9998509687034277,
                "f1-score": 0.9998684602832162,
                "support": 6318
            },
            "weighted avg": {
                "precision": 0.9998418122508025,
                "recall": 0.9998417220639443,
                "f1-score": 0.9998417151206369,
                "support": 6318
            },
            "score": 0.9998417220639443
        },
        "val": {
            "0": {
                "precision": 0.7860169491525424,
                "recall": 0.8451025056947609,
                "f1-score": 0.814489571899012,
                "support": 439
            },
            "1": {
                "precision": 0.6862745098039216,
                "recall": 0.65625,
                "f1-score": 0.670926517571885,
                "support": 160
            },
            "2": {
                "precision": 0.7054545454545454,
                "recall": 0.5791044776119403,
                "f1-score": 0.6360655737704917,
                "support": 335
            },
            "3": {
                "precision": 0.5486111111111112,
                "recall": 0.4540229885057471,
                "f1-score": 0.4968553459119497,
                "support": 174
            },
            "4": {
                "precision": 0.7014925373134329,
                "recall": 0.7966101694915254,
                "f1-score": 0.746031746031746,
                "support": 472
            },
            "accuracy": 0.7120253164556962,
            "macro avg": {
                "precision": 0.6855699305671107,
                "recall": 0.6662180282607948,
                "f1-score": 0.672873751037017,
                "support": 1580
            },
            "weighted avg": {
                "precision": 0.7074401556450253,
                "recall": 0.7120253164556962,
                "f1-score": 0.7066904724075608,
                "support": 1580
            },
            "score": 0.7120253164556962
        },
        "test": {
            "0": {
                "precision": 0.7768166089965398,
                "recall": 0.8193430656934306,
                "f1-score": 0.797513321492007,
                "support": 548
            },
            "1": {
                "precision": 0.6486486486486487,
                "recall": 0.6,
                "f1-score": 0.6233766233766234,
                "support": 200
            },
            "2": {
                "precision": 0.6463768115942029,
                "recall": 0.530952380952381,
                "f1-score": 0.5830065359477125,
                "support": 420
            },
            "3": {
                "precision": 0.5523255813953488,
                "recall": 0.4377880184331797,
                "f1-score": 0.4884318766066838,
                "support": 217
            },
            "4": {
                "precision": 0.6388489208633094,
                "recall": 0.752542372881356,
                "f1-score": 0.6910505836575875,
                "support": 590
            },
            "accuracy": 0.6739240506329114,
            "macro avg": {
                "precision": 0.6526033142996099,
                "recall": 0.6281251675920695,
                "f1-score": 0.6366757882161229,
                "support": 1975
            },
            "weighted avg": {
                "precision": 0.6702172186336922,
                "recall": 0.6739240506329114,
                "f1-score": 0.6684986995101826,
                "support": 1975
            },
            "score": 0.6739240506329114
        }
    }
}
