{
    "program": "bin/ensemble.py",
    "single_program": "/slot/sandbox/d/in/script/0_script_unpacked/pretrains/bin/finetune___c717cf973dd547c585115cc0c2c89877.py",
    "config": {
        "seeds": [
            "5",
            "6",
            "7",
            "8",
            "9"
        ]
    },
    "prediction_type": "probs",
    "metrics": {
        "train": {
            "0": {
                "precision": 0.8808630393996247,
                "recall": 0.7603238866396761,
                "f1-score": 0.816166883963494,
                "support": 1235
            },
            "1": {
                "precision": 0.808312872676254,
                "recall": 0.8933901918976546,
                "f1-score": 0.8487247951385691,
                "support": 10318
            },
            "2": {
                "precision": 0.7315436241610739,
                "recall": 0.659703240921515,
                "f1-score": 0.6937686069192075,
                "support": 5122
            },
            "3": {
                "precision": 0.834108527131783,
                "recall": 0.6248548199767712,
                "f1-score": 0.7144754316069057,
                "support": 1722
            },
            "4": {
                "precision": 0.9805825242718447,
                "recall": 0.9794637763833428,
                "f1-score": 0.9800228310502282,
                "support": 1753
            },
            "5": {
                "precision": 0.972578505086245,
                "recall": 0.9723634755693124,
                "f1-score": 0.9724709784411277,
                "support": 9046
            },
            "6": {
                "precision": 0.8550143266475645,
                "recall": 0.8211337369290038,
                "f1-score": 0.8377316114542391,
                "support": 1817
            },
            "7": {
                "precision": 0.9545287862119546,
                "recall": 0.9610485508584087,
                "f1-score": 0.9577775733603164,
                "support": 5417
            },
            "8": {
                "precision": 0.9191449814126395,
                "recall": 0.935666982024598,
                "f1-score": 0.9273323956868262,
                "support": 3171
            },
            "accuracy": 0.8785131688593723,
            "macro avg": {
                "precision": 0.8818530207776649,
                "recall": 0.8453276290222536,
                "f1-score": 0.8609412341801016,
                "support": 39601
            },
            "weighted avg": {
                "precision": 0.8779348482400207,
                "recall": 0.8785131688593723,
                "f1-score": 0.8766162725496716,
                "support": 39601
            },
            "logloss": 0.3290557031854635,
            "score": -0.3290557031854635
        },
        "val": {
            "0": {
                "precision": 0.6569037656903766,
                "recall": 0.5097402597402597,
                "f1-score": 0.5740402193784278,
                "support": 308
            },
            "1": {
                "precision": 0.751207729468599,
                "recall": 0.8437984496124031,
                "f1-score": 0.7948156261409274,
                "support": 2580
            },
            "2": {
                "precision": 0.6281714785651793,
                "recall": 0.5604996096799375,
                "f1-score": 0.5924092409240924,
                "support": 1281
            },
            "3": {
                "precision": 0.7263843648208469,
                "recall": 0.5174013921113689,
                "f1-score": 0.6043360433604336,
                "support": 431
            },
            "4": {
                "precision": 0.9767441860465116,
                "recall": 0.958904109589041,
                "f1-score": 0.967741935483871,
                "support": 438
            },
            "5": {
                "precision": 0.9450892857142857,
                "recall": 0.9358974358974359,
                "f1-score": 0.9404709018214127,
                "support": 2262
            },
            "6": {
                "precision": 0.7247706422018348,
                "recall": 0.6960352422907489,
                "f1-score": 0.7101123595505617,
                "support": 454
            },
            "7": {
                "precision": 0.9131064446053584,
                "recall": 0.931314623338257,
                "f1-score": 0.9221206581352834,
                "support": 1354
            },
            "8": {
                "precision": 0.8391777509068924,
                "recall": 0.8751576292559899,
                "f1-score": 0.8567901234567902,
                "support": 793
            },
            "accuracy": 0.8163821836178163,
            "macro avg": {
                "precision": 0.7957284053355429,
                "recall": 0.7587498612794935,
                "f1-score": 0.7736485675835333,
                "support": 9901
            },
            "weighted avg": {
                "precision": 0.8135206038723303,
                "recall": 0.8163821836178163,
                "f1-score": 0.8128842413128565,
                "support": 9901
            },
            "logloss": 0.4738090009265596,
            "score": -0.4738090009265596
        },
        "test": {
            "0": {
                "precision": 0.6688524590163935,
                "recall": 0.5284974093264249,
                "f1-score": 0.5904486251808972,
                "support": 386
            },
            "1": {
                "precision": 0.7534516765285996,
                "recall": 0.8294044665012407,
                "f1-score": 0.7896057876864018,
                "support": 3224
            },
            "2": {
                "precision": 0.6021052631578947,
                "recall": 0.5359150530918176,
                "f1-score": 0.5670852610707205,
                "support": 1601
            },
            "3": {
                "precision": 0.7030878859857482,
                "recall": 0.550185873605948,
                "f1-score": 0.6173096976016683,
                "support": 538
            },
            "4": {
                "precision": 0.9744525547445255,
                "recall": 0.9744525547445255,
                "f1-score": 0.9744525547445255,
                "support": 548
            },
            "5": {
                "precision": 0.9469964664310954,
                "recall": 0.948001414927485,
                "f1-score": 0.9474986742089446,
                "support": 2827
            },
            "6": {
                "precision": 0.7518796992481203,
                "recall": 0.704225352112676,
                "f1-score": 0.7272727272727273,
                "support": 568
            },
            "7": {
                "precision": 0.9107763615295481,
                "recall": 0.928529238038984,
                "f1-score": 0.9195671248903189,
                "support": 1693
            },
            "8": {
                "precision": 0.8403846153846154,
                "recall": 0.8819374369323916,
                "f1-score": 0.860659773510586,
                "support": 991
            },
            "accuracy": 0.8154492566257272,
            "macro avg": {
                "precision": 0.7946652202251712,
                "recall": 0.7645720888090548,
                "f1-score": 0.7771000251296434,
                "support": 12376
            },
            "weighted avg": {
                "precision": 0.8114519454568498,
                "recall": 0.8154492566257272,
                "f1-score": 0.8119771322052846,
                "support": 12376
            },
            "logloss": 0.47157301567726667,
            "score": -0.47157301567726667
        }
    }
}
