{
    "program": "bin/ensemble.py",
    "single_program": "/slot/sandbox/d/in/script/0_script_unpacked/pretrains/bin/pretrain_ae_supervised_ddp___cc0656caf83047a2833bbba074cf6d00.py",
    "config": {
        "seeds": [
            "10",
            "11",
            "12",
            "13",
            "14"
        ]
    },
    "prediction_type": null,
    "metrics": {
        "train": {
            "rmse": 0.7050245309616656,
            "score": -0.7050245309616656
        },
        "val": {
            "rmse": 0.7405361144847943,
            "score": -0.7405361144847943
        },
        "test": {
            "rmse": 0.7438419016139701,
            "score": -0.7438419016139701
        }
    }
}
