{
    "program": "bin/ensemble.py",
    "single_program": "/slot/sandbox/d/in/script/0_script_unpacked/pretrains/bin/pretrain_ae_ddp___4ce092882a194b96b614163477ac64cc.py",
    "config": {
        "seeds": [
            "0",
            "1",
            "2",
            "3",
            "4"
        ]
    },
    "prediction_type": null,
    "metrics": {
        "train": {
            "rmse": 1.583943181774838,
            "score": -1.583943181774838
        },
        "val": {
            "rmse": 1.8265472166302317,
            "score": -1.8265472166302317
        },
        "test": {
            "rmse": 1.8276694873370314,
            "score": -1.8276694873370314
        }
    }
}
