{
    "program": "bin/ensemble.py",
    "single_program": "/slot/sandbox/d/in/script/0_script_unpacked/pretrains/bin/pretrain_ae___48ce8862b39f4e31b8e2159daaf8290a.py",
    "config": {
        "seeds": [
            "0",
            "1",
            "2",
            "3",
            "4"
        ]
    },
    "prediction_type": "probs",
    "metrics": {
        "train": {
            "0": {
                "precision": 0.9101211030591897,
                "recall": 0.9462958280657395,
                "f1-score": 0.9278560095200317,
                "support": 19775
            },
            "1": {
                "precision": 0.8064516129032258,
                "recall": 0.7054041128646581,
                "f1-score": 0.7525510204081632,
                "support": 6273
            },
            "accuracy": 0.8882831695331695,
            "macro avg": {
                "precision": 0.8582863579812077,
                "recall": 0.8258499704651988,
                "f1-score": 0.8402035149640974,
                "support": 26048
            },
            "weighted avg": {
                "precision": 0.8851549362998086,
                "recall": 0.8882831695331695,
                "f1-score": 0.8856382501258843,
                "support": 26048
            },
            "roc_auc": 0.9455087896011704,
            "score": 0.9455087896011704
        },
        "val": {
            "0": {
                "precision": 0.8996116504854369,
                "recall": 0.9369059656218403,
                "f1-score": 0.9178801386825162,
                "support": 4945
            },
            "1": {
                "precision": 0.7710931768158474,
                "recall": 0.670280612244898,
                "f1-score": 0.7171613783691573,
                "support": 1568
            },
            "accuracy": 0.8727161062490404,
            "macro avg": {
                "precision": 0.8353524136506422,
                "recall": 0.8035932889333691,
                "f1-score": 0.8175207585258367,
                "support": 6513
            },
            "weighted avg": {
                "precision": 0.8686709216793697,
                "recall": 0.8727161062490404,
                "f1-score": 0.8695572435233965,
                "support": 6513
            },
            "roc_auc": 0.9314594467716308,
            "score": 0.9314594467716308
        },
        "test": {
            "0": {
                "precision": 0.8997061552737395,
                "recall": 0.9356654603940491,
                "f1-score": 0.9173335435802421,
                "support": 12435
            },
            "1": {
                "precision": 0.7611227232009555,
                "recall": 0.6627665106604265,
                "f1-score": 0.7085476025017373,
                "support": 3846
            },
            "accuracy": 0.871199557766722,
            "macro avg": {
                "precision": 0.8304144392373476,
                "recall": 0.7992159855272378,
                "f1-score": 0.8129405730409898,
                "support": 16281
            },
            "weighted avg": {
                "precision": 0.8669691071961075,
                "recall": 0.871199557766722,
                "f1-score": 0.8680128182324177,
                "support": 16281
            },
            "roc_auc": 0.9283817713786156,
            "score": 0.9283817713786156
        }
    }
}
