{
    "program": "bin/ensemble.py",
    "single_program": "/slot/sandbox/d/in/script/0_script_unpacked/pretrains/bin/pretrain_mask___d3ece6cbfda14658810fdcd373246fb8.py",
    "config": {
        "seeds": [
            "10",
            "11",
            "12",
            "13",
            "14"
        ]
    },
    "prediction_type": "probs",
    "metrics": {
        "train": {
            "0": {
                "precision": 0.8182063476002563,
                "recall": 0.8200594956392401,
                "f1-score": 0.8191318735121811,
                "support": 29582
            },
            "1": {
                "precision": 0.8391940064044469,
                "recall": 0.8374988694262715,
                "f1-score": 0.8383455810233739,
                "support": 33169
            },
            "accuracy": 0.8292776210737678,
            "macro avg": {
                "precision": 0.8287001770023517,
                "recall": 0.8287791825327557,
                "f1-score": 0.8287387272677775,
                "support": 62751
            },
            "weighted avg": {
                "precision": 0.8293000298503591,
                "recall": 0.8292776210737678,
                "f1-score": 0.8292878784274613,
                "support": 62751
            },
            "roc_auc": 0.9129365399368314,
            "score": 0.9129365399368314
        },
        "val": {
            "0": {
                "precision": 0.7608309416427498,
                "recall": 0.7527041644131963,
                "f1-score": 0.7567457350642288,
                "support": 7396
            },
            "1": {
                "precision": 0.7815075857125792,
                "recall": 0.7889532079112398,
                "f1-score": 0.7852127468042971,
                "support": 8292
            },
            "accuracy": 0.7718638449770525,
            "macro avg": {
                "precision": 0.7711692636776645,
                "recall": 0.770828686162218,
                "f1-score": 0.770979240934263,
                "support": 15688
            },
            "weighted avg": {
                "precision": 0.7717597236816984,
                "recall": 0.7718638449770525,
                "f1-score": 0.7717921693674317,
                "support": 15688
            },
            "roc_auc": 0.8587197284904136,
            "score": 0.8587197284904136
        },
        "test": {
            "0": {
                "precision": 0.7557851684425788,
                "recall": 0.759545700378583,
                "f1-score": 0.7576607682347863,
                "support": 9245
            },
            "1": {
                "precision": 0.7845721484639985,
                "recall": 0.781090207428847,
                "f1-score": 0.7828273061303422,
                "support": 10365
            },
            "accuracy": 0.7709331973482917,
            "macro avg": {
                "precision": 0.7701786584532886,
                "recall": 0.770317953903715,
                "f1-score": 0.7702440371825643,
                "support": 19610
            },
            "weighted avg": {
                "precision": 0.7710007241754709,
                "recall": 0.7709331973482917,
                "f1-score": 0.7709627144503619,
                "support": 19610
            },
            "roc_auc": 0.855134888625734,
            "score": 0.855134888625734
        }
    }
}
