{
    "program": "bin/ensemble.py",
    "single_program": "/slot/sandbox/d/in/script/0_script_unpacked/pretrains/bin/pretrain_ae___84db600b38814112bd4a0c7999fa98ed.py",
    "config": {
        "seeds": [
            "5",
            "6",
            "7",
            "8",
            "9"
        ]
    },
    "prediction_type": null,
    "metrics": {
        "train": {
            "rmse": 11029.937754676019,
            "score": -11029.937754676019
        },
        "val": {
            "rmse": 27371.263327397613,
            "score": -27371.263327397613
        },
        "test": {
            "rmse": 29319.760653119152,
            "score": -29319.760653119152
        }
    }
}
