{
    "program": "/slot/sandbox/d/in/script/0_script_unpacked/pretrains/bin/archive/xgboost____714e90a0d92e416599c3d7e6f7e3810d.py",
    "environment": {
        "CUDA_VISIBLE_DEVICES": "0",
        "gpus": {
            "driver": "450.119.04",
            "devices": [
                {
                    "name": "A100-SXM-80GB",
                    "memory_total": 85199093760,
                    "memory_free": 85195948032,
                    "memory_used": 3145728,
                    "utilization": 0
                }
            ]
        },
        "torch.version.cuda": "11.1",
        "torch.backends.cudnn.version()": 8005,
        "torch.cuda.nccl.version()": [
            2,
            10,
            3
        ]
    },
    "config": {
        "seed": 4,
        "data": {
            "path": "data/adult_roc",
            "T": {
                "seed": 0,
                "normalization": null,
                "num_nan_policy": null,
                "cat_nan_policy": null,
                "cat_min_frequency": null,
                "cat_encoding": "one-hot",
                "y_policy": "default"
            },
            "T_cache": false
        },
        "xgboost": {
            "booster": "gbtree",
            "n_estimators": 2000,
            "n_jobs": 1,
            "tree_method": "gpu_hist",
            "colsample_bytree": 0.8665261517914613,
            "gamma": 0.6707889513142046,
            "lambda": 1.002808444898153,
            "learning_rate": 0.039294037989220175,
            "max_depth": 6,
            "min_child_weight": 0.0003127588574756309,
            "subsample": 0.9661507487647305,
            "random_state": 4
        },
        "xgboost_fit": {
            "early_stopping_rounds": 50,
            "verbose": true
        }
    },
    "prediction_type": "probs",
    "metrics": {
        "train": {
            "0": {
                "precision": 0.9009546539379475,
                "recall": 0.95448798988622,
                "f1-score": 0.9269490484960099,
                "support": 19775
            },
            "1": {
                "precision": 0.8234601804629267,
                "recall": 0.6692172804080982,
                "f1-score": 0.7383695365403219,
                "support": 6273
            },
            "accuracy": 0.8857877764127764,
            "macro avg": {
                "precision": 0.862207417200437,
                "recall": 0.8118526351471591,
                "f1-score": 0.832659292518166,
                "support": 26048
            },
            "weighted avg": {
                "precision": 0.8822920759239423,
                "recall": 0.8857877764127764,
                "f1-score": 0.88153445703033,
                "support": 26048
            },
            "roc_auc": 0.942882423276527,
            "score": 0.942882423276527
        },
        "val": {
            "0": {
                "precision": 0.8896079177769318,
                "recall": 0.9451971688574318,
                "f1-score": 0.9165604471026572,
                "support": 4945
            },
            "1": {
                "precision": 0.7847498014297061,
                "recall": 0.6301020408163265,
                "f1-score": 0.6989741775733993,
                "support": 1568
            },
            "accuracy": 0.8693382465837556,
            "macro avg": {
                "precision": 0.837178859603319,
                "recall": 0.7876496048368791,
                "f1-score": 0.8077673123380282,
                "support": 6513
            },
            "weighted avg": {
                "precision": 0.8643634027404739,
                "recall": 0.8693382465837556,
                "f1-score": 0.8641767114014632,
                "support": 6513
            },
            "roc_auc": 0.9279249680155175,
            "score": 0.9279249680155175
        },
        "test": {
            "0": {
                "precision": 0.8936073405626753,
                "recall": 0.9476477683956575,
                "f1-score": 0.919834517211771,
                "support": 12435
            },
            "1": {
                "precision": 0.7895927601809954,
                "recall": 0.6352054082163286,
                "f1-score": 0.7040345821325649,
                "support": 3846
            },
            "accuracy": 0.8738406731773233,
            "macro avg": {
                "precision": 0.8416000503718354,
                "recall": 0.791426588305993,
                "f1-score": 0.8119345496721679,
                "support": 16281
            },
            "weighted avg": {
                "precision": 0.8690363635865718,
                "recall": 0.8738406731773233,
                "f1-score": 0.8688569021810834,
                "support": 16281
            },
            "roc_auc": 0.9258989177419932,
            "score": 0.9258989177419932
        }
    },
    "time": "0:00:02"
}
