{
    "program": "bin/ensemble.py",
    "single_program": "/slot/sandbox/d/in/script/0_script_unpacked/pretrains/bin/pretrain_ae___94bf34cd903b4e7492eacd2991b7b811.py",
    "config": {
        "seeds": [
            "10",
            "11",
            "12",
            "13",
            "14"
        ]
    },
    "prediction_type": "probs",
    "metrics": {
        "train": {
            "0": {
                "precision": 0.8638838475499092,
                "recall": 0.7708502024291498,
                "f1-score": 0.81471972614463,
                "support": 1235
            },
            "1": {
                "precision": 0.805589626774137,
                "recall": 0.8911610777282419,
                "f1-score": 0.84621755935947,
                "support": 10318
            },
            "2": {
                "precision": 0.7264293419633225,
                "recall": 0.6573604060913706,
                "f1-score": 0.690171159167777,
                "support": 5122
            },
            "3": {
                "precision": 0.8531300160513644,
                "recall": 0.6173054587688734,
                "f1-score": 0.7163072776280324,
                "support": 1722
            },
            "4": {
                "precision": 0.9777524244152881,
                "recall": 0.9777524244152881,
                "f1-score": 0.977752424415288,
                "support": 1753
            },
            "5": {
                "precision": 0.9720534629404617,
                "recall": 0.9728056599602034,
                "f1-score": 0.9724294159898337,
                "support": 9046
            },
            "6": {
                "precision": 0.8469330332020258,
                "recall": 0.8282883874518437,
                "f1-score": 0.8375069560378409,
                "support": 1817
            },
            "7": {
                "precision": 0.953471331745741,
                "recall": 0.960863946834041,
                "f1-score": 0.957153365207797,
                "support": 5417
            },
            "8": {
                "precision": 0.9320050600885516,
                "recall": 0.9293598233995585,
                "f1-score": 0.9306805621348492,
                "support": 3171
            },
            "accuracy": 0.8774525895810712,
            "macro avg": {
                "precision": 0.881249793858978,
                "recall": 0.84508304300873,
                "f1-score": 0.860326494009502,
                "support": 39601
            },
            "weighted avg": {
                "precision": 0.8771305394977714,
                "recall": 0.8774525895810712,
                "f1-score": 0.8755946548475413,
                "support": 39601
            },
            "logloss": 0.332664830367421,
            "score": -0.332664830367421
        },
        "val": {
            "0": {
                "precision": 0.6775510204081633,
                "recall": 0.538961038961039,
                "f1-score": 0.6003616636528029,
                "support": 308
            },
            "1": {
                "precision": 0.7531929582326544,
                "recall": 0.8457364341085272,
                "f1-score": 0.7967865619864889,
                "support": 2580
            },
            "2": {
                "precision": 0.6273127753303964,
                "recall": 0.555815768930523,
                "f1-score": 0.5894039735099337,
                "support": 1281
            },
            "3": {
                "precision": 0.7483221476510067,
                "recall": 0.5174013921113689,
                "f1-score": 0.6117969821673525,
                "support": 431
            },
            "4": {
                "precision": 0.9767981438515081,
                "recall": 0.9611872146118722,
                "f1-score": 0.9689298043728424,
                "support": 438
            },
            "5": {
                "precision": 0.9490388913723737,
                "recall": 0.9385499557913352,
                "f1-score": 0.9437652811735942,
                "support": 2262
            },
            "6": {
                "precision": 0.7133620689655172,
                "recall": 0.7290748898678414,
                "f1-score": 0.7211328976034858,
                "support": 454
            },
            "7": {
                "precision": 0.9154624277456648,
                "recall": 0.9357459379615952,
                "f1-score": 0.9254930606281957,
                "support": 1354
            },
            "8": {
                "precision": 0.8555555555555555,
                "recall": 0.8738965952080706,
                "f1-score": 0.8646288209606987,
                "support": 793
            },
            "accuracy": 0.8199171800828199,
            "macro avg": {
                "precision": 0.8018439987903156,
                "recall": 0.766263247505797,
                "f1-score": 0.7802554495617104,
                "support": 9901
            },
            "weighted avg": {
                "precision": 0.817539610007735,
                "recall": 0.8199171800828199,
                "f1-score": 0.8165521287410289,
                "support": 9901
            },
            "logloss": 0.4686174527538398,
            "score": -0.4686174527538398
        },
        "test": {
            "0": {
                "precision": 0.667741935483871,
                "recall": 0.5362694300518135,
                "f1-score": 0.5948275862068966,
                "support": 386
            },
            "1": {
                "precision": 0.7565314063368538,
                "recall": 0.8442928039702233,
                "f1-score": 0.7980064497214893,
                "support": 3224
            },
            "2": {
                "precision": 0.6135231316725979,
                "recall": 0.5384134915677702,
                "f1-score": 0.573519627411843,
                "support": 1601
            },
            "3": {
                "precision": 0.7346938775510204,
                "recall": 0.5353159851301115,
                "f1-score": 0.6193548387096774,
                "support": 538
            },
            "4": {
                "precision": 0.9742173112338858,
                "recall": 0.9653284671532847,
                "f1-score": 0.9697525206232813,
                "support": 548
            },
            "5": {
                "precision": 0.9462897526501767,
                "recall": 0.9472939511850018,
                "f1-score": 0.9467915856461021,
                "support": 2827
            },
            "6": {
                "precision": 0.7368421052631579,
                "recall": 0.7147887323943662,
                "f1-score": 0.7256478999106346,
                "support": 568
            },
            "7": {
                "precision": 0.914103308183401,
                "recall": 0.9303012404016539,
                "f1-score": 0.9221311475409837,
                "support": 1693
            },
            "8": {
                "precision": 0.85546875,
                "recall": 0.8839556004036327,
                "f1-score": 0.8694789081885856,
                "support": 991
            },
            "accuracy": 0.8195701357466063,
            "macro avg": {
                "precision": 0.7999346198194405,
                "recall": 0.7662177446953176,
                "f1-score": 0.7799456182177216,
                "support": 12376
            },
            "weighted avg": {
                "precision": 0.8158715615828426,
                "recall": 0.8195701357466063,
                "f1-score": 0.8158361264353762,
                "support": 12376
            },
            "logloss": 0.4635813041366011,
            "score": -0.4635813041366011
        }
    }
}
