{
    "program": "bin/ensemble.py",
    "single_program": "/slot/sandbox/d/in/script/0_script_unpacked/pretrains/bin/pretrain_mask_supervised___6b32260c63124c239794dbdc6c322dd8.py",
    "config": {
        "seeds": [
            "0",
            "1",
            "2",
            "3",
            "4"
        ]
    },
    "prediction_type": "probs",
    "metrics": {
        "train": {
            "0": {
                "precision": 0.9982905982905983,
                "recall": 0.9988597491448119,
                "f1-score": 0.9985750926189798,
                "support": 1754
            },
            "1": {
                "precision": 1.0,
                "recall": 1.0,
                "f1-score": 1.0,
                "support": 638
            },
            "2": {
                "precision": 1.0,
                "recall": 0.9977645305514158,
                "f1-score": 0.9988810145468109,
                "support": 1342
            },
            "3": {
                "precision": 1.0,
                "recall": 1.0,
                "f1-score": 1.0,
                "support": 696
            },
            "4": {
                "precision": 0.9989417989417989,
                "recall": 1.0,
                "f1-score": 0.9994706193753309,
                "support": 1888
            },
            "accuracy": 0.9992086103197214,
            "macro avg": {
                "precision": 0.9994464794464795,
                "recall": 0.9993248559392456,
                "f1-score": 0.9993853453082243,
                "support": 6318
            },
            "weighted avg": {
                "precision": 0.9992092158600547,
                "recall": 0.9992086103197214,
                "f1-score": 0.9992085412086318,
                "support": 6318
            },
            "score": 0.9992086103197214
        },
        "val": {
            "0": {
                "precision": 0.7524950099800399,
                "recall": 0.8587699316628702,
                "f1-score": 0.8021276595744681,
                "support": 439
            },
            "1": {
                "precision": 0.7751937984496124,
                "recall": 0.625,
                "f1-score": 0.6920415224913495,
                "support": 160
            },
            "2": {
                "precision": 0.75,
                "recall": 0.6447761194029851,
                "f1-score": 0.6934189406099518,
                "support": 335
            },
            "3": {
                "precision": 0.6612903225806451,
                "recall": 0.47126436781609193,
                "f1-score": 0.5503355704697986,
                "support": 174
            },
            "4": {
                "precision": 0.7100371747211895,
                "recall": 0.809322033898305,
                "f1-score": 0.7564356435643563,
                "support": 472
            },
            "accuracy": 0.7322784810126582,
            "macro avg": {
                "precision": 0.7298032611462973,
                "recall": 0.6818264905560504,
                "f1-score": 0.6988718673419848,
                "support": 1580
            },
            "weighted avg": {
                "precision": 0.7315369491965881,
                "recall": 0.7322784810126582,
                "f1-score": 0.7265519267596596,
                "support": 1580
            },
            "score": 0.7322784810126582
        },
        "test": {
            "0": {
                "precision": 0.762063227953411,
                "recall": 0.8357664233576643,
                "f1-score": 0.7972149695387294,
                "support": 548
            },
            "1": {
                "precision": 0.7300613496932515,
                "recall": 0.595,
                "f1-score": 0.6556473829201102,
                "support": 200
            },
            "2": {
                "precision": 0.657608695652174,
                "recall": 0.5761904761904761,
                "f1-score": 0.6142131979695431,
                "support": 420
            },
            "3": {
                "precision": 0.6265822784810127,
                "recall": 0.45622119815668205,
                "f1-score": 0.528,
                "support": 217
            },
            "4": {
                "precision": 0.67007299270073,
                "recall": 0.7779661016949152,
                "f1-score": 0.72,
                "support": 590
            },
            "accuracy": 0.6972151898734177,
            "macro avg": {
                "precision": 0.6892777088961157,
                "recall": 0.6482288398799476,
                "f1-score": 0.6630151100856766,
                "support": 1975
            },
            "weighted avg": {
                "precision": 0.694243033496123,
                "recall": 0.6972151898734177,
                "f1-score": 0.6913158597663058,
                "support": 1975
            },
            "score": 0.6972151898734177
        }
    }
}
