{
    "program": "bin/ensemble.py",
    "single_program": "/slot/sandbox/d/in/script/0_script_unpacked/pretrains/bin/pretrain_ae___d0c94bd154bd44d2a4b30eedaa51358d.py",
    "config": {
        "seeds": [
            "5",
            "6",
            "7",
            "8",
            "9"
        ]
    },
    "prediction_type": "probs",
    "metrics": {
        "train": {
            "0": {
                "precision": 0.9870349492671928,
                "recall": 0.9982896237172177,
                "f1-score": 0.9926303854875284,
                "support": 1754
            },
            "1": {
                "precision": 0.9937205651491365,
                "recall": 0.9921630094043887,
                "f1-score": 0.9929411764705882,
                "support": 638
            },
            "2": {
                "precision": 1.0,
                "recall": 0.9895678092399404,
                "f1-score": 0.9947565543071161,
                "support": 1342
            },
            "3": {
                "precision": 1.0,
                "recall": 0.9942528735632183,
                "f1-score": 0.9971181556195965,
                "support": 696
            },
            "4": {
                "precision": 0.9978802331743508,
                "recall": 0.9973516949152542,
                "f1-score": 0.997615894039735,
                "support": 1888
            },
            "accuracy": 0.9950933839822729,
            "macro avg": {
                "precision": 0.9957271495181359,
                "recall": 0.994325002168004,
                "f1-score": 0.9950124331849128,
                "support": 6318
            },
            "weighted avg": {
                "precision": 0.9951330962033839,
                "recall": 0.9950933839822729,
                "f1-score": 0.9950975794352278,
                "support": 6318
            },
            "score": 0.9950933839822729
        },
        "val": {
            "0": {
                "precision": 0.7524950099800399,
                "recall": 0.8587699316628702,
                "f1-score": 0.8021276595744681,
                "support": 439
            },
            "1": {
                "precision": 0.7266187050359713,
                "recall": 0.63125,
                "f1-score": 0.6755852842809364,
                "support": 160
            },
            "2": {
                "precision": 0.6990291262135923,
                "recall": 0.6447761194029851,
                "f1-score": 0.670807453416149,
                "support": 335
            },
            "3": {
                "precision": 0.6896551724137931,
                "recall": 0.5747126436781609,
                "f1-score": 0.6269592476489029,
                "support": 174
            },
            "4": {
                "precision": 0.7366255144032922,
                "recall": 0.7584745762711864,
                "f1-score": 0.7473903966597076,
                "support": 472
            },
            "accuracy": 0.7291139240506329,
            "macro avg": {
                "precision": 0.7208847056093377,
                "recall": 0.6935966542030405,
                "f1-score": 0.7045740083160328,
                "support": 1580
            },
            "weighted avg": {
                "precision": 0.7268774064980382,
                "recall": 0.7291139240506329,
                "f1-score": 0.7258274438271153,
                "support": 1580
            },
            "score": 0.7291139240506329
        },
        "test": {
            "0": {
                "precision": 0.7589743589743589,
                "recall": 0.8102189781021898,
                "f1-score": 0.7837599293909973,
                "support": 548
            },
            "1": {
                "precision": 0.6519337016574586,
                "recall": 0.59,
                "f1-score": 0.6194225721784776,
                "support": 200
            },
            "2": {
                "precision": 0.670076726342711,
                "recall": 0.6238095238095238,
                "f1-score": 0.6461159062885327,
                "support": 420
            },
            "3": {
                "precision": 0.622093023255814,
                "recall": 0.4930875576036866,
                "f1-score": 0.5501285347043702,
                "support": 217
            },
            "4": {
                "precision": 0.6873065015479877,
                "recall": 0.752542372881356,
                "f1-score": 0.7184466019417476,
                "support": 590
            },
            "accuracy": 0.6962025316455697,
            "macro avg": {
                "precision": 0.6780768623556659,
                "recall": 0.6539316864793513,
                "f1-score": 0.663574708900825,
                "support": 1975
            },
            "weighted avg": {
                "precision": 0.6927807271256726,
                "recall": 0.6962025316455697,
                "f1-score": 0.6926658347137343,
                "support": 1975
            },
            "score": 0.6962025316455697
        }
    }
}
