{
    "program": "bin/ensemble.py",
    "single_program": "/slot/sandbox/d/in/script/0_script_unpacked/pretrains/bin/pretrain_ae___ee380b68f7c54f62aef0e1ab3f29ca68.py",
    "config": {
        "seeds": [
            "5",
            "6",
            "7",
            "8",
            "9"
        ]
    },
    "prediction_type": "probs",
    "metrics": {
        "train": {
            "0": {
                "precision": 0.8950651256650156,
                "recall": 0.9574175824175825,
                "f1-score": 0.9251919977244715,
                "support": 5096
            },
            "1": {
                "precision": 0.7713382507903056,
                "recall": 0.5613496932515337,
                "f1-score": 0.6498002663115846,
                "support": 1304
            },
            "accuracy": 0.87671875,
            "macro avg": {
                "precision": 0.8332016882276606,
                "recall": 0.7593836378345581,
                "f1-score": 0.787496132018028,
                "support": 6400
            },
            "weighted avg": {
                "precision": 0.8698557749092934,
                "recall": 0.87671875,
                "f1-score": 0.8690809324490957,
                "support": 6400
            },
            "roc_auc": 0.8920576164632913,
            "score": 0.8920576164632913
        },
        "val": {
            "0": {
                "precision": 0.8888888888888888,
                "recall": 0.9544740973312402,
                "f1-score": 0.9205147615442847,
                "support": 1274
            },
            "1": {
                "precision": 0.75,
                "recall": 0.5337423312883436,
                "f1-score": 0.6236559139784946,
                "support": 326
            },
            "accuracy": 0.86875,
            "macro avg": {
                "precision": 0.8194444444444444,
                "recall": 0.7441082143097919,
                "f1-score": 0.7720853377613897,
                "support": 1600
            },
            "weighted avg": {
                "precision": 0.8605902777777777,
                "recall": 0.86875,
                "f1-score": 0.8600297713527548,
                "support": 1600
            },
            "roc_auc": 0.8727836580597317,
            "score": 0.8727836580597317
        },
        "test": {
            "0": {
                "precision": 0.8830409356725146,
                "recall": 0.9478970495919649,
                "f1-score": 0.9143203148652741,
                "support": 1593
            },
            "1": {
                "precision": 0.7137931034482758,
                "recall": 0.5085995085995086,
                "f1-score": 0.5939741750358679,
                "support": 407
            },
            "accuracy": 0.8585,
            "macro avg": {
                "precision": 0.7984170195603952,
                "recall": 0.7282482790957368,
                "f1-score": 0.7541472449505711,
                "support": 2000
            },
            "weighted avg": {
                "precision": 0.848599001814882,
                "recall": 0.8585,
                "f1-score": 0.84912987540999,
                "support": 2000
            },
            "roc_auc": 0.8606449284415387,
            "score": 0.8606449284415387
        }
    }
}
