{
    "program": "bin/ensemble.py",
    "single_program": "/slot/sandbox/d/in/script/0_script_unpacked/pretrains/bin/pretrain_ae_pretrain_es___93b602ccb34e44c7a0e4f925d98b6058.py",
    "config": {
        "seeds": [
            "5",
            "6",
            "7",
            "8",
            "9"
        ]
    },
    "prediction_type": null,
    "metrics": {
        "train": {
            "rmse": 0.7090095633575453,
            "score": -0.7090095633575453
        },
        "val": {
            "rmse": 0.7404096199811369,
            "score": -0.7404096199811369
        },
        "test": {
            "rmse": 0.7443116709479201,
            "score": -0.7443116709479201
        }
    }
}
