{
    "program": "bin/ensemble.py",
    "single_program": "/slot/sandbox/d/in/script/0_script_unpacked/pretrains/bin/pretrain_ae___e990733cd2cb43558488135cc5cf84d8.py",
    "config": {
        "seeds": [
            "5",
            "6",
            "7",
            "8",
            "9"
        ]
    },
    "prediction_type": "probs",
    "metrics": {
        "train": {
            "0": {
                "precision": 0.8979007633587787,
                "recall": 0.7619433198380566,
                "f1-score": 0.8243539202803328,
                "support": 1235
            },
            "1": {
                "precision": 0.8052674303238027,
                "recall": 0.8652839697615817,
                "f1-score": 0.834197617379117,
                "support": 10318
            },
            "2": {
                "precision": 0.6867641088103938,
                "recall": 0.6604841858648965,
                "f1-score": 0.6733678343949044,
                "support": 5122
            },
            "3": {
                "precision": 0.8407494145199064,
                "recall": 0.6254355400696864,
                "f1-score": 0.7172827172827172,
                "support": 1722
            },
            "4": {
                "precision": 0.9767309875141884,
                "recall": 0.9817455790074159,
                "f1-score": 0.9792318634423897,
                "support": 1753
            },
            "5": {
                "precision": 0.9732448866777225,
                "recall": 0.9731372982533717,
                "f1-score": 0.9731910894920125,
                "support": 9046
            },
            "6": {
                "precision": 0.8475980121479846,
                "recall": 0.844799119427628,
                "f1-score": 0.8461962513781698,
                "support": 1817
            },
            "7": {
                "precision": 0.9650064802814293,
                "recall": 0.9621561750046151,
                "f1-score": 0.9635792198188204,
                "support": 5417
            },
            "8": {
                "precision": 0.9225308641975308,
                "recall": 0.9426048565121413,
                "f1-score": 0.9324598346591796,
                "support": 3171
            },
            "accuracy": 0.8734375394560744,
            "macro avg": {
                "precision": 0.8795325497590819,
                "recall": 0.8463988937488215,
                "f1-score": 0.8604289275697382,
                "support": 39601
            },
            "weighted avg": {
                "precision": 0.8735154863282748,
                "recall": 0.8734375394560744,
                "f1-score": 0.8722920230542582,
                "support": 39601
            },
            "logloss": 0.32618643838994216,
            "score": -0.32618643838994216
        },
        "val": {
            "0": {
                "precision": 0.7304347826086957,
                "recall": 0.5454545454545454,
                "f1-score": 0.6245353159851301,
                "support": 308
            },
            "1": {
                "precision": 0.7655122655122655,
                "recall": 0.8224806201550388,
                "f1-score": 0.7929745889387144,
                "support": 2580
            },
            "2": {
                "precision": 0.6084867894315452,
                "recall": 0.5932864949258392,
                "f1-score": 0.600790513833992,
                "support": 1281
            },
            "3": {
                "precision": 0.7547770700636943,
                "recall": 0.5498839907192575,
                "f1-score": 0.636241610738255,
                "support": 431
            },
            "4": {
                "precision": 0.9678899082568807,
                "recall": 0.9634703196347032,
                "f1-score": 0.965675057208238,
                "support": 438
            },
            "5": {
                "precision": 0.952445042620009,
                "recall": 0.9385499557913352,
                "f1-score": 0.9454464484524604,
                "support": 2262
            },
            "6": {
                "precision": 0.7296137339055794,
                "recall": 0.748898678414097,
                "f1-score": 0.7391304347826086,
                "support": 454
            },
            "7": {
                "precision": 0.9279941219691403,
                "recall": 0.9327917282127031,
                "f1-score": 0.9303867403314916,
                "support": 1354
            },
            "8": {
                "precision": 0.8471563981042654,
                "recall": 0.9016393442622951,
                "f1-score": 0.8735491753207085,
                "support": 793
            },
            "accuracy": 0.8231491768508231,
            "macro avg": {
                "precision": 0.809367790274675,
                "recall": 0.7773839641744238,
                "f1-score": 0.7898588761768444,
                "support": 9901
            },
            "weighted avg": {
                "precision": 0.8224104856866368,
                "recall": 0.8231491768508231,
                "f1-score": 0.8212971417554765,
                "support": 9901
            },
            "logloss": 0.45941153053548783,
            "score": -0.45941153053548783
        },
        "test": {
            "0": {
                "precision": 0.6962457337883959,
                "recall": 0.5284974093264249,
                "f1-score": 0.6008836524300442,
                "support": 386
            },
            "1": {
                "precision": 0.7672737785487135,
                "recall": 0.8232009925558312,
                "f1-score": 0.7942540775101002,
                "support": 3224
            },
            "2": {
                "precision": 0.5974801061007957,
                "recall": 0.5627732667083073,
                "f1-score": 0.57960759086523,
                "support": 1601
            },
            "3": {
                "precision": 0.6960556844547564,
                "recall": 0.5576208178438662,
                "f1-score": 0.6191950464396285,
                "support": 538
            },
            "4": {
                "precision": 0.9743119266055046,
                "recall": 0.968978102189781,
                "f1-score": 0.9716376944190303,
                "support": 548
            },
            "5": {
                "precision": 0.9526184538653366,
                "recall": 0.9458790237000354,
                "f1-score": 0.949236776712815,
                "support": 2827
            },
            "6": {
                "precision": 0.7398230088495575,
                "recall": 0.7359154929577465,
                "f1-score": 0.737864077669903,
                "support": 568
            },
            "7": {
                "precision": 0.9171494785631518,
                "recall": 0.93502658003544,
                "f1-score": 0.9260017548990933,
                "support": 1693
            },
            "8": {
                "precision": 0.8531669865642995,
                "recall": 0.8970736629667003,
                "f1-score": 0.8745696015740285,
                "support": 991
            },
            "accuracy": 0.820458952811894,
            "macro avg": {
                "precision": 0.7993472397045012,
                "recall": 0.7727739275871258,
                "f1-score": 0.7836944747244304,
                "support": 12376
            },
            "weighted avg": {
                "precision": 0.8176230161735387,
                "recall": 0.820458952811894,
                "f1-score": 0.8179679210019073,
                "support": 12376
            },
            "logloss": 0.45510513613766357,
            "score": -0.45510513613766357
        }
    }
}
