{
    "program": "bin/ensemble.py",
    "single_program": "/slot/sandbox/d/in/script/0_script_unpacked/pretrains/bin/pretrain_mask___26ecf7c8271e491b99fab82fac5e99af.py",
    "config": {
        "seeds": [
            "5",
            "6",
            "7",
            "8",
            "9"
        ]
    },
    "prediction_type": null,
    "metrics": {
        "train": {
            "rmse": 3.2412045763689052,
            "score": -3.2412045763689052
        },
        "val": {
            "rmse": 5.042441955822812,
            "score": -5.042441955822812
        },
        "test": {
            "rmse": 5.381755751843231,
            "score": -5.381755751843231
        }
    }
}
