{
    "program": "bin/ensemble.py",
    "single_program": "/slot/sandbox/d/in/script/0_script_unpacked/pretrains/bin/pretrain_mask___f4f7c1ddddc6426c861e714f8ee6bdf9.py",
    "config": {
        "seeds": [
            "10",
            "11",
            "12",
            "13",
            "14"
        ]
    },
    "prediction_type": "probs",
    "metrics": {
        "train": {
            "0": {
                "precision": 0.9903846153846154,
                "recall": 0.9982896237172177,
                "f1-score": 0.9943214082907439,
                "support": 1754
            },
            "1": {
                "precision": 0.9984202211690363,
                "recall": 0.9905956112852664,
                "f1-score": 0.994492525570417,
                "support": 638
            },
            "2": {
                "precision": 0.9992509363295881,
                "recall": 0.9940387481371088,
                "f1-score": 0.9966380276428838,
                "support": 1342
            },
            "3": {
                "precision": 1.0,
                "recall": 0.9956896551724138,
                "f1-score": 0.9978401727861772,
                "support": 696
            },
            "4": {
                "precision": 0.9984118581259925,
                "recall": 0.9989406779661016,
                "f1-score": 0.9986761980407731,
                "support": 1888
            },
            "accuracy": 0.9965178854067743,
            "macro avg": {
                "precision": 0.9972935262018465,
                "recall": 0.9955108632556217,
                "f1-score": 0.996393666466199,
                "support": 6318
            },
            "weighted avg": {
                "precision": 0.9965373632774046,
                "recall": 0.9965178854067743,
                "f1-score": 0.9965197272416586,
                "support": 6318
            },
            "score": 0.9965178854067743
        },
        "val": {
            "0": {
                "precision": 0.7485265225933202,
                "recall": 0.8678815489749431,
                "f1-score": 0.8037974683544304,
                "support": 439
            },
            "1": {
                "precision": 0.7132352941176471,
                "recall": 0.60625,
                "f1-score": 0.6554054054054055,
                "support": 160
            },
            "2": {
                "precision": 0.7317073170731707,
                "recall": 0.7164179104477612,
                "f1-score": 0.7239819004524887,
                "support": 335
            },
            "3": {
                "precision": 0.6445783132530121,
                "recall": 0.6149425287356322,
                "f1-score": 0.6294117647058822,
                "support": 174
            },
            "4": {
                "precision": 0.7981859410430839,
                "recall": 0.7457627118644068,
                "f1-score": 0.7710843373493977,
                "support": 472
            },
            "accuracy": 0.7449367088607595,
            "macro avg": {
                "precision": 0.7272466776160468,
                "recall": 0.7102509400045486,
                "f1-score": 0.716736175253521,
                "support": 1580
            },
            "weighted avg": {
                "precision": 0.7447741344146601,
                "recall": 0.7449367088607595,
                "f1-score": 0.7428704711466981,
                "support": 1580
            },
            "score": 0.7449367088607595
        },
        "test": {
            "0": {
                "precision": 0.7737104825291181,
                "recall": 0.8485401459854015,
                "f1-score": 0.8093994778067886,
                "support": 548
            },
            "1": {
                "precision": 0.672514619883041,
                "recall": 0.575,
                "f1-score": 0.6199460916442049,
                "support": 200
            },
            "2": {
                "precision": 0.6945812807881774,
                "recall": 0.6714285714285714,
                "f1-score": 0.6828087167070218,
                "support": 420
            },
            "3": {
                "precision": 0.64,
                "recall": 0.5161290322580645,
                "f1-score": 0.5714285714285714,
                "support": 217
            },
            "4": {
                "precision": 0.7282958199356914,
                "recall": 0.7677966101694915,
                "f1-score": 0.7475247524752475,
                "support": 590
            },
            "accuracy": 0.7225316455696202,
            "macro avg": {
                "precision": 0.7018204406272056,
                "recall": 0.6757788719683058,
                "f1-score": 0.686221522012367,
                "support": 1975
            },
            "weighted avg": {
                "precision": 0.7183771848585606,
                "recall": 0.7225316455696202,
                "f1-score": 0.7186629858958513,
                "support": 1975
            },
            "score": 0.7225316455696202
        }
    }
}
